HourDK;CO2PerMWh
2022-01-01 00:00:00;0.07213457699999999
2022-01-01 02:00:00;0.076243747
2022-01-01 03:00:00;0.079211852
2022-01-01 04:00:00;0.125431059
2022-01-01 05:00:00;0.132954013
2022-01-01 06:00:00;0.15407649799999998
2022-01-01 07:00:00;0.188345825
2022-01-01 08:00:00;0.23217185
2022-01-01 09:00:00;0.26235452800000003
2022-01-01 10:00:00;0.251983285
2022-01-01 11:00:00;0.25018501800000004
2022-01-01 12:00:00;0.256187413
2022-01-01 13:00:00;0.245911551
2022-01-01 14:00:00;0.241190371
2022-01-01 15:00:00;0.232925036
2022-01-01 16:00:00;0.21300682399999998
2022-01-01 17:00:00;0.216588825
2022-01-01 18:00:00;0.20048691400000002
2022-01-01 19:00:00;0.15587141
2022-01-01 20:00:00;0.12896527800000002
2022-01-01 21:00:00;0.10631904900000001
2022-01-01 22:00:00;0.092355799
2022-01-01 23:00:00;0.06737306100000001
2022-01-02 00:00:00;0.071961362
2022-01-02 01:00:00;0.06937676000000001
2022-01-02 02:00:00;0.064768018
2022-01-02 03:00:00;0.12644617
2022-01-02 04:00:00;0.144281969
2022-01-02 05:00:00;0.14351176599999999
2022-01-02 06:00:00;0.152028527
2022-01-02 07:00:00;0.143815112
2022-01-02 08:00:00;0.16009218
2022-01-02 09:00:00;0.16857550699999999
2022-01-02 10:00:00;0.183075885
2022-01-02 11:00:00;0.197642289
2022-01-02 12:00:00;0.173162054
2022-01-02 13:00:00;0.190879881
2022-01-02 14:00:00;0.15325365800000001
2022-01-02 15:00:00;0.18643468100000002
2022-01-02 16:00:00;0.186674005
2022-01-02 17:00:00;0.188658163
2022-01-02 18:00:00;0.142380269
2022-01-02 19:00:00;0.111579305
2022-01-02 20:00:00;0.101847667
2022-01-02 21:00:00;0.077824934
2022-01-02 22:00:00;0.080528086
2022-01-02 23:00:00;0.14449120199999999
2022-01-03 00:00:00;0.154160592
2022-01-03 01:00:00;0.157392524
2022-01-03 02:00:00;0.155845796
2022-01-03 03:00:00;0.14593722
2022-01-03 04:00:00;0.139141916
2022-01-03 05:00:00;0.13888957600000001
2022-01-03 06:00:00;0.13797504
2022-01-03 07:00:00;0.11651743
2022-01-03 08:00:00;0.131437645
2022-01-03 09:00:00;0.116889143
2022-01-03 10:00:00;0.101274849
2022-01-03 11:00:00;0.09683856199999999
2022-01-03 12:00:00;0.103386431
2022-01-03 13:00:00;0.102537949
2022-01-03 14:00:00;0.10658806300000001
2022-01-03 15:00:00;0.120583022
2022-01-03 16:00:00;0.11558586900000001
2022-01-03 17:00:00;0.123237163
2022-01-03 18:00:00;0.114914643
2022-01-03 19:00:00;0.114690061
2022-01-03 20:00:00;0.136600066
2022-01-03 21:00:00;0.172044639
2022-01-03 22:00:00;0.181355499
2022-01-03 23:00:00;0.18307635200000003
2022-01-04 00:00:00;0.206186771
2022-01-04 01:00:00;0.227218254
2022-01-04 02:00:00;0.217849417
2022-01-04 03:00:00;0.198695497
2022-01-04 04:00:00;0.183914511
2022-01-04 05:00:00;0.183623324
2022-01-04 06:00:00;0.195685746
2022-01-04 07:00:00;0.20802505400000001
2022-01-04 08:00:00;0.181652229
2022-01-04 09:00:00;0.19188128299999999
2022-01-04 10:00:00;0.17440307300000002
2022-01-04 11:00:00;0.163570327
2022-01-04 12:00:00;0.173520701
2022-01-04 13:00:00;0.167240056
2022-01-04 14:00:00;0.162639622
2022-01-04 15:00:00;0.16954518400000002
2022-01-04 16:00:00;0.152138154
2022-01-04 17:00:00;0.164398102
2022-01-04 18:00:00;0.1659946
2022-01-04 19:00:00;0.169408262
2022-01-04 20:00:00;0.14173799199999998
2022-01-04 21:00:00;0.14507196
2022-01-04 22:00:00;0.138966614
2022-01-04 23:00:00;0.142907428
2022-01-05 00:00:00;0.080496219
2022-01-05 01:00:00;0.076727115
2022-01-05 02:00:00;0.100361091
2022-01-05 03:00:00;0.110083897
2022-01-05 04:00:00;0.13182290800000002
2022-01-05 05:00:00;0.127653741
2022-01-05 06:00:00;0.12011666
2022-01-05 07:00:00;0.185897567
2022-01-05 08:00:00;0.217476117
2022-01-05 09:00:00;0.250861121
2022-01-05 10:00:00;0.245013455
2022-01-05 11:00:00;0.238230998
2022-01-05 12:00:00;0.221389975
2022-01-05 13:00:00;0.203918229
2022-01-05 14:00:00;0.203219533
2022-01-05 15:00:00;0.231768893
2022-01-05 16:00:00;0.239729924
2022-01-05 17:00:00;0.253547523
2022-01-05 18:00:00;0.245146208
2022-01-05 19:00:00;0.179029644
2022-01-05 20:00:00;0.15249279000000002
2022-01-05 21:00:00;0.149493767
2022-01-05 22:00:00;0.19487300700000001
2022-01-05 23:00:00;0.198932791
2022-01-06 00:00:00;0.138239461
2022-01-06 01:00:00;0.153934437
2022-01-06 02:00:00;0.190896232
2022-01-06 03:00:00;0.216413994
2022-01-06 04:00:00;0.250054366
2022-01-06 05:00:00;0.25454959299999996
2022-01-06 06:00:00;0.27567170399999996
2022-01-06 07:00:00;0.273476105
2022-01-06 08:00:00;0.261662533
2022-01-06 09:00:00;0.249429013
2022-01-06 10:00:00;0.248314313
2022-01-06 11:00:00;0.262537145
2022-01-06 12:00:00;0.263012687
2022-01-06 13:00:00;0.26759006399999996
2022-01-06 14:00:00;0.299365304
2022-01-06 15:00:00;0.275384813
2022-01-06 16:00:00;0.271187314
2022-01-06 17:00:00;0.260108552
2022-01-06 18:00:00;0.260615989
2022-01-06 19:00:00;0.25415408899999997
2022-01-06 20:00:00;0.221227861
2022-01-06 21:00:00;0.211202961
2022-01-06 22:00:00;0.24065938
2022-01-06 23:00:00;0.22909041
2022-01-07 00:00:00;0.21618927
2022-01-07 01:00:00;0.17426673199999998
2022-01-07 02:00:00;0.160321642
2022-01-07 03:00:00;0.14162772899999998
2022-01-07 04:00:00;0.137621897
2022-01-07 05:00:00;0.146822823
2022-01-07 06:00:00;0.14658067800000002
2022-01-07 07:00:00;0.17257543
2022-01-07 08:00:00;0.215414598
2022-01-07 09:00:00;0.25328022899999997
2022-01-07 10:00:00;0.250880731
2022-01-07 11:00:00;0.213636297
2022-01-07 12:00:00;0.207385694
2022-01-07 13:00:00;0.195922895
2022-01-07 14:00:00;0.20157126
2022-01-07 15:00:00;0.18304546500000002
2022-01-07 16:00:00;0.201877996
2022-01-07 17:00:00;0.207325866
2022-01-07 18:00:00;0.197342296
2022-01-07 19:00:00;0.178250711
2022-01-07 20:00:00;0.195432301
2022-01-07 21:00:00;0.216309637
2022-01-07 22:00:00;0.21024293
2022-01-07 23:00:00;0.229550332
2022-01-08 00:00:00;0.23361421599999999
2022-01-08 01:00:00;0.24743696
2022-01-08 02:00:00;0.23925270399999998
2022-01-08 03:00:00;0.198304778
2022-01-08 04:00:00;0.17870192399999998
2022-01-08 05:00:00;0.219985221
2022-01-08 06:00:00;0.184490539
2022-01-08 07:00:00;0.182623303
2022-01-08 08:00:00;0.18555877799999998
2022-01-08 09:00:00;0.19319556499999999
2022-01-08 10:00:00;0.17337639300000002
2022-01-08 11:00:00;0.193895843
2022-01-08 12:00:00;0.20209484
2022-01-08 13:00:00;0.220440066
2022-01-08 14:00:00;0.213463122
2022-01-08 15:00:00;0.22206
2022-01-08 16:00:00;0.24211084700000002
2022-01-08 17:00:00;0.24078034099999998
2022-01-08 18:00:00;0.261387347
2022-01-08 19:00:00;0.242081918
2022-01-08 20:00:00;0.201414662
2022-01-08 21:00:00;0.191767053
2022-01-08 22:00:00;0.180067486
2022-01-08 23:00:00;0.154207911
2022-01-09 00:00:00;0.142579838
2022-01-09 01:00:00;0.131652359
2022-01-09 02:00:00;0.121018901
2022-01-09 03:00:00;0.126277825
2022-01-09 04:00:00;0.129895278
2022-01-09 05:00:00;0.13410997
2022-01-09 06:00:00;0.13927657400000001
2022-01-09 07:00:00;0.141865263
2022-01-09 08:00:00;0.17338097200000002
2022-01-09 09:00:00;0.178391919
2022-01-09 10:00:00;0.223276463
2022-01-09 11:00:00;0.24125517999999999
2022-01-09 12:00:00;0.226711565
2022-01-09 13:00:00;0.23687935899999998
2022-01-09 14:00:00;0.239728238
2022-01-09 15:00:00;0.24605743000000002
2022-01-09 16:00:00;0.223836362
2022-01-09 17:00:00;0.222812965
2022-01-09 18:00:00;0.217754583
2022-01-09 19:00:00;0.217510185
2022-01-09 20:00:00;0.22839948300000001
2022-01-09 21:00:00;0.250216922
2022-01-09 22:00:00;0.243307139
2022-01-09 23:00:00;0.25980424399999996
2022-01-10 00:00:00;0.262824032
2022-01-10 01:00:00;0.268251688
2022-01-10 02:00:00;0.258981558
2022-01-10 03:00:00;0.256151709
2022-01-10 04:00:00;0.218003382
2022-01-10 05:00:00;0.19186123
2022-01-10 06:00:00;0.211679382
2022-01-10 07:00:00;0.210682549
2022-01-10 08:00:00;0.223484523
2022-01-10 09:00:00;0.221837717
2022-01-10 10:00:00;0.223931878
2022-01-10 11:00:00;0.218547293
2022-01-10 12:00:00;0.23394014400000002
2022-01-10 13:00:00;0.234476464
2022-01-10 14:00:00;0.23376444100000002
2022-01-10 15:00:00;0.24291924399999998
2022-01-10 16:00:00;0.248978699
2022-01-10 17:00:00;0.254969557
2022-01-10 18:00:00;0.257122749
2022-01-10 19:00:00;0.241505189
2022-01-10 20:00:00;0.22398885200000002
2022-01-10 21:00:00;0.207491645
2022-01-10 22:00:00;0.194012914
2022-01-10 23:00:00;0.20871363199999998
2022-01-11 00:00:00;0.19966750200000002
2022-01-11 01:00:00;0.230148885
2022-01-11 02:00:00;0.24463286299999998
2022-01-11 03:00:00;0.22958858399999998
2022-01-11 04:00:00;0.230464588
2022-01-11 05:00:00;0.216608744
2022-01-11 06:00:00;0.210843051
2022-01-11 07:00:00;0.192271729
2022-01-11 08:00:00;0.197682376
2022-01-11 09:00:00;0.202251237
2022-01-11 10:00:00;0.184004132
2022-01-11 11:00:00;0.177862728
2022-01-11 12:00:00;0.17312924799999999
2022-01-11 13:00:00;0.172891247
2022-01-11 14:00:00;0.169245723
2022-01-11 15:00:00;0.180275719
2022-01-11 16:00:00;0.186601939
2022-01-11 17:00:00;0.205671026
2022-01-11 18:00:00;0.23009027299999998
2022-01-11 19:00:00;0.23648237900000002
2022-01-11 20:00:00;0.217805554
2022-01-11 21:00:00;0.223244036
2022-01-11 22:00:00;0.251845225
2022-01-11 23:00:00;0.26617234
2022-01-12 00:00:00;0.196051859
2022-01-12 01:00:00;0.164857214
2022-01-12 02:00:00;0.16132529099999998
2022-01-12 03:00:00;0.166964286
2022-01-12 04:00:00;0.16744608400000002
2022-01-12 05:00:00;0.17115738
2022-01-12 06:00:00;0.167674339
2022-01-12 07:00:00;0.164334438
2022-01-12 08:00:00;0.15898605100000002
2022-01-12 09:00:00;0.156929567
2022-01-12 10:00:00;0.167564916
2022-01-12 11:00:00;0.163899992
2022-01-12 12:00:00;0.15977903000000002
2022-01-12 13:00:00;0.150422892
2022-01-12 14:00:00;0.133822571
2022-01-12 15:00:00;0.146391886
2022-01-12 16:00:00;0.157016918
2022-01-12 17:00:00;0.151605862
2022-01-12 18:00:00;0.14995073199999998
2022-01-12 19:00:00;0.12036282400000001
2022-01-12 20:00:00;0.088717811
2022-01-12 21:00:00;0.067025082
2022-01-12 22:00:00;0.050236303999999996
2022-01-12 23:00:00;0.047690455
2022-01-13 00:00:00;0.038686539000000006
2022-01-13 01:00:00;0.035855758
2022-01-13 02:00:00;0.035744173000000004
2022-01-13 03:00:00;0.037153972
2022-01-13 04:00:00;0.053525166
2022-01-13 05:00:00;0.065483971
2022-01-13 06:00:00;0.07078152300000001
2022-01-13 07:00:00;0.090031523
2022-01-13 08:00:00;0.102793457
2022-01-13 09:00:00;0.07966312
2022-01-13 10:00:00;0.060733527
2022-01-13 11:00:00;0.070382208
2022-01-13 12:00:00;0.06771585000000001
2022-01-13 13:00:00;0.086453663
2022-01-13 14:00:00;0.085986606
2022-01-13 15:00:00;0.086682603
2022-01-13 16:00:00;0.093433222
2022-01-13 17:00:00;0.086669518
2022-01-13 18:00:00;0.079137186
2022-01-13 19:00:00;0.07269689
2022-01-13 20:00:00;0.086133105
2022-01-13 21:00:00;0.10640084699999999
2022-01-13 22:00:00;0.10349177500000001
2022-01-13 23:00:00;0.094718653
2022-01-14 00:00:00;0.100966001
2022-01-14 01:00:00;0.104587281
2022-01-14 02:00:00;0.10421831899999999
2022-01-14 03:00:00;0.103162622
2022-01-14 04:00:00;0.106460009
2022-01-14 05:00:00;0.11014723700000001
2022-01-14 06:00:00;0.124381108
2022-01-14 07:00:00;0.116423893
2022-01-14 08:00:00;0.130434302
2022-01-14 09:00:00;0.108132595
2022-01-14 10:00:00;0.094952047
2022-01-14 11:00:00;0.09715473699999999
2022-01-14 12:00:00;0.10791905800000001
2022-01-14 13:00:00;0.113511103
2022-01-14 14:00:00;0.137463155
2022-01-14 15:00:00;0.144648789
2022-01-14 16:00:00;0.164414855
2022-01-14 17:00:00;0.177242399
2022-01-14 18:00:00;0.185503236
2022-01-14 19:00:00;0.178993035
2022-01-14 20:00:00;0.199569796
2022-01-14 21:00:00;0.201969314
2022-01-14 22:00:00;0.218326366
2022-01-14 23:00:00;0.215688199
2022-01-15 00:00:00;0.243200554
2022-01-15 01:00:00;0.240471657
2022-01-15 02:00:00;0.238011888
2022-01-15 03:00:00;0.233564464
2022-01-15 04:00:00;0.232351121
2022-01-15 05:00:00;0.239193988
2022-01-15 06:00:00;0.22737683
2022-01-15 07:00:00;0.233263146
2022-01-15 08:00:00;0.24402199200000002
2022-01-15 09:00:00;0.227423529
2022-01-15 10:00:00;0.220158712
2022-01-15 11:00:00;0.213915086
2022-01-15 12:00:00;0.217872611
2022-01-15 13:00:00;0.22119792100000002
2022-01-15 14:00:00;0.223006661
2022-01-15 15:00:00;0.224417637
2022-01-15 16:00:00;0.22313607300000002
2022-01-15 17:00:00;0.219545019
2022-01-15 18:00:00;0.205771604
2022-01-15 19:00:00;0.20866051
2022-01-15 20:00:00;0.221878893
2022-01-15 21:00:00;0.17997296399999999
2022-01-15 22:00:00;0.1744116
2022-01-15 23:00:00;0.16660485
2022-01-16 00:00:00;0.148183435
2022-01-16 01:00:00;0.145197681
2022-01-16 02:00:00;0.134343645
2022-01-16 03:00:00;0.13930181200000002
2022-01-16 04:00:00;0.14775158
2022-01-16 05:00:00;0.149946717
2022-01-16 06:00:00;0.15268230900000002
2022-01-16 07:00:00;0.138422976
2022-01-16 08:00:00;0.138662704
2022-01-16 09:00:00;0.142825818
2022-01-16 10:00:00;0.123348371
2022-01-16 11:00:00;0.100531751
2022-01-16 12:00:00;0.075834626
2022-01-16 13:00:00;0.08487062000000001
2022-01-16 14:00:00;0.091701477
2022-01-16 15:00:00;0.079367625
2022-01-16 16:00:00;0.086373402
2022-01-16 17:00:00;0.08350963
2022-01-16 18:00:00;0.102993122
2022-01-16 19:00:00;0.104663597
2022-01-16 20:00:00;0.111046377
2022-01-16 21:00:00;0.099148063
2022-01-16 22:00:00;0.09832614599999999
2022-01-16 23:00:00;0.089344795
2022-01-17 00:00:00;0.092473664
2022-01-17 01:00:00;0.08352706
2022-01-17 02:00:00;0.08128930599999999
2022-01-17 03:00:00;0.077971707
2022-01-17 04:00:00;0.079892086
2022-01-17 05:00:00;0.091732821
2022-01-17 06:00:00;0.129454409
2022-01-17 07:00:00;0.14939771999999998
2022-01-17 08:00:00;0.15596204800000002
2022-01-17 09:00:00;0.13834543300000002
2022-01-17 10:00:00;0.121374781
2022-01-17 11:00:00;0.10556347499999999
2022-01-17 12:00:00;0.103974994
2022-01-17 13:00:00;0.10783769800000001
2022-01-17 14:00:00;0.10135501999999999
2022-01-17 15:00:00;0.132594955
2022-01-17 16:00:00;0.164499624
2022-01-17 17:00:00;0.187082596
2022-01-17 18:00:00;0.16274886900000002
2022-01-17 19:00:00;0.125857741
2022-01-17 20:00:00;0.136117608
2022-01-17 21:00:00;0.117869669
2022-01-17 22:00:00;0.14478655399999998
2022-01-17 23:00:00;0.17370396600000002
2022-01-18 00:00:00;0.16922311099999998
2022-01-18 01:00:00;0.16832140899999998
2022-01-18 02:00:00;0.19082085599999998
2022-01-18 03:00:00;0.183056592
2022-01-18 04:00:00;0.153336154
2022-01-18 05:00:00;0.14563707
2022-01-18 06:00:00;0.138774108
2022-01-18 07:00:00;0.169828281
2022-01-18 08:00:00;0.16898872299999998
2022-01-18 09:00:00;0.15088554199999998
2022-01-18 10:00:00;0.150559356
2022-01-18 11:00:00;0.159332527
2022-01-18 12:00:00;0.137059667
2022-01-18 13:00:00;0.135138861
2022-01-18 14:00:00;0.158505935
2022-01-18 15:00:00;0.152548299
2022-01-18 16:00:00;0.151847269
2022-01-18 17:00:00;0.15262488600000002
2022-01-18 18:00:00;0.167554707
2022-01-18 19:00:00;0.156847533
2022-01-18 20:00:00;0.138654133
2022-01-18 21:00:00;0.127975048
2022-01-18 22:00:00;0.129150903
2022-01-18 23:00:00;0.089982174
2022-01-19 00:00:00;0.07498582899999999
2022-01-19 01:00:00;0.078081096
2022-01-19 02:00:00;0.092989041
2022-01-19 03:00:00;0.093009075
2022-01-19 04:00:00;0.091976341
2022-01-19 05:00:00;0.086444493
2022-01-19 06:00:00;0.064133502
2022-01-19 07:00:00;0.077943269
2022-01-19 08:00:00;0.09667513800000001
2022-01-19 09:00:00;0.10345907800000001
2022-01-19 10:00:00;0.097177069
2022-01-19 11:00:00;0.07758258999999999
2022-01-19 12:00:00;0.064252931
2022-01-19 13:00:00;0.060563321
2022-01-19 14:00:00;0.070621332
2022-01-19 15:00:00;0.086718574
2022-01-19 16:00:00;0.091111869
2022-01-19 17:00:00;0.074401794
2022-01-19 18:00:00;0.084555885
2022-01-19 19:00:00;0.124817527
2022-01-19 20:00:00;0.120943825
2022-01-19 21:00:00;0.124086878
2022-01-19 22:00:00;0.119279829
2022-01-19 23:00:00;0.0766158
2022-01-20 00:00:00;0.072599209
2022-01-20 01:00:00;0.07270794800000001
2022-01-20 02:00:00;0.074377183
2022-01-20 03:00:00;0.072144639
2022-01-20 04:00:00;0.073031569
2022-01-20 05:00:00;0.102938789
2022-01-20 06:00:00;0.151619281
2022-01-20 07:00:00;0.16930978300000002
2022-01-20 08:00:00;0.164889668
2022-01-20 09:00:00;0.151519295
2022-01-20 10:00:00;0.132513531
2022-01-20 11:00:00;0.126699894
2022-01-20 12:00:00;0.10705339
2022-01-20 13:00:00;0.106077368
2022-01-20 14:00:00;0.11444987100000001
2022-01-20 15:00:00;0.14779957
2022-01-20 16:00:00;0.181946682
2022-01-20 17:00:00;0.19813166899999998
2022-01-20 18:00:00;0.182157216
2022-01-20 19:00:00;0.15947031
2022-01-20 20:00:00;0.140493961
2022-01-20 21:00:00;0.148335954
2022-01-20 22:00:00;0.152310049
2022-01-20 23:00:00;0.15247039699999998
2022-01-21 00:00:00;0.133766388
2022-01-21 01:00:00;0.118937999
2022-01-21 02:00:00;0.11353697
2022-01-21 03:00:00;0.132834865
2022-01-21 04:00:00;0.149106457
2022-01-21 05:00:00;0.157939512
2022-01-21 06:00:00;0.187274541
2022-01-21 07:00:00;0.187859276
2022-01-21 08:00:00;0.200341835
2022-01-21 09:00:00;0.235383917
2022-01-21 10:00:00;0.211044644
2022-01-21 11:00:00;0.224306303
2022-01-21 12:00:00;0.182216032
2022-01-21 13:00:00;0.121836798
2022-01-21 14:00:00;0.117300369
2022-01-21 15:00:00;0.13952738
2022-01-21 16:00:00;0.115893591
2022-01-21 17:00:00;0.106633779
2022-01-21 18:00:00;0.112789837
2022-01-21 19:00:00;0.144757228
2022-01-21 20:00:00;0.15897607400000002
2022-01-21 21:00:00;0.18431246999999998
2022-01-21 22:00:00;0.175038564
2022-01-21 23:00:00;0.23990767600000001
2022-01-22 00:00:00;0.211225087
2022-01-22 01:00:00;0.21261280500000002
2022-01-22 02:00:00;0.246626468
2022-01-22 03:00:00;0.235459846
2022-01-22 04:00:00;0.241414352
2022-01-22 05:00:00;0.18706484599999998
2022-01-22 06:00:00;0.18889861200000002
2022-01-22 07:00:00;0.132090812
2022-01-22 08:00:00;0.11446504
2022-01-22 09:00:00;0.117423486
2022-01-22 10:00:00;0.13594604899999999
2022-01-22 11:00:00;0.135284198
2022-01-22 12:00:00;0.119919936
2022-01-22 13:00:00;0.105146099
2022-01-22 14:00:00;0.120773338
2022-01-22 15:00:00;0.142361529
2022-01-22 16:00:00;0.132712459
2022-01-22 17:00:00;0.137277121
2022-01-22 18:00:00;0.113156156
2022-01-22 19:00:00;0.106996035
2022-01-22 20:00:00;0.116200346
2022-01-22 21:00:00;0.097583712
2022-01-22 22:00:00;0.094579606
2022-01-22 23:00:00;0.11710266400000001
2022-01-23 00:00:00;0.155963083
2022-01-23 01:00:00;0.15214370600000002
2022-01-23 02:00:00;0.145554663
2022-01-23 03:00:00;0.165834915
2022-01-23 04:00:00;0.144400834
2022-01-23 05:00:00;0.146578038
2022-01-23 06:00:00;0.144922528
2022-01-23 07:00:00;0.137539301
2022-01-23 08:00:00;0.143975696
2022-01-23 09:00:00;0.141133893
2022-01-23 10:00:00;0.149659728
2022-01-23 11:00:00;0.153913591
2022-01-23 12:00:00;0.150034809
2022-01-23 13:00:00;0.150174259
2022-01-23 14:00:00;0.146123904
2022-01-23 15:00:00;0.161675686
2022-01-23 16:00:00;0.164928786
2022-01-23 17:00:00;0.149366582
2022-01-23 18:00:00;0.156251957
2022-01-23 19:00:00;0.148591202
2022-01-23 20:00:00;0.153280205
2022-01-23 21:00:00;0.138830694
2022-01-23 22:00:00;0.139629231
2022-01-23 23:00:00;0.127043602
2022-01-24 00:00:00;0.113662105
2022-01-24 01:00:00;0.11383489899999999
2022-01-24 02:00:00;0.114295302
2022-01-24 03:00:00;0.127196322
2022-01-24 04:00:00;0.120888839
2022-01-24 05:00:00;0.122988293
2022-01-24 06:00:00;0.127117907
2022-01-24 07:00:00;0.13881462
2022-01-24 08:00:00;0.136637574
2022-01-24 09:00:00;0.147417023
2022-01-24 10:00:00;0.149212967
2022-01-24 11:00:00;0.14877042299999998
2022-01-24 12:00:00;0.14096144100000002
2022-01-24 13:00:00;0.140262205
2022-01-24 14:00:00;0.134139736
2022-01-24 15:00:00;0.13991471100000002
2022-01-24 16:00:00;0.130716127
2022-01-24 17:00:00;0.138405662
2022-01-24 18:00:00;0.15217565200000002
2022-01-24 19:00:00;0.15065553499999998
2022-01-24 20:00:00;0.150185008
2022-01-24 21:00:00;0.150175286
2022-01-24 22:00:00;0.138426075
2022-01-24 23:00:00;0.133472341
2022-01-25 00:00:00;0.118372595
2022-01-25 01:00:00;0.112441048
2022-01-25 02:00:00;0.113408111
2022-01-25 03:00:00;0.13944520800000001
2022-01-25 04:00:00;0.150084152
2022-01-25 05:00:00;0.14613178400000001
2022-01-25 06:00:00;0.149018607
2022-01-25 07:00:00;0.144904896
2022-01-25 08:00:00;0.150576079
2022-01-25 09:00:00;0.158233068
2022-01-25 10:00:00;0.159097414
2022-01-25 11:00:00;0.148172323
2022-01-25 12:00:00;0.142297542
2022-01-25 13:00:00;0.136856302
2022-01-25 14:00:00;0.138689625
2022-01-25 15:00:00;0.16984132700000001
2022-01-25 16:00:00;0.17554634
2022-01-25 17:00:00;0.18903567799999998
2022-01-25 18:00:00;0.193050947
2022-01-25 19:00:00;0.156402077
2022-01-25 20:00:00;0.13961500899999998
2022-01-25 21:00:00;0.150139094
2022-01-25 22:00:00;0.146518566
2022-01-25 23:00:00;0.12880241899999997
2022-01-26 00:00:00;0.100033868
2022-01-26 01:00:00;0.08161343
2022-01-26 02:00:00;0.084341848
2022-01-26 03:00:00;0.082917478
2022-01-26 04:00:00;0.085344233
2022-01-26 05:00:00;0.084336623
2022-01-26 06:00:00;0.078723326
2022-01-26 07:00:00;0.11318003
2022-01-26 08:00:00;0.122351119
2022-01-26 09:00:00;0.122560141
2022-01-26 10:00:00;0.12672692700000002
2022-01-26 11:00:00;0.120116179
2022-01-26 12:00:00;0.113756841
2022-01-26 13:00:00;0.09442358099999999
2022-01-26 14:00:00;0.089829239
2022-01-26 15:00:00;0.089112213
2022-01-26 16:00:00;0.08801257
2022-01-26 17:00:00;0.099935583
2022-01-26 18:00:00;0.12065764400000001
2022-01-26 19:00:00;0.116641021
2022-01-26 20:00:00;0.103532908
2022-01-26 21:00:00;0.127313028
2022-01-26 22:00:00;0.15853705299999998
2022-01-26 23:00:00;0.115815614
2022-01-27 00:00:00;0.104426599
2022-01-27 01:00:00;0.09701771
2022-01-27 02:00:00;0.10410237
2022-01-27 03:00:00;0.099484516
2022-01-27 04:00:00;0.100480973
2022-01-27 05:00:00;0.100056073
2022-01-27 06:00:00;0.089169158
2022-01-27 07:00:00;0.093681686
2022-01-27 08:00:00;0.10129238700000001
2022-01-27 09:00:00;0.10315266699999999
2022-01-27 10:00:00;0.091089926
2022-01-27 11:00:00;0.085182253
2022-01-27 12:00:00;0.07998021300000001
2022-01-27 13:00:00;0.095784175
2022-01-27 14:00:00;0.11053197799999999
2022-01-27 15:00:00;0.110417222
2022-01-27 16:00:00;0.112315424
2022-01-27 17:00:00;0.148868026
2022-01-27 18:00:00;0.126884371
2022-01-27 19:00:00;0.158310124
2022-01-27 20:00:00;0.15168129
2022-01-27 21:00:00;0.142780096
2022-01-27 22:00:00;0.13576358400000002
2022-01-27 23:00:00;0.132260879
2022-01-28 00:00:00;0.133106543
2022-01-28 01:00:00;0.12734745
2022-01-28 02:00:00;0.127833629
2022-01-28 03:00:00;0.133607625
2022-01-28 04:00:00;0.117577091
2022-01-28 05:00:00;0.092746501
2022-01-28 06:00:00;0.114678567
2022-01-28 07:00:00;0.129421582
2022-01-28 08:00:00;0.155663396
2022-01-28 09:00:00;0.15247975600000002
2022-01-28 10:00:00;0.153239021
2022-01-28 11:00:00;0.160414764
2022-01-28 12:00:00;0.151113552
2022-01-28 13:00:00;0.11705260099999999
2022-01-28 14:00:00;0.109698854
2022-01-28 15:00:00;0.125037284
2022-01-28 16:00:00;0.139833659
2022-01-28 17:00:00;0.16197124
2022-01-28 18:00:00;0.139776388
2022-01-28 19:00:00;0.12397816
2022-01-28 20:00:00;0.09231604299999999
2022-01-28 21:00:00;0.069249244
2022-01-28 22:00:00;0.060850915
2022-01-28 23:00:00;0.046582951000000004
2022-01-29 00:00:00;0.049611109
2022-01-29 01:00:00;0.09519682400000001
2022-01-29 02:00:00;0.082699167
2022-01-29 03:00:00;0.078423118
2022-01-29 04:00:00;0.061769073
2022-01-29 05:00:00;0.068848459
2022-01-29 06:00:00;0.111934292
2022-01-29 07:00:00;0.122073841
2022-01-29 08:00:00;0.127332938
2022-01-29 09:00:00;0.135096284
2022-01-29 10:00:00;0.115819539
2022-01-29 11:00:00;0.11466778600000001
2022-01-29 12:00:00;0.1038851
2022-01-29 13:00:00;0.102774216
2022-01-29 14:00:00;0.13989885000000002
2022-01-29 15:00:00;0.148989501
2022-01-29 16:00:00;0.17937804
2022-01-29 17:00:00;0.222739117
2022-01-29 18:00:00;0.19610477399999998
2022-01-29 19:00:00;0.188425519
2022-01-29 20:00:00;0.168049558
2022-01-29 21:00:00;0.176846214
2022-01-29 22:00:00;0.17444403600000002
2022-01-29 23:00:00;0.167964072
2022-01-30 00:00:00;0.149897301
2022-01-30 01:00:00;0.122636636
2022-01-30 02:00:00;0.11912911200000001
2022-01-30 03:00:00;0.101610369
2022-01-30 04:00:00;0.09581589700000001
2022-01-30 05:00:00;0.090337053
2022-01-30 06:00:00;0.091169354
2022-01-30 07:00:00;0.132125532
2022-01-30 08:00:00;0.120684831
2022-01-30 09:00:00;0.10091813399999999
2022-01-30 10:00:00;0.081598959
2022-01-30 11:00:00;0.07950684
2022-01-30 12:00:00;0.08778414
2022-01-30 13:00:00;0.09635883699999999
2022-01-30 14:00:00;0.113426253
2022-01-30 15:00:00;0.121771965
2022-01-30 16:00:00;0.127236734
2022-01-30 17:00:00;0.18341855899999998
2022-01-30 18:00:00;0.192126495
2022-01-30 19:00:00;0.189696272
2022-01-30 20:00:00;0.197667801
2022-01-30 21:00:00;0.223343159
2022-01-30 22:00:00;0.230023725
2022-01-30 23:00:00;0.226767733
2022-01-31 00:00:00;0.260001604
2022-01-31 01:00:00;0.26062986
2022-01-31 02:00:00;0.22289700099999998
2022-01-31 03:00:00;0.240952122
2022-01-31 04:00:00;0.236322458
2022-01-31 05:00:00;0.215567226
2022-01-31 06:00:00;0.278079132
2022-01-31 07:00:00;0.278765565
2022-01-31 08:00:00;0.31092603100000005
2022-01-31 09:00:00;0.29432307300000005
2022-01-31 10:00:00;0.367091545
2022-01-31 11:00:00;0.36869775600000004
2022-01-31 12:00:00;0.396190858
2022-01-31 13:00:00;0.382609987
2022-01-31 14:00:00;0.371628219
2022-01-31 15:00:00;0.381118947
2022-01-31 16:00:00;0.374612141
2022-01-31 17:00:00;0.37619479699999997
2022-01-31 18:00:00;0.36934002400000004
2022-01-31 19:00:00;0.28040370200000003
2022-01-31 20:00:00;0.234617882
2022-01-31 21:00:00;0.184496711
2022-01-31 22:00:00;0.171915972
2022-01-31 23:00:00;0.15981967700000002
2022-02-01 00:00:00;0.16105594099999998
2022-02-01 01:00:00;0.17360322
2022-02-01 02:00:00;0.145211854
2022-02-01 03:00:00;0.142926007
2022-02-01 04:00:00;0.15198662999999998
2022-02-01 05:00:00;0.15297657
2022-02-01 06:00:00;0.169068363
2022-02-01 07:00:00;0.18005935099999998
2022-02-01 08:00:00;0.165840215
2022-02-01 09:00:00;0.14451207600000002
2022-02-01 10:00:00;0.135346097
2022-02-01 11:00:00;0.140460561
2022-02-01 12:00:00;0.12752360299999999
2022-02-01 13:00:00;0.100954325
2022-02-01 14:00:00;0.09939629600000001
2022-02-01 15:00:00;0.106475584
2022-02-01 16:00:00;0.116032502
2022-02-01 17:00:00;0.154863311
2022-02-01 18:00:00;0.136302478
2022-02-01 19:00:00;0.14270660899999998
2022-02-01 20:00:00;0.12941339300000002
2022-02-01 21:00:00;0.136345585
2022-02-01 22:00:00;0.14833721
2022-02-01 23:00:00;0.136209173
2022-02-02 00:00:00;0.113110119
2022-02-02 01:00:00;0.114548147
2022-02-02 02:00:00;0.113857985
2022-02-02 03:00:00;0.12415082599999999
2022-02-02 04:00:00;0.137258995
2022-02-02 05:00:00;0.154896234
2022-02-02 06:00:00;0.191121766
2022-02-02 07:00:00;0.226783618
2022-02-02 08:00:00;0.257215013
2022-02-02 09:00:00;0.262568368
2022-02-02 10:00:00;0.218649602
2022-02-02 11:00:00;0.185483214
2022-02-02 12:00:00;0.154706063
2022-02-02 13:00:00;0.16220994
2022-02-02 14:00:00;0.127584788
2022-02-02 15:00:00;0.162575988
2022-02-02 16:00:00;0.169360184
2022-02-02 17:00:00;0.211579508
2022-02-02 18:00:00;0.241873065
2022-02-02 19:00:00;0.220382729
2022-02-02 20:00:00;0.195170244
2022-02-02 21:00:00;0.194626196
2022-02-02 22:00:00;0.15993791999999998
2022-02-02 23:00:00;0.134312078
2022-02-03 00:00:00;0.200602541
2022-02-03 01:00:00;0.169721995
2022-02-03 02:00:00;0.198506603
2022-02-03 03:00:00;0.176319587
2022-02-03 04:00:00;0.17288046499999998
2022-02-03 05:00:00;0.14762918
2022-02-03 06:00:00;0.260288919
2022-02-03 07:00:00;0.26801817099999997
2022-02-03 08:00:00;0.268770927
2022-02-03 09:00:00;0.223547642
2022-02-03 10:00:00;0.200965388
2022-02-03 11:00:00;0.17298973899999998
2022-02-03 12:00:00;0.186063547
2022-02-03 13:00:00;0.19422804300000002
2022-02-03 14:00:00;0.21982543799999998
2022-02-03 15:00:00;0.203584567
2022-02-03 16:00:00;0.208437353
2022-02-03 17:00:00;0.228221761
2022-02-03 18:00:00;0.211986806
2022-02-03 19:00:00;0.194877079
2022-02-03 20:00:00;0.146965641
2022-02-03 21:00:00;0.190365704
2022-02-03 22:00:00;0.163325419
2022-02-03 23:00:00;0.157065749
2022-02-04 00:00:00;0.143937831
2022-02-04 01:00:00;0.153952059
2022-02-04 02:00:00;0.09603682000000001
2022-02-04 03:00:00;0.078949489
2022-02-04 04:00:00;0.074133247
2022-02-04 05:00:00;0.082525313
2022-02-04 06:00:00;0.088893075
2022-02-04 07:00:00;0.110165418
2022-02-04 08:00:00;0.14649215599999998
2022-02-04 09:00:00;0.153124378
2022-02-04 10:00:00;0.20033089699999998
2022-02-04 11:00:00;0.17570711
2022-02-04 12:00:00;0.154710922
2022-02-04 13:00:00;0.2211359
2022-02-04 14:00:00;0.255138737
2022-02-04 15:00:00;0.247439539
2022-02-04 16:00:00;0.22861064099999998
2022-02-04 17:00:00;0.26182750299999996
2022-02-04 18:00:00;0.193821143
2022-02-04 19:00:00;0.182451196
2022-02-04 20:00:00;0.164410167
2022-02-04 21:00:00;0.198166035
2022-02-04 22:00:00;0.19100219400000001
2022-02-04 23:00:00;0.16657404199999998
2022-02-05 00:00:00;0.143438525
2022-02-05 01:00:00;0.139431399
2022-02-05 02:00:00;0.130608514
2022-02-05 03:00:00;0.12459111
2022-02-05 04:00:00;0.08693312
2022-02-05 05:00:00;0.095141696
2022-02-05 06:00:00;0.10301049899999999
2022-02-05 07:00:00;0.102394049
2022-02-05 08:00:00;0.10932539699999999
2022-02-05 09:00:00;0.082056517
2022-02-05 10:00:00;0.075622018
2022-02-05 11:00:00;0.069109166
2022-02-05 12:00:00;0.085047089
2022-02-05 13:00:00;0.081623501
2022-02-05 14:00:00;0.095314762
2022-02-05 15:00:00;0.08764941500000001
2022-02-05 16:00:00;0.102068153
2022-02-05 17:00:00;0.096713913
2022-02-05 18:00:00;0.10334998299999999
2022-02-05 19:00:00;0.10607313
2022-02-05 20:00:00;0.11204270499999999
2022-02-05 21:00:00;0.12179206399999999
2022-02-05 22:00:00;0.11258597199999999
2022-02-05 23:00:00;0.10517203
2022-02-06 00:00:00;0.105273338
2022-02-06 01:00:00;0.107012702
2022-02-06 02:00:00;0.118271411
2022-02-06 03:00:00;0.118171237
2022-02-06 04:00:00;0.118463611
2022-02-06 05:00:00;0.15630587499999998
2022-02-06 06:00:00;0.129478184
2022-02-06 07:00:00;0.118502195
2022-02-06 08:00:00;0.11789121
2022-02-06 09:00:00;0.114014698
2022-02-06 10:00:00;0.115315702
2022-02-06 11:00:00;0.117627361
2022-02-06 12:00:00;0.115719854
2022-02-06 13:00:00;0.150602713
2022-02-06 14:00:00;0.137247033
2022-02-06 15:00:00;0.159687519
2022-02-06 16:00:00;0.17701303200000001
2022-02-06 17:00:00;0.19549456699999998
2022-02-06 18:00:00;0.214570339
2022-02-06 19:00:00;0.201613737
2022-02-06 20:00:00;0.166315364
2022-02-06 21:00:00;0.14665104199999998
2022-02-06 22:00:00;0.08120438
2022-02-06 23:00:00;0.102521418
2022-02-07 00:00:00;0.099537409
2022-02-07 01:00:00;0.09560571899999999
2022-02-07 02:00:00;0.09884013
2022-02-07 03:00:00;0.096499113
2022-02-07 04:00:00;0.089016434
2022-02-07 05:00:00;0.0544368
2022-02-07 06:00:00;0.064344173
2022-02-07 07:00:00;0.069473621
2022-02-07 08:00:00;0.082645857
2022-02-07 09:00:00;0.087013137
2022-02-07 10:00:00;0.078732915
2022-02-07 11:00:00;0.09024832399999999
2022-02-07 12:00:00;0.113887574
2022-02-07 13:00:00;0.136398889
2022-02-07 14:00:00;0.137215754
2022-02-07 15:00:00;0.163871274
2022-02-07 16:00:00;0.125704103
2022-02-07 17:00:00;0.133588401
2022-02-07 18:00:00;0.132203241
2022-02-07 19:00:00;0.135136513
2022-02-07 20:00:00;0.131963474
2022-02-07 21:00:00;0.14858405300000002
2022-02-07 22:00:00;0.094292825
2022-02-07 23:00:00;0.08423607699999999
2022-02-08 00:00:00;0.072661747
2022-02-08 01:00:00;0.067889486
2022-02-08 02:00:00;0.06748860899999999
2022-02-08 03:00:00;0.056032315
2022-02-08 04:00:00;0.059775897
2022-02-08 05:00:00;0.05923272
2022-02-08 06:00:00;0.07179173400000001
2022-02-08 07:00:00;0.10440237000000001
2022-02-08 08:00:00;0.11731037899999999
2022-02-08 09:00:00;0.116022675
2022-02-08 10:00:00;0.115345007
2022-02-08 11:00:00;0.092437781
2022-02-08 12:00:00;0.09123980799999999
2022-02-08 13:00:00;0.148639398
2022-02-08 14:00:00;0.17033679200000001
2022-02-08 15:00:00;0.13286552599999998
2022-02-08 16:00:00;0.168752292
2022-02-08 17:00:00;0.17270412
2022-02-08 18:00:00;0.151839772
2022-02-08 19:00:00;0.121287746
2022-02-08 20:00:00;0.127246047
2022-02-08 21:00:00;0.13421545399999998
2022-02-08 22:00:00;0.121810157
2022-02-08 23:00:00;0.111613184
2022-02-09 00:00:00;0.093127896
2022-02-09 01:00:00;0.080868409
2022-02-09 02:00:00;0.076419111
2022-02-09 03:00:00;0.099114121
2022-02-09 04:00:00;0.085689918
2022-02-09 05:00:00;0.09516483599999999
2022-02-09 06:00:00;0.082413827
2022-02-09 07:00:00;0.07515060300000001
2022-02-09 08:00:00;0.130291995
2022-02-09 09:00:00;0.11200375900000001
2022-02-09 10:00:00;0.103471593
2022-02-09 11:00:00;0.090797853
2022-02-09 12:00:00;0.092674914
2022-02-09 13:00:00;0.095383324
2022-02-09 14:00:00;0.084353292
2022-02-09 15:00:00;0.094761594
2022-02-09 16:00:00;0.076346171
2022-02-09 17:00:00;0.089182732
2022-02-09 18:00:00;0.105071185
2022-02-09 19:00:00;0.096435433
2022-02-09 20:00:00;0.083877972
2022-02-09 21:00:00;0.081145679
2022-02-09 22:00:00;0.070491758
2022-02-09 23:00:00;0.07113264999999999
2022-02-10 00:00:00;0.08154138799999999
2022-02-10 01:00:00;0.07243269
2022-02-10 02:00:00;0.081733873
2022-02-10 03:00:00;0.07311432600000001
2022-02-10 04:00:00;0.10218745300000001
2022-02-10 05:00:00;0.133600486
2022-02-10 06:00:00;0.157002346
2022-02-10 07:00:00;0.159589556
2022-02-10 08:00:00;0.14825747
2022-02-10 09:00:00;0.12101057500000001
2022-02-10 10:00:00;0.114797571
2022-02-10 11:00:00;0.093617242
2022-02-10 12:00:00;0.076700293
2022-02-10 13:00:00;0.08622413
2022-02-10 14:00:00;0.091684083
2022-02-10 15:00:00;0.116125215
2022-02-10 16:00:00;0.125619637
2022-02-10 17:00:00;0.157357096
2022-02-10 18:00:00;0.13564973800000002
2022-02-10 19:00:00;0.098647168
2022-02-10 20:00:00;0.09854159
2022-02-10 21:00:00;0.129535712
2022-02-10 22:00:00;0.157775993
2022-02-10 23:00:00;0.161256269
2022-02-11 00:00:00;0.12746182
2022-02-11 01:00:00;0.12187817699999999
2022-02-11 02:00:00;0.12540310999999998
2022-02-11 03:00:00;0.140509775
2022-02-11 04:00:00;0.13937965500000002
2022-02-11 05:00:00;0.186201854
2022-02-11 06:00:00;0.159990838
2022-02-11 07:00:00;0.138883693
2022-02-11 08:00:00;0.19893764100000003
2022-02-11 09:00:00;0.183948191
2022-02-11 10:00:00;0.13693592300000001
2022-02-11 11:00:00;0.108343988
2022-02-11 12:00:00;0.108823665
2022-02-11 13:00:00;0.106303745
2022-02-11 14:00:00;0.087225391
2022-02-11 15:00:00;0.100058913
2022-02-11 16:00:00;0.138603752
2022-02-11 17:00:00;0.223363649
2022-02-11 18:00:00;0.242677425
2022-02-11 19:00:00;0.24346971
2022-02-11 20:00:00;0.25240548
2022-02-11 21:00:00;0.224249847
2022-02-11 22:00:00;0.20849858699999999
2022-02-11 23:00:00;0.207967914
2022-02-12 00:00:00;0.144071838
2022-02-12 01:00:00;0.137588351
2022-02-12 02:00:00;0.14318978000000002
2022-02-12 03:00:00;0.131226216
2022-02-12 04:00:00;0.109948121
2022-02-12 05:00:00;0.09970291
2022-02-12 06:00:00;0.094634845
2022-02-12 07:00:00;0.106930327
2022-02-12 08:00:00;0.116814824
2022-02-12 09:00:00;0.08679400599999999
2022-02-12 10:00:00;0.06634125299999999
2022-02-12 11:00:00;0.06391253400000001
2022-02-12 12:00:00;0.062483185
2022-02-12 13:00:00;0.060479252000000004
2022-02-12 14:00:00;0.063050919
2022-02-12 15:00:00;0.080466982
2022-02-12 16:00:00;0.07915778899999999
2022-02-12 17:00:00;0.098977474
2022-02-12 18:00:00;0.083178086
2022-02-12 19:00:00;0.07932476599999999
2022-02-12 20:00:00;0.08671488200000001
2022-02-12 21:00:00;0.116715007
2022-02-12 22:00:00;0.11075930099999999
2022-02-12 23:00:00;0.104196924
2022-02-13 00:00:00;0.094942748
2022-02-13 01:00:00;0.090467542
2022-02-13 02:00:00;0.09886116800000001
2022-02-13 03:00:00;0.09264788900000001
2022-02-13 04:00:00;0.098634419
2022-02-13 05:00:00;0.094449916
2022-02-13 06:00:00;0.096383196
2022-02-13 07:00:00;0.087754153
2022-02-13 08:00:00;0.080449778
2022-02-13 09:00:00;0.056462770999999995
2022-02-13 10:00:00;0.06548345600000001
2022-02-13 11:00:00;0.064844403
2022-02-13 12:00:00;0.071699221
2022-02-13 13:00:00;0.10725928500000001
2022-02-13 14:00:00;0.094767534
2022-02-13 15:00:00;0.09817154600000001
2022-02-13 16:00:00;0.112667845
2022-02-13 17:00:00;0.10098555199999999
2022-02-13 18:00:00;0.11505401999999999
2022-02-13 19:00:00;0.12158619600000001
2022-02-13 20:00:00;0.148852803
2022-02-13 21:00:00;0.176337407
2022-02-13 22:00:00;0.127905129
2022-02-13 23:00:00;0.128218712
2022-02-14 00:00:00;0.121707449
2022-02-14 01:00:00;0.107038237
2022-02-14 02:00:00;0.084812814
2022-02-14 03:00:00;0.079780451
2022-02-14 04:00:00;0.117656003
2022-02-14 05:00:00;0.128525634
2022-02-14 06:00:00;0.139574406
2022-02-14 07:00:00;0.14123797999999999
2022-02-14 08:00:00;0.157280524
2022-02-14 09:00:00;0.147149114
2022-02-14 10:00:00;0.108702555
2022-02-14 11:00:00;0.093271048
2022-02-14 12:00:00;0.092278542
2022-02-14 13:00:00;0.075117744
2022-02-14 14:00:00;0.07819424999999999
2022-02-14 15:00:00;0.056265602
2022-02-14 16:00:00;0.065309087
2022-02-14 17:00:00;0.081584353
2022-02-14 18:00:00;0.092079519
2022-02-14 19:00:00;0.085789893
2022-02-14 20:00:00;0.074799461
2022-02-14 21:00:00;0.05794503
2022-02-14 22:00:00;0.053128391000000004
2022-02-14 23:00:00;0.05233459
2022-02-15 00:00:00;0.056876396
2022-02-15 01:00:00;0.057357001
2022-02-15 02:00:00;0.087827244
2022-02-15 03:00:00;0.063687997
2022-02-15 04:00:00;0.064282933
2022-02-15 05:00:00;0.098278567
2022-02-15 06:00:00;0.101164738
2022-02-15 07:00:00;0.103547493
2022-02-15 08:00:00;0.14295465899999998
2022-02-15 09:00:00;0.14588039800000002
2022-02-15 10:00:00;0.09984635
2022-02-15 11:00:00;0.086081803
2022-02-15 12:00:00;0.07559489700000001
2022-02-15 13:00:00;0.072862111
2022-02-15 14:00:00;0.097733668
2022-02-15 15:00:00;0.08597587500000001
2022-02-15 16:00:00;0.078237279
2022-02-15 17:00:00;0.074367487
2022-02-15 18:00:00;0.071359189
2022-02-15 19:00:00;0.067015085
2022-02-15 20:00:00;0.124136938
2022-02-15 21:00:00;0.127648221
2022-02-15 22:00:00;0.128037316
2022-02-15 23:00:00;0.124011104
2022-02-16 00:00:00;0.118300335
2022-02-16 01:00:00;0.164835958
2022-02-16 02:00:00;0.11847820299999999
2022-02-16 03:00:00;0.12424328400000001
2022-02-16 04:00:00;0.121747733
2022-02-16 05:00:00;0.10912029499999999
2022-02-16 06:00:00;0.11396046900000001
2022-02-16 07:00:00;0.16700473999999998
2022-02-16 08:00:00;0.22910797400000002
2022-02-16 09:00:00;0.23796736400000001
2022-02-16 10:00:00;0.2284496
2022-02-16 11:00:00;0.210574492
2022-02-16 12:00:00;0.192282457
2022-02-16 13:00:00;0.181174489
2022-02-16 14:00:00;0.186004452
2022-02-16 15:00:00;0.181849077
2022-02-16 16:00:00;0.21477384900000002
2022-02-16 17:00:00;0.22138756799999998
2022-02-16 18:00:00;0.21395592400000002
2022-02-16 19:00:00;0.203147103
2022-02-16 20:00:00;0.200256642
2022-02-16 21:00:00;0.200144172
2022-02-16 22:00:00;0.19911748099999999
2022-02-16 23:00:00;0.20230973700000002
2022-02-17 00:00:00;0.158816273
2022-02-17 01:00:00;0.135491476
2022-02-17 02:00:00;0.149220148
2022-02-17 03:00:00;0.16227572499999998
2022-02-17 04:00:00;0.172741896
2022-02-17 05:00:00;0.180110552
2022-02-17 06:00:00;0.11439066099999999
2022-02-17 07:00:00;0.172582375
2022-02-17 08:00:00;0.19663118499999999
2022-02-17 09:00:00;0.20406948600000002
2022-02-17 10:00:00;0.152438144
2022-02-17 11:00:00;0.11580122
2022-02-17 12:00:00;0.097027513
2022-02-17 13:00:00;0.108685806
2022-02-17 14:00:00;0.101923644
2022-02-17 15:00:00;0.102573033
2022-02-17 16:00:00;0.112262244
2022-02-17 17:00:00;0.119120535
2022-02-17 18:00:00;0.119101345
2022-02-17 19:00:00;0.125247811
2022-02-17 20:00:00;0.158085702
2022-02-17 21:00:00;0.135820903
2022-02-17 22:00:00;0.12026291
2022-02-17 23:00:00;0.08792854800000001
2022-02-18 00:00:00;0.06505759600000001
2022-02-18 01:00:00;0.059544846
2022-02-18 02:00:00;0.069619153
2022-02-18 03:00:00;0.079039073
2022-02-18 04:00:00;0.089197372
2022-02-18 05:00:00;0.095506591
2022-02-18 06:00:00;0.10814432600000001
2022-02-18 07:00:00;0.16316047800000003
2022-02-18 08:00:00;0.206169914
2022-02-18 09:00:00;0.218101691
2022-02-18 10:00:00;0.192559068
2022-02-18 11:00:00;0.21884266
2022-02-18 12:00:00;0.20285219000000002
2022-02-18 13:00:00;0.17800924699999998
2022-02-18 14:00:00;0.16666097600000002
2022-02-18 15:00:00;0.14028986100000002
2022-02-18 16:00:00;0.165115958
2022-02-18 17:00:00;0.170607724
2022-02-18 18:00:00;0.180957408
2022-02-18 19:00:00;0.253333825
2022-02-18 20:00:00;0.235112489
2022-02-18 21:00:00;0.22305299299999998
2022-02-18 22:00:00;0.22547096300000002
2022-02-18 23:00:00;0.247003137
2022-02-19 00:00:00;0.192185271
2022-02-19 01:00:00;0.19885679099999998
2022-02-19 02:00:00;0.10370735
2022-02-19 03:00:00;0.094518587
2022-02-19 04:00:00;0.111247724
2022-02-19 05:00:00;0.14597828000000002
2022-02-19 06:00:00;0.155275368
2022-02-19 07:00:00;0.156224779
2022-02-19 08:00:00;0.145754458
2022-02-19 09:00:00;0.127503742
2022-02-19 10:00:00;0.105254606
2022-02-19 11:00:00;0.092534844
2022-02-19 12:00:00;0.081258694
2022-02-19 13:00:00;0.08166422599999999
2022-02-19 14:00:00;0.07657446899999999
2022-02-19 15:00:00;0.10548610700000001
2022-02-19 16:00:00;0.10261737800000001
2022-02-19 17:00:00;0.096510067
2022-02-19 18:00:00;0.09882607
2022-02-19 19:00:00;0.092933615
2022-02-19 20:00:00;0.10421240699999999
2022-02-19 21:00:00;0.116340734
2022-02-19 22:00:00;0.086325368
2022-02-19 23:00:00;0.08987751799999999
2022-02-20 00:00:00;0.121280253
2022-02-20 01:00:00;0.12138797900000001
2022-02-20 02:00:00;0.14688376
2022-02-20 03:00:00;0.148132427
2022-02-20 04:00:00;0.17552410499999999
2022-02-20 05:00:00;0.172805129
2022-02-20 06:00:00;0.15251621199999998
2022-02-20 07:00:00;0.135499933
2022-02-20 08:00:00;0.12232066600000001
2022-02-20 09:00:00;0.124255167
2022-02-20 10:00:00;0.115211955
2022-02-20 11:00:00;0.122139695
2022-02-20 12:00:00;0.10236079499999999
2022-02-20 13:00:00;0.095132364
2022-02-20 14:00:00;0.090188542
2022-02-20 15:00:00;0.091975614
2022-02-20 16:00:00;0.103860928
2022-02-20 17:00:00;0.107524636
2022-02-20 18:00:00;0.109422909
2022-02-20 19:00:00;0.10744970499999999
2022-02-20 20:00:00;0.13556222399999998
2022-02-20 21:00:00;0.155818791
2022-02-20 22:00:00;0.14602627599999998
2022-02-20 23:00:00;0.137844504
2022-02-21 00:00:00;0.164334962
2022-02-21 01:00:00;0.125435892
2022-02-21 02:00:00;0.127109227
2022-02-21 03:00:00;0.107221856
2022-02-21 04:00:00;0.114278288
2022-02-21 05:00:00;0.078146164
2022-02-21 06:00:00;0.098533453
2022-02-21 07:00:00;0.116814038
2022-02-21 08:00:00;0.14394571099999998
2022-02-21 09:00:00;0.122444658
2022-02-21 10:00:00;0.130565479
2022-02-21 11:00:00;0.14611027999999998
2022-02-21 12:00:00;0.13952576
2022-02-21 13:00:00;0.111237877
2022-02-21 14:00:00;0.102772321
2022-02-21 15:00:00;0.09114926599999999
2022-02-21 16:00:00;0.10589136
2022-02-21 17:00:00;0.140237441
2022-02-21 18:00:00;0.17312164300000002
2022-02-21 19:00:00;0.153975562
2022-02-21 20:00:00;0.154814276
2022-02-21 21:00:00;0.147159778
2022-02-21 22:00:00;0.171629187
2022-02-21 23:00:00;0.145861733
2022-02-22 00:00:00;0.137385213
2022-02-22 01:00:00;0.139484104
2022-02-22 02:00:00;0.13685772
2022-02-22 03:00:00;0.15455686
2022-02-22 04:00:00;0.163311372
2022-02-22 05:00:00;0.165575705
2022-02-22 06:00:00;0.23316124
2022-02-22 07:00:00;0.271161771
2022-02-22 08:00:00;0.22587100499999999
2022-02-22 09:00:00;0.20477962500000002
2022-02-22 10:00:00;0.234917081
2022-02-22 11:00:00;0.202680107
2022-02-22 12:00:00;0.193479708
2022-02-22 13:00:00;0.172805392
2022-02-22 14:00:00;0.13633179999999998
2022-02-22 15:00:00;0.136968636
2022-02-22 16:00:00;0.091830146
2022-02-22 17:00:00;0.10328943700000001
2022-02-22 18:00:00;0.139790494
2022-02-22 19:00:00;0.150473969
2022-02-22 20:00:00;0.135621475
2022-02-22 21:00:00;0.11565331000000001
2022-02-22 22:00:00;0.12097513600000001
2022-02-22 23:00:00;0.118549661
2022-02-23 00:00:00;0.131229031
2022-02-23 01:00:00;0.144688896
2022-02-23 02:00:00;0.116394966
2022-02-23 03:00:00;0.108393886
2022-02-23 04:00:00;0.121321308
2022-02-23 05:00:00;0.121447094
2022-02-23 06:00:00;0.16376216700000001
2022-02-23 07:00:00;0.183195976
2022-02-23 08:00:00;0.16819378599999998
2022-02-23 09:00:00;0.165547379
2022-02-23 10:00:00;0.154887823
2022-02-23 11:00:00;0.134418741
2022-02-23 12:00:00;0.126359008
2022-02-23 13:00:00;0.153311904
2022-02-23 14:00:00;0.147553364
2022-02-23 15:00:00;0.127759476
2022-02-23 16:00:00;0.079520955
2022-02-23 17:00:00;0.084707261
2022-02-23 18:00:00;0.06863410399999999
2022-02-23 19:00:00;0.076267533
2022-02-23 20:00:00;0.058253036
2022-02-23 21:00:00;0.062492334999999996
2022-02-23 22:00:00;0.082582426
2022-02-23 23:00:00;0.118923378
2022-02-24 00:00:00;0.12497657499999999
2022-02-24 01:00:00;0.114036397
2022-02-24 02:00:00;0.110789727
2022-02-24 03:00:00;0.144173743
2022-02-24 04:00:00;0.14685416799999998
2022-02-24 05:00:00;0.162981392
2022-02-24 06:00:00;0.17352385
2022-02-24 07:00:00;0.18801369099999998
2022-02-24 08:00:00;0.163752157
2022-02-24 09:00:00;0.149919473
2022-02-24 10:00:00;0.12095676899999999
2022-02-24 11:00:00;0.11700624700000001
2022-02-24 12:00:00;0.123105039
2022-02-24 13:00:00;0.175088946
2022-02-24 14:00:00;0.27115792
2022-02-24 15:00:00;0.298785099
2022-02-24 16:00:00;0.36501604600000004
2022-02-24 17:00:00;0.343559303
2022-02-24 18:00:00;0.234986197
2022-02-24 19:00:00;0.238758251
2022-02-24 20:00:00;0.212719092
2022-02-24 21:00:00;0.22470915
2022-02-24 22:00:00;0.14609617700000002
2022-02-24 23:00:00;0.148468354
2022-02-25 00:00:00;0.121796697
2022-02-25 01:00:00;0.116428321
2022-02-25 02:00:00;0.100089072
2022-02-25 03:00:00;0.092419954
2022-02-25 04:00:00;0.111161842
2022-02-25 05:00:00;0.11707361899999999
2022-02-25 06:00:00;0.173087154
2022-02-25 07:00:00;0.200552009
2022-02-25 08:00:00;0.22417345700000002
2022-02-25 09:00:00;0.192841496
2022-02-25 10:00:00;0.19395452800000001
2022-02-25 11:00:00;0.188922646
2022-02-25 12:00:00;0.153716823
2022-02-25 13:00:00;0.134564628
2022-02-25 14:00:00;0.090042856
2022-02-25 15:00:00;0.07513480900000001
2022-02-25 16:00:00;0.10550905199999999
2022-02-25 17:00:00;0.118175892
2022-02-25 18:00:00;0.124384585
2022-02-25 19:00:00;0.139569842
2022-02-25 20:00:00;0.150531956
2022-02-25 21:00:00;0.129799249
2022-02-25 22:00:00;0.13694377800000002
2022-02-25 23:00:00;0.16708340000000002
2022-02-26 00:00:00;0.192012112
2022-02-26 01:00:00;0.120401337
2022-02-26 02:00:00;0.16042849
2022-02-26 03:00:00;0.205986422
2022-02-26 04:00:00;0.199215318
2022-02-26 05:00:00;0.213690648
2022-02-26 06:00:00;0.223160123
2022-02-26 07:00:00;0.252321293
2022-02-26 08:00:00;0.250049022
2022-02-26 09:00:00;0.220893071
2022-02-26 10:00:00;0.198198983
2022-02-26 11:00:00;0.209484242
2022-02-26 12:00:00;0.21863764
2022-02-26 13:00:00;0.21790327099999998
2022-02-26 14:00:00;0.226830084
2022-02-26 15:00:00;0.24157817299999998
2022-02-26 16:00:00;0.25628056400000004
2022-02-26 17:00:00;0.28269868800000003
2022-02-26 18:00:00;0.28053241500000003
2022-02-26 19:00:00;0.27248051700000003
2022-02-26 20:00:00;0.26713529399999997
2022-02-26 21:00:00;0.25998895099999997
2022-02-26 22:00:00;0.251078692
2022-02-26 23:00:00;0.242582417
2022-02-27 00:00:00;0.225545924
2022-02-27 01:00:00;0.226032269
2022-02-27 02:00:00;0.190275914
2022-02-27 03:00:00;0.157324639
2022-02-27 04:00:00;0.17919780700000001
2022-02-27 05:00:00;0.201129197
2022-02-27 06:00:00;0.19897731600000002
2022-02-27 07:00:00;0.190720469
2022-02-27 08:00:00;0.206432465
2022-02-27 09:00:00;0.185601634
2022-02-27 10:00:00;0.214888834
2022-02-27 11:00:00;0.21969709599999998
2022-02-27 12:00:00;0.20848518000000002
2022-02-27 13:00:00;0.213037231
2022-02-27 14:00:00;0.193771559
2022-02-27 15:00:00;0.190739499
2022-02-27 16:00:00;0.255093137
2022-02-27 17:00:00;0.28109585800000003
2022-02-27 18:00:00;0.243255898
2022-02-27 19:00:00;0.232610558
2022-02-27 20:00:00;0.22019349800000002
2022-02-27 21:00:00;0.172179303
2022-02-27 22:00:00;0.14445144
2022-02-27 23:00:00;0.111631777
2022-02-28 00:00:00;0.09172823499999999
2022-02-28 01:00:00;0.095060061
2022-02-28 02:00:00;0.12492405399999999
2022-02-28 03:00:00;0.112105154
2022-02-28 04:00:00;0.118872457
2022-02-28 05:00:00;0.184788816
2022-02-28 06:00:00;0.20596075300000002
2022-02-28 07:00:00;0.210516877
2022-02-28 08:00:00;0.20443819600000002
2022-02-28 09:00:00;0.190272834
2022-02-28 10:00:00;0.174262025
2022-02-28 11:00:00;0.15547374
2022-02-28 12:00:00;0.102278157
2022-02-28 13:00:00;0.092992473
2022-02-28 14:00:00;0.08976992199999999
2022-02-28 15:00:00;0.11127298000000001
2022-02-28 16:00:00;0.128614831
2022-02-28 17:00:00;0.17993005299999998
2022-02-28 18:00:00;0.181402179
2022-02-28 19:00:00;0.135920229
2022-02-28 20:00:00;0.088904871
2022-02-28 21:00:00;0.099242476
2022-02-28 22:00:00;0.134511763
2022-02-28 23:00:00;0.130338914
2022-03-01 00:00:00;0.1187492
2022-03-01 01:00:00;0.118299783
2022-03-01 02:00:00;0.108595688
2022-03-01 03:00:00;0.124950411
2022-03-01 04:00:00;0.15982539399999998
2022-03-01 05:00:00;0.14483395999999998
2022-03-01 06:00:00;0.185246561
2022-03-01 07:00:00;0.19287737300000002
2022-03-01 08:00:00;0.197455885
2022-03-01 09:00:00;0.211889281
2022-03-01 10:00:00;0.206711796
2022-03-01 11:00:00;0.23233302800000002
2022-03-01 12:00:00;0.252874397
2022-03-01 13:00:00;0.26729083000000003
2022-03-01 14:00:00;0.25670756499999997
2022-03-01 15:00:00;0.269895736
2022-03-01 16:00:00;0.289391409
2022-03-01 17:00:00;0.30866066999999997
2022-03-01 18:00:00;0.314214039
2022-03-01 19:00:00;0.311268451
2022-03-01 20:00:00;0.307257408
2022-03-01 21:00:00;0.310631057
2022-03-01 22:00:00;0.356806855
2022-03-01 23:00:00;0.34279438900000003
2022-03-02 00:00:00;0.305315951
2022-03-02 01:00:00;0.26556677100000003
2022-03-02 02:00:00;0.264029016
2022-03-02 03:00:00;0.267907044
2022-03-02 04:00:00;0.27350942
2022-03-02 05:00:00;0.33539688
2022-03-02 06:00:00;0.343246523
2022-03-02 07:00:00;0.350126012
2022-03-02 08:00:00;0.341490026
2022-03-02 09:00:00;0.321200058
2022-03-02 10:00:00;0.302053025
2022-03-02 11:00:00;0.294307506
2022-03-02 12:00:00;0.277793949
2022-03-02 13:00:00;0.288191639
2022-03-02 14:00:00;0.29459308900000003
2022-03-02 15:00:00;0.314705395
2022-03-02 16:00:00;0.339574995
2022-03-02 17:00:00;0.35987555099999996
2022-03-02 18:00:00;0.353542786
2022-03-02 19:00:00;0.35262534
2022-03-02 20:00:00;0.34982961
2022-03-02 21:00:00;0.360536027
2022-03-02 22:00:00;0.346358944
2022-03-02 23:00:00;0.332564067
2022-03-03 00:00:00;0.341260568
2022-03-03 01:00:00;0.315704596
2022-03-03 02:00:00;0.27907378699999996
2022-03-03 03:00:00;0.29407393000000004
2022-03-03 04:00:00;0.291883766
2022-03-03 05:00:00;0.296531119
2022-03-03 06:00:00;0.354868657
2022-03-03 07:00:00;0.342853232
2022-03-03 08:00:00;0.284906243
2022-03-03 09:00:00;0.319707199
2022-03-03 10:00:00;0.31463538399999996
2022-03-03 11:00:00;0.295920159
2022-03-03 12:00:00;0.285947764
2022-03-03 13:00:00;0.287530546
2022-03-03 14:00:00;0.292037476
2022-03-03 15:00:00;0.302766835
2022-03-03 16:00:00;0.289731603
2022-03-03 17:00:00;0.30003841
2022-03-03 18:00:00;0.294632012
2022-03-03 19:00:00;0.287173079
2022-03-03 20:00:00;0.293222156
2022-03-03 21:00:00;0.301306288
2022-03-03 22:00:00;0.274596821
2022-03-03 23:00:00;0.237263937
2022-03-04 00:00:00;0.232697215
2022-03-04 01:00:00;0.240226513
2022-03-04 02:00:00;0.267876791
2022-03-04 03:00:00;0.273264766
2022-03-04 04:00:00;0.285263689
2022-03-04 05:00:00;0.298032334
2022-03-04 06:00:00;0.340878581
2022-03-04 07:00:00;0.341378417
2022-03-04 08:00:00;0.327773819
2022-03-04 09:00:00;0.282316468
2022-03-04 10:00:00;0.301622304
2022-03-04 11:00:00;0.27065103399999996
2022-03-04 12:00:00;0.279843477
2022-03-04 13:00:00;0.25438602
2022-03-04 14:00:00;0.259869872
2022-03-04 15:00:00;0.294672011
2022-03-04 16:00:00;0.271523809
2022-03-04 17:00:00;0.33744295399999996
2022-03-04 18:00:00;0.28897591899999997
2022-03-04 19:00:00;0.282832519
2022-03-04 20:00:00;0.285997234
2022-03-04 21:00:00;0.322450852
2022-03-04 22:00:00;0.30198389
2022-03-04 23:00:00;0.293343246
2022-03-05 00:00:00;0.293509087
2022-03-05 01:00:00;0.250478915
2022-03-05 02:00:00;0.24470346699999998
2022-03-05 03:00:00;0.252831967
2022-03-05 04:00:00;0.27236006300000004
2022-03-05 05:00:00;0.28634718600000003
2022-03-05 06:00:00;0.288450394
2022-03-05 07:00:00;0.280406228
2022-03-05 08:00:00;0.273735105
2022-03-05 09:00:00;0.316631169
2022-03-05 10:00:00;0.307367143
2022-03-05 11:00:00;0.308117869
2022-03-05 12:00:00;0.31165967
2022-03-05 13:00:00;0.319831215
2022-03-05 14:00:00;0.31743039599999995
2022-03-05 15:00:00;0.298496188
2022-03-05 16:00:00;0.29614987200000004
2022-03-05 17:00:00;0.32575434200000003
2022-03-05 18:00:00;0.320397464
2022-03-05 19:00:00;0.317501427
2022-03-05 20:00:00;0.35558088099999996
2022-03-05 21:00:00;0.363903662
2022-03-05 22:00:00;0.357881489
2022-03-05 23:00:00;0.331192768
2022-03-06 00:00:00;0.296991752
2022-03-06 01:00:00;0.295013462
2022-03-06 02:00:00;0.307534485
2022-03-06 03:00:00;0.29801412699999996
2022-03-06 04:00:00;0.28889415100000004
2022-03-06 05:00:00;0.295904876
2022-03-06 06:00:00;0.335258407
2022-03-06 07:00:00;0.333581782
2022-03-06 08:00:00;0.31323384499999996
2022-03-06 09:00:00;0.231656194
2022-03-06 10:00:00;0.270381177
2022-03-06 11:00:00;0.266749797
2022-03-06 12:00:00;0.269830355
2022-03-06 13:00:00;0.269942061
2022-03-06 14:00:00;0.260536495
2022-03-06 15:00:00;0.27124299100000004
2022-03-06 16:00:00;0.306130966
2022-03-06 17:00:00;0.346999712
2022-03-06 18:00:00;0.299697592
2022-03-06 19:00:00;0.295517834
2022-03-06 20:00:00;0.299447231
2022-03-06 21:00:00;0.301482259
2022-03-06 22:00:00;0.310479755
2022-03-06 23:00:00;0.30666963399999997
2022-03-07 00:00:00;0.292819939
2022-03-07 01:00:00;0.291934968
2022-03-07 02:00:00;0.29787332400000005
2022-03-07 03:00:00;0.298009273
2022-03-07 04:00:00;0.301677265
2022-03-07 05:00:00;0.29580157100000004
2022-03-07 06:00:00;0.295942798
2022-03-07 07:00:00;0.302639278
2022-03-07 08:00:00;0.289378057
2022-03-07 09:00:00;0.27839764300000003
2022-03-07 10:00:00;0.249894171
2022-03-07 11:00:00;0.216973668
2022-03-07 12:00:00;0.221179281
2022-03-07 13:00:00;0.21458408299999998
2022-03-07 14:00:00;0.206458636
2022-03-07 15:00:00;0.231744476
2022-03-07 16:00:00;0.26247868799999996
2022-03-07 17:00:00;0.30123963
2022-03-07 18:00:00;0.31733977599999996
2022-03-07 19:00:00;0.314084887
2022-03-07 20:00:00;0.314689096
2022-03-07 21:00:00;0.306055564
2022-03-07 22:00:00;0.300997785
2022-03-07 23:00:00;0.294485592
2022-03-08 00:00:00;0.301211438
2022-03-08 01:00:00;0.304309377
2022-03-08 02:00:00;0.30175503
2022-03-08 03:00:00;0.292549791
2022-03-08 04:00:00;0.29313419
2022-03-08 05:00:00;0.318345659
2022-03-08 06:00:00;0.334732001
2022-03-08 07:00:00;0.324071942
2022-03-08 08:00:00;0.336844408
2022-03-08 09:00:00;0.313718359
2022-03-08 10:00:00;0.30857047899999995
2022-03-08 11:00:00;0.283400626
2022-03-08 12:00:00;0.28814661
2022-03-08 13:00:00;0.305283831
2022-03-08 14:00:00;0.318494192
2022-03-08 15:00:00;0.266486426
2022-03-08 16:00:00;0.328850823
2022-03-08 17:00:00;0.351410348
2022-03-08 18:00:00;0.314009278
2022-03-08 19:00:00;0.348484391
2022-03-08 20:00:00;0.318316108
2022-03-08 21:00:00;0.277828081
2022-03-08 22:00:00;0.252694953
2022-03-08 23:00:00;0.235136409
2022-03-09 00:00:00;0.255737472
2022-03-09 01:00:00;0.25993919899999995
2022-03-09 02:00:00;0.281440207
2022-03-09 03:00:00;0.285324484
2022-03-09 04:00:00;0.293041152
2022-03-09 05:00:00;0.308920334
2022-03-09 06:00:00;0.31757914699999995
2022-03-09 07:00:00;0.303684802
2022-03-09 08:00:00;0.307651014
2022-03-09 09:00:00;0.31091968400000003
2022-03-09 10:00:00;0.306619682
2022-03-09 11:00:00;0.294396032
2022-03-09 12:00:00;0.278017404
2022-03-09 13:00:00;0.26578686599999995
2022-03-09 14:00:00;0.244538633
2022-03-09 15:00:00;0.268543653
2022-03-09 16:00:00;0.261340945
2022-03-09 17:00:00;0.343557893
2022-03-09 18:00:00;0.312513332
2022-03-09 19:00:00;0.278134032
2022-03-09 20:00:00;0.277707244
2022-03-09 21:00:00;0.250135907
2022-03-09 22:00:00;0.23691573
2022-03-09 23:00:00;0.20342988399999998
2022-03-10 00:00:00;0.21118480199999998
2022-03-10 01:00:00;0.161603193
2022-03-10 02:00:00;0.13368701300000002
2022-03-10 03:00:00;0.14119574499999998
2022-03-10 04:00:00;0.135103639
2022-03-10 05:00:00;0.113149849
2022-03-10 06:00:00;0.128480042
2022-03-10 07:00:00;0.12157292
2022-03-10 08:00:00;0.15730585
2022-03-10 09:00:00;0.127262873
2022-03-10 10:00:00;0.137304281
2022-03-10 11:00:00;0.12008009800000001
2022-03-10 12:00:00;0.09323062
2022-03-10 13:00:00;0.11332815600000001
2022-03-10 14:00:00;0.109588344
2022-03-10 15:00:00;0.09393406
2022-03-10 16:00:00;0.143026943
2022-03-10 17:00:00;0.14659192899999998
2022-03-10 18:00:00;0.11538333799999999
2022-03-10 19:00:00;0.12166243299999999
2022-03-10 20:00:00;0.14326048700000002
2022-03-10 21:00:00;0.140683793
2022-03-10 22:00:00;0.172318808
2022-03-10 23:00:00;0.164909729
2022-03-11 00:00:00;0.18139054799999998
2022-03-11 01:00:00;0.172686729
2022-03-11 02:00:00;0.15854586399999998
2022-03-11 03:00:00;0.14925582499999998
2022-03-11 04:00:00;0.162993695
2022-03-11 05:00:00;0.182071758
2022-03-11 06:00:00;0.167052583
2022-03-11 07:00:00;0.177153985
2022-03-11 08:00:00;0.138224795
2022-03-11 09:00:00;0.096816653
2022-03-11 10:00:00;0.071705199
2022-03-11 11:00:00;0.07184309600000001
2022-03-11 12:00:00;0.068639684
2022-03-11 13:00:00;0.088433997
2022-03-11 14:00:00;0.079323641
2022-03-11 15:00:00;0.078746594
2022-03-11 16:00:00;0.103736979
2022-03-11 17:00:00;0.12078048400000001
2022-03-11 18:00:00;0.141826477
2022-03-11 19:00:00;0.120546325
2022-03-11 20:00:00;0.154391379
2022-03-11 21:00:00;0.125982685
2022-03-11 22:00:00;0.11317701200000001
2022-03-11 23:00:00;0.104551576
2022-03-12 00:00:00;0.109420295
2022-03-12 01:00:00;0.126231355
2022-03-12 02:00:00;0.132903145
2022-03-12 03:00:00;0.139990973
2022-03-12 04:00:00;0.134683202
2022-03-12 05:00:00;0.13635711800000003
2022-03-12 06:00:00;0.149052741
2022-03-12 07:00:00;0.137825198
2022-03-12 08:00:00;0.11426828
2022-03-12 09:00:00;0.111748418
2022-03-12 10:00:00;0.09177887300000001
2022-03-12 11:00:00;0.079456527
2022-03-12 12:00:00;0.080739984
2022-03-12 13:00:00;0.08165729000000001
2022-03-12 14:00:00;0.091455682
2022-03-12 15:00:00;0.12860238100000002
2022-03-12 16:00:00;0.159354263
2022-03-12 17:00:00;0.20041830400000002
2022-03-12 18:00:00;0.18431873999999998
2022-03-12 19:00:00;0.14073211
2022-03-12 20:00:00;0.11576742400000001
2022-03-12 21:00:00;0.155631984
2022-03-12 22:00:00;0.174103543
2022-03-12 23:00:00;0.178017292
2022-03-13 00:00:00;0.18346607
2022-03-13 01:00:00;0.143270516
2022-03-13 02:00:00;0.107217211
2022-03-13 03:00:00;0.085723388
2022-03-13 04:00:00;0.08614126899999999
2022-03-13 05:00:00;0.065677383
2022-03-13 06:00:00;0.064437775
2022-03-13 07:00:00;0.06897370800000001
2022-03-13 08:00:00;0.063916556
2022-03-13 09:00:00;0.0529529
2022-03-13 10:00:00;0.050652217
2022-03-13 11:00:00;0.046585115
2022-03-13 12:00:00;0.062226586
2022-03-13 13:00:00;0.06973721199999999
2022-03-13 14:00:00;0.077028152
2022-03-13 15:00:00;0.052443886999999995
2022-03-13 16:00:00;0.06550334499999999
2022-03-13 17:00:00;0.089443392
2022-03-13 18:00:00;0.08132110299999999
2022-03-13 19:00:00;0.088712182
2022-03-13 20:00:00;0.078382321
2022-03-13 21:00:00;0.133345807
2022-03-13 22:00:00;0.090792675
2022-03-13 23:00:00;0.093204875
2022-03-14 00:00:00;0.149316609
2022-03-14 01:00:00;0.13912518499999998
2022-03-14 02:00:00;0.10395259
2022-03-14 03:00:00;0.106116968
2022-03-14 04:00:00;0.127882459
2022-03-14 05:00:00;0.102679385
2022-03-14 06:00:00;0.11964883500000001
2022-03-14 07:00:00;0.185373544
2022-03-14 08:00:00;0.187269869
2022-03-14 09:00:00;0.1803141
2022-03-14 10:00:00;0.13914039399999997
2022-03-14 11:00:00;0.160372296
2022-03-14 12:00:00;0.143770487
2022-03-14 13:00:00;0.116842225
2022-03-14 14:00:00;0.167859802
2022-03-14 15:00:00;0.20179615
2022-03-14 16:00:00;0.24016892
2022-03-14 17:00:00;0.262632419
2022-03-14 18:00:00;0.269284242
2022-03-14 19:00:00;0.263775556
2022-03-14 20:00:00;0.262659339
2022-03-14 21:00:00;0.252542931
2022-03-14 22:00:00;0.231673775
2022-03-14 23:00:00;0.228898039
2022-03-15 00:00:00;0.24329476500000002
2022-03-15 01:00:00;0.240964563
2022-03-15 02:00:00;0.236983115
2022-03-15 03:00:00;0.238131314
2022-03-15 04:00:00;0.247428998
2022-03-15 05:00:00;0.25845044
2022-03-15 06:00:00;0.27314831700000003
2022-03-15 07:00:00;0.307658947
2022-03-15 08:00:00;0.31389599900000004
2022-03-15 09:00:00;0.289473767
2022-03-15 10:00:00;0.269840371
2022-03-15 11:00:00;0.243221994
2022-03-15 12:00:00;0.225162388
2022-03-15 13:00:00;0.222431604
2022-03-15 14:00:00;0.262650151
2022-03-15 15:00:00;0.272106087
2022-03-15 16:00:00;0.252311566
2022-03-15 17:00:00;0.28538570399999996
2022-03-15 18:00:00;0.30872556700000003
2022-03-15 19:00:00;0.318783301
2022-03-15 20:00:00;0.29795887
2022-03-15 21:00:00;0.304988251
2022-03-15 22:00:00;0.299368246
2022-03-15 23:00:00;0.28059402699999997
2022-03-16 00:00:00;0.297769689
2022-03-16 01:00:00;0.26067309299999997
2022-03-16 02:00:00;0.24454084
2022-03-16 03:00:00;0.24580673
2022-03-16 04:00:00;0.242596578
2022-03-16 05:00:00;0.24015699699999998
2022-03-16 06:00:00;0.253485437
2022-03-16 07:00:00;0.285062881
2022-03-16 08:00:00;0.239241121
2022-03-16 09:00:00;0.21044117299999998
2022-03-16 10:00:00;0.214664504
2022-03-16 11:00:00;0.203143454
2022-03-16 12:00:00;0.20419041100000002
2022-03-16 13:00:00;0.171250204
2022-03-16 14:00:00;0.144074118
2022-03-16 15:00:00;0.171231699
2022-03-16 16:00:00;0.195834361
2022-03-16 17:00:00;0.202575484
2022-03-16 18:00:00;0.189369307
2022-03-16 19:00:00;0.19785551599999998
2022-03-16 20:00:00;0.16688142
2022-03-16 21:00:00;0.170815542
2022-03-16 22:00:00;0.17028519
2022-03-16 23:00:00;0.16022077899999998
2022-03-17 00:00:00;0.109969857
2022-03-17 01:00:00;0.083759815
2022-03-17 02:00:00;0.079150756
2022-03-17 03:00:00;0.072623515
2022-03-17 04:00:00;0.07367977
2022-03-17 05:00:00;0.07613914599999999
2022-03-17 06:00:00;0.07464554
2022-03-17 07:00:00;0.090398805
2022-03-17 08:00:00;0.09766248699999999
2022-03-17 09:00:00;0.08703203600000001
2022-03-17 10:00:00;0.083518475
2022-03-17 11:00:00;0.109925335
2022-03-17 12:00:00;0.10956449
2022-03-17 13:00:00;0.10258776
2022-03-17 14:00:00;0.093170996
2022-03-17 15:00:00;0.09459009
2022-03-17 16:00:00;0.113798908
2022-03-17 17:00:00;0.14863796099999999
2022-03-17 18:00:00;0.162696901
2022-03-17 19:00:00;0.17932281800000002
2022-03-17 20:00:00;0.15136387199999998
2022-03-17 21:00:00;0.12449518600000001
2022-03-17 22:00:00;0.142495631
2022-03-17 23:00:00;0.130694107
2022-03-18 00:00:00;0.108423934
2022-03-18 01:00:00;0.175000179
2022-03-18 02:00:00;0.16739517799999998
2022-03-18 03:00:00;0.167193802
2022-03-18 04:00:00;0.175824196
2022-03-18 05:00:00;0.18960800900000002
2022-03-18 06:00:00;0.20576140799999998
2022-03-18 07:00:00;0.22812585999999999
2022-03-18 08:00:00;0.197886822
2022-03-18 09:00:00;0.187516656
2022-03-18 10:00:00;0.169271762
2022-03-18 11:00:00;0.147836023
2022-03-18 12:00:00;0.147453229
2022-03-18 13:00:00;0.148339438
2022-03-18 14:00:00;0.150440068
2022-03-18 15:00:00;0.138560564
2022-03-18 16:00:00;0.178930951
2022-03-18 17:00:00;0.20240692400000002
2022-03-18 18:00:00;0.231478496
2022-03-18 19:00:00;0.240319703
2022-03-18 20:00:00;0.214397132
2022-03-18 21:00:00;0.222655586
2022-03-18 22:00:00;0.20734044000000001
2022-03-18 23:00:00;0.215669062
2022-03-19 00:00:00;0.278014404
2022-03-19 01:00:00;0.274943148
2022-03-19 02:00:00;0.19879897600000002
2022-03-19 03:00:00;0.20351002199999998
2022-03-19 04:00:00;0.15642393000000002
2022-03-19 05:00:00;0.207084027
2022-03-19 06:00:00;0.237293024
2022-03-19 07:00:00;0.28700646799999996
2022-03-19 08:00:00;0.280174661
2022-03-19 09:00:00;0.182286199
2022-03-19 10:00:00;0.206411314
2022-03-19 11:00:00;0.200321248
2022-03-19 12:00:00;0.21804423
2022-03-19 13:00:00;0.224270388
2022-03-19 14:00:00;0.206142364
2022-03-19 15:00:00;0.209991922
2022-03-19 16:00:00;0.20359037000000002
2022-03-19 17:00:00;0.198106004
2022-03-19 18:00:00;0.22232463000000002
2022-03-19 19:00:00;0.189820552
2022-03-19 20:00:00;0.175044889
2022-03-19 21:00:00;0.176917048
2022-03-19 22:00:00;0.149224244
2022-03-19 23:00:00;0.14904294899999998
2022-03-20 00:00:00;0.154090089
2022-03-20 01:00:00;0.140006169
2022-03-20 02:00:00;0.123330996
2022-03-20 03:00:00;0.096631037
2022-03-20 04:00:00;0.132083
2022-03-20 05:00:00;0.1089795
2022-03-20 06:00:00;0.087454775
2022-03-20 07:00:00;0.100866335
2022-03-20 08:00:00;0.099047367
2022-03-20 09:00:00;0.09031149299999999
2022-03-20 10:00:00;0.077694647
2022-03-20 11:00:00;0.067697695
2022-03-20 12:00:00;0.065551369
2022-03-20 13:00:00;0.077434392
2022-03-20 14:00:00;0.072763299
2022-03-20 15:00:00;0.06838126900000001
2022-03-20 16:00:00;0.057013236
2022-03-20 17:00:00;0.073098557
2022-03-20 18:00:00;0.109962663
2022-03-20 19:00:00;0.11583797900000001
2022-03-20 20:00:00;0.129656668
2022-03-20 21:00:00;0.142386748
2022-03-20 22:00:00;0.138209483
2022-03-20 23:00:00;0.121397265
2022-03-21 00:00:00;0.106274307
2022-03-21 01:00:00;0.086385806
2022-03-21 02:00:00;0.109566876
2022-03-21 03:00:00;0.134540789
2022-03-21 04:00:00;0.123287778
2022-03-21 05:00:00;0.151454498
2022-03-21 06:00:00;0.16231152199999999
2022-03-21 07:00:00;0.200794093
2022-03-21 08:00:00;0.217594073
2022-03-21 09:00:00;0.211360147
2022-03-21 10:00:00;0.19757232
2022-03-21 11:00:00;0.182204054
2022-03-21 12:00:00;0.15551833199999998
2022-03-21 13:00:00;0.152003279
2022-03-21 14:00:00;0.142192872
2022-03-21 15:00:00;0.127094777
2022-03-21 16:00:00;0.139325189
2022-03-21 17:00:00;0.192403324
2022-03-21 18:00:00;0.193329851
2022-03-21 19:00:00;0.202267609
2022-03-21 20:00:00;0.206483855
2022-03-21 21:00:00;0.208293262
2022-03-21 22:00:00;0.215208146
2022-03-21 23:00:00;0.217760839
2022-03-22 00:00:00;0.212804226
2022-03-22 01:00:00;0.22702578299999998
2022-03-22 02:00:00;0.241745078
2022-03-22 03:00:00;0.252590517
2022-03-22 04:00:00;0.25280666
2022-03-22 05:00:00;0.263179583
2022-03-22 06:00:00;0.283330888
2022-03-22 07:00:00;0.283630822
2022-03-22 08:00:00;0.296035426
2022-03-22 09:00:00;0.303509908
2022-03-22 10:00:00;0.247008129
2022-03-22 11:00:00;0.279345612
2022-03-22 12:00:00;0.255966572
2022-03-22 13:00:00;0.25401876
2022-03-22 14:00:00;0.266277024
2022-03-22 15:00:00;0.217546872
2022-03-22 16:00:00;0.23259907999999999
2022-03-22 17:00:00;0.283684726
2022-03-22 18:00:00;0.2780696
2022-03-22 19:00:00;0.255486808
2022-03-22 20:00:00;0.226448307
2022-03-22 21:00:00;0.280112734
2022-03-22 22:00:00;0.282124066
2022-03-22 23:00:00;0.26943649399999997
2022-03-23 00:00:00;0.278174171
2022-03-23 01:00:00;0.227674486
2022-03-23 02:00:00;0.22691076599999999
2022-03-23 03:00:00;0.218864413
2022-03-23 04:00:00;0.22147251499999998
2022-03-23 05:00:00;0.222415206
2022-03-23 06:00:00;0.277285308
2022-03-23 07:00:00;0.227731998
2022-03-23 08:00:00;0.284563355
2022-03-23 09:00:00;0.297201949
2022-03-23 10:00:00;0.251357749
2022-03-23 11:00:00;0.264577471
2022-03-23 12:00:00;0.321537891
2022-03-23 13:00:00;0.293732003
2022-03-23 14:00:00;0.277789084
2022-03-23 15:00:00;0.277754597
2022-03-23 16:00:00;0.242441321
2022-03-23 17:00:00;0.25199795
2022-03-23 18:00:00;0.26454144100000004
2022-03-23 19:00:00;0.260938911
2022-03-23 20:00:00;0.270262505
2022-03-23 21:00:00;0.266224774
2022-03-23 22:00:00;0.318069848
2022-03-23 23:00:00;0.311713484
2022-03-24 00:00:00;0.316604105
2022-03-24 01:00:00;0.31779740900000003
2022-03-24 02:00:00;0.31639793400000005
2022-03-24 03:00:00;0.256686311
2022-03-24 04:00:00;0.250704311
2022-03-24 05:00:00;0.27671817499999996
2022-03-24 06:00:00;0.284304112
2022-03-24 07:00:00;0.28055721499999997
2022-03-24 08:00:00;0.30124290400000003
2022-03-24 09:00:00;0.28769825600000004
2022-03-24 10:00:00;0.248990887
2022-03-24 11:00:00;0.24880848
2022-03-24 12:00:00;0.266975409
2022-03-24 13:00:00;0.242898856
2022-03-24 14:00:00;0.236615778
2022-03-24 15:00:00;0.210329078
2022-03-24 16:00:00;0.225709094
2022-03-24 17:00:00;0.22577118999999998
2022-03-24 18:00:00;0.230781555
2022-03-24 19:00:00;0.222236518
2022-03-24 20:00:00;0.215499412
2022-03-24 21:00:00;0.213483163
2022-03-24 22:00:00;0.206029536
2022-03-24 23:00:00;0.20064517499999998
2022-03-25 00:00:00;0.16913060200000002
2022-03-25 01:00:00;0.209591391
2022-03-25 02:00:00;0.20850689
2022-03-25 03:00:00;0.190437879
2022-03-25 04:00:00;0.195494181
2022-03-25 05:00:00;0.196361096
2022-03-25 06:00:00;0.183884624
2022-03-25 07:00:00;0.17858405200000002
2022-03-25 08:00:00;0.198482297
2022-03-25 09:00:00;0.168519348
2022-03-25 10:00:00;0.12289709
2022-03-25 11:00:00;0.11196004600000001
2022-03-25 12:00:00;0.140259798
2022-03-25 13:00:00;0.126113335
2022-03-25 14:00:00;0.113108539
2022-03-25 15:00:00;0.113050223
2022-03-25 16:00:00;0.112295885
2022-03-25 17:00:00;0.104629875
2022-03-25 18:00:00;0.095458119
2022-03-25 19:00:00;0.109280108
2022-03-25 20:00:00;0.11664583399999999
2022-03-25 21:00:00;0.10458165
2022-03-25 22:00:00;0.108474514
2022-03-25 23:00:00;0.09846406399999999
2022-03-26 00:00:00;0.06628551299999999
2022-03-26 01:00:00;0.059526090000000004
2022-03-26 02:00:00;0.059969887
2022-03-26 03:00:00;0.055895632
2022-03-26 04:00:00;0.051332819
2022-03-26 05:00:00;0.067225462
2022-03-26 06:00:00;0.073228401
2022-03-26 07:00:00;0.097535817
2022-03-26 08:00:00;0.095220624
2022-03-26 09:00:00;0.10402516
2022-03-26 10:00:00;0.08282202599999999
2022-03-26 11:00:00;0.178199582
2022-03-26 12:00:00;0.19192823
2022-03-26 13:00:00;0.201314435
2022-03-26 14:00:00;0.219541639
2022-03-26 15:00:00;0.263292723
2022-03-26 16:00:00;0.277875862
2022-03-26 17:00:00;0.256873784
2022-03-26 18:00:00;0.242957331
2022-03-26 19:00:00;0.236648126
2022-03-26 20:00:00;0.273551895
2022-03-26 21:00:00;0.24866105400000002
2022-03-26 22:00:00;0.255800505
2022-03-26 23:00:00;0.272750176
2022-03-27 00:00:00;0.238908201
2022-03-27 01:00:00;0.23039198200000002
2022-03-27 03:00:00;0.22580091200000002
2022-03-27 04:00:00;0.216937084
2022-03-27 05:00:00;0.20869754399999998
2022-03-27 06:00:00;0.20451855
2022-03-27 07:00:00;0.19067805300000001
2022-03-27 08:00:00;0.19557296999999998
2022-03-27 09:00:00;0.177849391
2022-03-27 10:00:00;0.187730783
2022-03-27 11:00:00;0.135876209
2022-03-27 12:00:00;0.153399338
2022-03-27 13:00:00;0.116487531
2022-03-27 14:00:00;0.116326155
2022-03-27 15:00:00;0.116804106
2022-03-27 16:00:00;0.101361089
2022-03-27 17:00:00;0.176066622
2022-03-27 18:00:00;0.193238278
2022-03-27 19:00:00;0.18220087799999998
2022-03-27 20:00:00;0.183484447
2022-03-27 21:00:00;0.168119213
2022-03-27 22:00:00;0.141834523
2022-03-27 23:00:00;0.124556762
2022-03-28 00:00:00;0.120326497
2022-03-28 01:00:00;0.124876891
2022-03-28 02:00:00;0.116709098
2022-03-28 03:00:00;0.108300325
2022-03-28 04:00:00;0.11813359300000001
2022-03-28 05:00:00;0.097192766
2022-03-28 06:00:00;0.096751716
2022-03-28 07:00:00;0.109492595
2022-03-28 08:00:00;0.123295292
2022-03-28 09:00:00;0.08329458
2022-03-28 10:00:00;0.049429008
2022-03-28 11:00:00;0.043372424
2022-03-28 12:00:00;0.034381293
2022-03-28 13:00:00;0.034635463
2022-03-28 14:00:00;0.032505656
2022-03-28 15:00:00;0.031969223
2022-03-28 16:00:00;0.029454605000000002
2022-03-28 17:00:00;0.034678658
2022-03-28 18:00:00;0.047558967
2022-03-28 19:00:00;0.052830087
2022-03-28 20:00:00;0.076181516
2022-03-28 21:00:00;0.07887924099999999
2022-03-28 22:00:00;0.07967511299999999
2022-03-28 23:00:00;0.07972541200000001
2022-03-29 00:00:00;0.109465794
2022-03-29 01:00:00;0.11404727099999999
2022-03-29 02:00:00;0.129127837
2022-03-29 03:00:00;0.17287106
2022-03-29 04:00:00;0.205670572
2022-03-29 05:00:00;0.20655938699999998
2022-03-29 06:00:00;0.214697352
2022-03-29 07:00:00;0.215361262
2022-03-29 08:00:00;0.214553706
2022-03-29 09:00:00;0.213617123
2022-03-29 10:00:00;0.19945249799999998
2022-03-29 11:00:00;0.202049244
2022-03-29 12:00:00;0.21282653199999998
2022-03-29 13:00:00;0.215733757
2022-03-29 14:00:00;0.20241394199999999
2022-03-29 15:00:00;0.207001406
2022-03-29 16:00:00;0.23852189999999998
2022-03-29 17:00:00;0.224076819
2022-03-29 18:00:00;0.226366745
2022-03-29 19:00:00;0.23455673200000002
2022-03-29 20:00:00;0.25737483099999997
2022-03-29 21:00:00;0.250009357
2022-03-29 22:00:00;0.24661239299999999
2022-03-29 23:00:00;0.289607567
2022-03-30 00:00:00;0.28253027
2022-03-30 01:00:00;0.29124249500000005
2022-03-30 02:00:00;0.28567617
2022-03-30 03:00:00;0.278112374
2022-03-30 04:00:00;0.259233634
2022-03-30 05:00:00;0.246528241
2022-03-30 06:00:00;0.263186787
2022-03-30 07:00:00;0.277161119
2022-03-30 08:00:00;0.265295546
2022-03-30 09:00:00;0.235591997
2022-03-30 10:00:00;0.217815153
2022-03-30 11:00:00;0.20708093400000002
2022-03-30 12:00:00;0.185513323
2022-03-30 13:00:00;0.181116203
2022-03-30 14:00:00;0.207325636
2022-03-30 15:00:00;0.193132474
2022-03-30 16:00:00;0.18848863800000001
2022-03-30 17:00:00;0.199206869
2022-03-30 18:00:00;0.201305393
2022-03-30 19:00:00;0.20281693
2022-03-30 20:00:00;0.19780520000000001
2022-03-30 21:00:00;0.185336109
2022-03-30 22:00:00;0.18378330299999998
2022-03-30 23:00:00;0.213436072
2022-03-31 00:00:00;0.207690166
2022-03-31 01:00:00;0.187257476
2022-03-31 02:00:00;0.209448649
2022-03-31 03:00:00;0.266966092
2022-03-31 04:00:00;0.250230886
2022-03-31 05:00:00;0.204766141
2022-03-31 06:00:00;0.15549206499999998
2022-03-31 07:00:00;0.16547071
2022-03-31 08:00:00;0.193541001
2022-03-31 09:00:00;0.162134713
2022-03-31 10:00:00;0.17016189399999998
2022-03-31 11:00:00;0.170705323
2022-03-31 12:00:00;0.22288915
2022-03-31 13:00:00;0.230017438
2022-03-31 14:00:00;0.22779244399999998
2022-03-31 15:00:00;0.21379874100000001
2022-03-31 16:00:00;0.23894970399999999
2022-03-31 17:00:00;0.277102411
2022-03-31 18:00:00;0.265999061
2022-03-31 19:00:00;0.222460203
2022-03-31 20:00:00;0.25631864000000004
2022-03-31 21:00:00;0.215196814
2022-03-31 22:00:00;0.199947813
2022-03-31 23:00:00;0.205566372
2022-04-01 00:00:00;0.198533424
2022-04-01 01:00:00;0.178725638
2022-04-01 02:00:00;0.218798431
2022-04-01 03:00:00;0.19509263100000002
2022-04-01 04:00:00;0.189042484
2022-04-01 05:00:00;0.23515951400000001
2022-04-01 06:00:00;0.237125776
2022-04-01 07:00:00;0.241120275
2022-04-01 08:00:00;0.26191213399999996
2022-04-01 09:00:00;0.243199009
2022-04-01 10:00:00;0.205380472
2022-04-01 11:00:00;0.214543663
2022-04-01 12:00:00;0.190694451
2022-04-01 13:00:00;0.177582473
2022-04-01 14:00:00;0.17429276999999999
2022-04-01 15:00:00;0.17168686
2022-04-01 16:00:00;0.162129308
2022-04-01 17:00:00;0.171473221
2022-04-01 18:00:00;0.173598291
2022-04-01 19:00:00;0.21364871600000002
2022-04-01 20:00:00;0.21078156
2022-04-01 21:00:00;0.23853681599999998
2022-04-01 22:00:00;0.228270324
2022-04-01 23:00:00;0.231665142
2022-04-02 00:00:00;0.233613648
2022-04-02 01:00:00;0.254108955
2022-04-02 02:00:00;0.27276152200000003
2022-04-02 03:00:00;0.25750994400000005
2022-04-02 04:00:00;0.26635805599999995
2022-04-02 05:00:00;0.266586306
2022-04-02 06:00:00;0.286025366
2022-04-02 07:00:00;0.319573155
2022-04-02 08:00:00;0.298044272
2022-04-02 09:00:00;0.272407405
2022-04-02 10:00:00;0.219427359
2022-04-02 11:00:00;0.28356561399999997
2022-04-02 12:00:00;0.288215348
2022-04-02 13:00:00;0.277379613
2022-04-02 14:00:00;0.27695446500000004
2022-04-02 15:00:00;0.234486907
2022-04-02 16:00:00;0.20102925200000002
2022-04-02 17:00:00;0.220184454
2022-04-02 18:00:00;0.26088885
2022-04-02 19:00:00;0.211937112
2022-04-02 20:00:00;0.19212575
2022-04-02 21:00:00;0.194622981
2022-04-02 22:00:00;0.192208414
2022-04-02 23:00:00;0.183758118
2022-04-03 00:00:00;0.149252006
2022-04-03 01:00:00;0.13402713900000002
2022-04-03 02:00:00;0.113050506
2022-04-03 03:00:00;0.118507976
2022-04-03 04:00:00;0.123116625
2022-04-03 05:00:00;0.165383787
2022-04-03 06:00:00;0.172806411
2022-04-03 07:00:00;0.176959009
2022-04-03 08:00:00;0.17739305200000002
2022-04-03 09:00:00;0.14922312199999999
2022-04-03 10:00:00;0.156976574
2022-04-03 11:00:00;0.13452173199999998
2022-04-03 12:00:00;0.123597686
2022-04-03 13:00:00;0.087289156
2022-04-03 14:00:00;0.086555767
2022-04-03 15:00:00;0.141503256
2022-04-03 16:00:00;0.152804989
2022-04-03 17:00:00;0.13729169
2022-04-03 18:00:00;0.17529156299999998
2022-04-03 19:00:00;0.168604954
2022-04-03 20:00:00;0.14575335
2022-04-03 21:00:00;0.15028430599999998
2022-04-03 22:00:00;0.14201804899999998
2022-04-03 23:00:00;0.15151711299999998
2022-04-04 00:00:00;0.148053881
2022-04-04 01:00:00;0.152430453
2022-04-04 02:00:00;0.11171605999999999
2022-04-04 03:00:00;0.105104198
2022-04-04 04:00:00;0.11884082700000001
2022-04-04 05:00:00;0.12033963
2022-04-04 06:00:00;0.128534775
2022-04-04 07:00:00;0.11433287
2022-04-04 08:00:00;0.159627068
2022-04-04 09:00:00;0.13081956
2022-04-04 10:00:00;0.138065865
2022-04-04 11:00:00;0.115211021
2022-04-04 12:00:00;0.101485547
2022-04-04 13:00:00;0.10255239299999999
2022-04-04 14:00:00;0.082338215
2022-04-04 15:00:00;0.11097027799999999
2022-04-04 16:00:00;0.10444047100000001
2022-04-04 17:00:00;0.13064183199999999
2022-04-04 18:00:00;0.13026517799999998
2022-04-04 19:00:00;0.13040497199999998
2022-04-04 20:00:00;0.125265692
2022-04-04 21:00:00;0.107976647
2022-04-04 22:00:00;0.122336706
2022-04-04 23:00:00;0.127361288
2022-04-05 00:00:00;0.08085893400000001
2022-04-05 01:00:00;0.08175081299999999
2022-04-05 02:00:00;0.093882207
2022-04-05 03:00:00;0.076191691
2022-04-05 04:00:00;0.091175069
2022-04-05 05:00:00;0.083346424
2022-04-05 06:00:00;0.13236937199999999
2022-04-05 07:00:00;0.15463902300000001
2022-04-05 08:00:00;0.154888226
2022-04-05 09:00:00;0.129186971
2022-04-05 10:00:00;0.12862597299999998
2022-04-05 11:00:00;0.14012170399999999
2022-04-05 12:00:00;0.117732492
2022-04-05 13:00:00;0.129846506
2022-04-05 14:00:00;0.114670396
2022-04-05 15:00:00;0.10671193100000001
2022-04-05 16:00:00;0.11329410300000001
2022-04-05 17:00:00;0.110313131
2022-04-05 18:00:00;0.138950401
2022-04-05 19:00:00;0.178477252
2022-04-05 20:00:00;0.169613183
2022-04-05 21:00:00;0.19273058
2022-04-05 22:00:00;0.2287882
2022-04-05 23:00:00;0.23108292900000002
2022-04-06 00:00:00;0.26156024
2022-04-06 01:00:00;0.279528747
2022-04-06 02:00:00;0.281851547
2022-04-06 03:00:00;0.256293868
2022-04-06 04:00:00;0.236450983
2022-04-06 05:00:00;0.244225891
2022-04-06 06:00:00;0.252536407
2022-04-06 07:00:00;0.23709613
2022-04-06 08:00:00;0.213900019
2022-04-06 09:00:00;0.146062036
2022-04-06 10:00:00;0.140409885
2022-04-06 11:00:00;0.121344065
2022-04-06 12:00:00;0.09127102299999999
2022-04-06 13:00:00;0.07439765400000001
2022-04-06 14:00:00;0.085826677
2022-04-06 15:00:00;0.09258604200000001
2022-04-06 16:00:00;0.09933223599999999
2022-04-06 17:00:00;0.074837478
2022-04-06 18:00:00;0.11278864799999999
2022-04-06 19:00:00;0.106993824
2022-04-06 20:00:00;0.123271616
2022-04-06 21:00:00;0.134937036
2022-04-06 22:00:00;0.165970213
2022-04-06 23:00:00;0.182235456
2022-04-07 00:00:00;0.154939716
2022-04-07 01:00:00;0.19695398700000002
2022-04-07 02:00:00;0.252307341
2022-04-07 03:00:00;0.223575156
2022-04-07 04:00:00;0.224580742
2022-04-07 05:00:00;0.248201256
2022-04-07 06:00:00;0.278698947
2022-04-07 07:00:00;0.252859253
2022-04-07 08:00:00;0.239089361
2022-04-07 09:00:00;0.231244743
2022-04-07 10:00:00;0.209517493
2022-04-07 11:00:00;0.164824785
2022-04-07 12:00:00;0.14205472
2022-04-07 13:00:00;0.124010986
2022-04-07 14:00:00;0.11649857
2022-04-07 15:00:00;0.11434729299999999
2022-04-07 16:00:00;0.160809199
2022-04-07 17:00:00;0.16458711099999998
2022-04-07 18:00:00;0.182183804
2022-04-07 19:00:00;0.19125752399999998
2022-04-07 20:00:00;0.131930448
2022-04-07 21:00:00;0.126724143
2022-04-07 22:00:00;0.12905365800000002
2022-04-07 23:00:00;0.154823195
2022-04-08 00:00:00;0.15403947299999998
2022-04-08 01:00:00;0.166842026
2022-04-08 02:00:00;0.16665100100000002
2022-04-08 03:00:00;0.162825122
2022-04-08 04:00:00;0.169091524
2022-04-08 05:00:00;0.120414092
2022-04-08 06:00:00;0.164067933
2022-04-08 07:00:00;0.12372687
2022-04-08 08:00:00;0.107235123
2022-04-08 09:00:00;0.09639917199999999
2022-04-08 10:00:00;0.092691334
2022-04-08 11:00:00;0.12890549899999998
2022-04-08 12:00:00;0.138603711
2022-04-08 13:00:00;0.148084377
2022-04-08 14:00:00;0.160925659
2022-04-08 15:00:00;0.14692881700000002
2022-04-08 16:00:00;0.124231255
2022-04-08 17:00:00;0.14809431799999997
2022-04-08 18:00:00;0.16446079700000002
2022-04-08 19:00:00;0.15342450700000002
2022-04-08 20:00:00;0.134633228
2022-04-08 21:00:00;0.118188434
2022-04-08 22:00:00;0.09433046
2022-04-08 23:00:00;0.075512108
2022-04-09 00:00:00;0.07153337600000001
2022-04-09 01:00:00;0.087082503
2022-04-09 02:00:00;0.057425085
2022-04-09 03:00:00;0.069413891
2022-04-09 04:00:00;0.0689927
2022-04-09 05:00:00;0.061114829999999995
2022-04-09 06:00:00;0.053089186
2022-04-09 07:00:00;0.075138019
2022-04-09 08:00:00;0.074487567
2022-04-09 09:00:00;0.062654367
2022-04-09 10:00:00;0.053688513
2022-04-09 11:00:00;0.057471886
2022-04-09 12:00:00;0.06689521100000001
2022-04-09 13:00:00;0.051400599
2022-04-09 14:00:00;0.093475016
2022-04-09 15:00:00;0.062846258
2022-04-09 16:00:00;0.06313226499999999
2022-04-09 17:00:00;0.037463143000000004
2022-04-09 18:00:00;0.08071675399999999
2022-04-09 19:00:00;0.11626205
2022-04-09 20:00:00;0.08910815700000001
2022-04-09 21:00:00;0.082387737
2022-04-09 22:00:00;0.07354118800000001
2022-04-09 23:00:00;0.066615686
2022-04-10 00:00:00;0.048427697
2022-04-10 01:00:00;0.064122052
2022-04-10 02:00:00;0.052238588999999995
2022-04-10 03:00:00;0.056558829000000005
2022-04-10 04:00:00;0.05206546
2022-04-10 05:00:00;0.052988039
2022-04-10 06:00:00;0.048404321
2022-04-10 07:00:00;0.04625137
2022-04-10 08:00:00;0.035829932
2022-04-10 09:00:00;0.034555825
2022-04-10 10:00:00;0.039922018000000004
2022-04-10 11:00:00;0.036512152
2022-04-10 12:00:00;0.035000807
2022-04-10 13:00:00;0.038372252
2022-04-10 14:00:00;0.038685712000000004
2022-04-10 15:00:00;0.045102755
2022-04-10 16:00:00;0.04967198
2022-04-10 17:00:00;0.052118256
2022-04-10 18:00:00;0.057432865
2022-04-10 19:00:00;0.08199562299999999
2022-04-10 20:00:00;0.079593389
2022-04-10 21:00:00;0.08432642
2022-04-10 22:00:00;0.110376046
2022-04-10 23:00:00;0.114547814
2022-04-11 00:00:00;0.11467698900000001
2022-04-11 01:00:00;0.140347229
2022-04-11 02:00:00;0.139675601
2022-04-11 03:00:00;0.125692003
2022-04-11 04:00:00;0.122550663
2022-04-11 05:00:00;0.111284362
2022-04-11 06:00:00;0.10867516299999999
2022-04-11 07:00:00;0.13480500699999998
2022-04-11 08:00:00;0.144315512
2022-04-11 09:00:00;0.13581902299999998
2022-04-11 10:00:00;0.13662396300000001
2022-04-11 11:00:00;0.115002077
2022-04-11 12:00:00;0.159087755
2022-04-11 13:00:00;0.120191373
2022-04-11 14:00:00;0.1224938
2022-04-11 15:00:00;0.138270687
2022-04-11 16:00:00;0.142006369
2022-04-11 17:00:00;0.21325171
2022-04-11 18:00:00;0.262095066
2022-04-11 19:00:00;0.300015888
2022-04-11 20:00:00;0.276142568
2022-04-11 21:00:00;0.259531368
2022-04-11 22:00:00;0.26145927
2022-04-11 23:00:00;0.233568633
2022-04-12 00:00:00;0.18848377
2022-04-12 01:00:00;0.207700203
2022-04-12 02:00:00;0.230288067
2022-04-12 03:00:00;0.20702399900000001
2022-04-12 04:00:00;0.192080849
2022-04-12 05:00:00;0.175186689
2022-04-12 06:00:00;0.195785686
2022-04-12 07:00:00;0.212035551
2022-04-12 08:00:00;0.160231099
2022-04-12 09:00:00;0.161256443
2022-04-12 10:00:00;0.132929698
2022-04-12 11:00:00;0.098889104
2022-04-12 12:00:00;0.127545561
2022-04-12 13:00:00;0.108791405
2022-04-12 14:00:00;0.097145383
2022-04-12 15:00:00;0.08689627400000001
2022-04-12 16:00:00;0.07720189499999999
2022-04-12 17:00:00;0.087103525
2022-04-12 18:00:00;0.12876669000000002
2022-04-12 19:00:00;0.093651625
2022-04-12 20:00:00;0.089649615
2022-04-12 21:00:00;0.074955042
2022-04-12 22:00:00;0.095724386
2022-04-12 23:00:00;0.10247305799999999
2022-04-13 00:00:00;0.095552362
2022-04-13 01:00:00;0.08451051
2022-04-13 02:00:00;0.055149687
2022-04-13 03:00:00;0.061492673000000005
2022-04-13 04:00:00;0.082226386
2022-04-13 05:00:00;0.09060955
2022-04-13 06:00:00;0.10541703300000001
2022-04-13 07:00:00;0.08563163400000001
2022-04-13 08:00:00;0.093118453
2022-04-13 09:00:00;0.12733877200000002
2022-04-13 10:00:00;0.09630403
2022-04-13 11:00:00;0.10581044099999999
2022-04-13 12:00:00;0.10680040700000001
2022-04-13 13:00:00;0.09935132299999999
2022-04-13 14:00:00;0.097360743
2022-04-13 15:00:00;0.094958936
2022-04-13 16:00:00;0.13682023899999998
2022-04-13 17:00:00;0.165807911
2022-04-13 18:00:00;0.18294474600000002
2022-04-13 19:00:00;0.20619620800000002
2022-04-13 20:00:00;0.19848039
2022-04-13 21:00:00;0.188539233
2022-04-13 22:00:00;0.19073117199999998
2022-04-13 23:00:00;0.19750157899999998
2022-04-14 00:00:00;0.170567082
2022-04-14 01:00:00;0.17407884899999998
2022-04-14 02:00:00;0.166067766
2022-04-14 03:00:00;0.155195884
2022-04-14 04:00:00;0.1600455
2022-04-14 05:00:00;0.155990199
2022-04-14 06:00:00;0.15098319000000002
2022-04-14 07:00:00;0.14225143499999998
2022-04-14 08:00:00;0.149520019
2022-04-14 09:00:00;0.148790659
2022-04-14 10:00:00;0.141210259
2022-04-14 11:00:00;0.125459108
2022-04-14 12:00:00;0.13344809900000001
2022-04-14 13:00:00;0.13199413599999998
2022-04-14 14:00:00;0.15513386199999998
2022-04-14 15:00:00;0.162209833
2022-04-14 16:00:00;0.14456903
2022-04-14 17:00:00;0.15056751399999999
2022-04-14 18:00:00;0.151245707
2022-04-14 19:00:00;0.126827307
2022-04-14 20:00:00;0.131004077
2022-04-14 21:00:00;0.141511426
2022-04-14 22:00:00;0.14245518899999998
2022-04-14 23:00:00;0.13530970199999998
2022-04-15 00:00:00;0.124642403
2022-04-15 01:00:00;0.140281438
2022-04-15 02:00:00;0.108850758
2022-04-15 03:00:00;0.12089525999999999
2022-04-15 04:00:00;0.121298365
2022-04-15 05:00:00;0.105405303
2022-04-15 06:00:00;0.138221186
2022-04-15 07:00:00;0.139384376
2022-04-15 08:00:00;0.144917045
2022-04-15 09:00:00;0.133661299
2022-04-15 10:00:00;0.168179465
2022-04-15 11:00:00;0.17395424299999998
2022-04-15 12:00:00;0.204758658
2022-04-15 13:00:00;0.213322521
2022-04-15 14:00:00;0.198697269
2022-04-15 15:00:00;0.191502248
2022-04-15 16:00:00;0.153108866
2022-04-15 17:00:00;0.214982638
2022-04-15 18:00:00;0.242292914
2022-04-15 19:00:00;0.21855864500000002
2022-04-15 20:00:00;0.194132644
2022-04-15 21:00:00;0.188732934
2022-04-15 22:00:00;0.191167341
2022-04-15 23:00:00;0.208883559
2022-04-16 00:00:00;0.220545743
2022-04-16 01:00:00;0.251512775
2022-04-16 02:00:00;0.300302208
2022-04-16 03:00:00;0.305462656
2022-04-16 04:00:00;0.30359572700000004
2022-04-16 05:00:00;0.30396807200000003
2022-04-16 06:00:00;0.245669827
2022-04-16 07:00:00;0.257532516
2022-04-16 08:00:00;0.24631263
2022-04-16 09:00:00;0.216966196
2022-04-16 10:00:00;0.26386211
2022-04-16 11:00:00;0.236014502
2022-04-16 12:00:00;0.224883262
2022-04-16 13:00:00;0.20682134400000002
2022-04-16 14:00:00;0.197892109
2022-04-16 15:00:00;0.20339405600000002
2022-04-16 16:00:00;0.218151037
2022-04-16 17:00:00;0.208388537
2022-04-16 18:00:00;0.26384554400000004
2022-04-16 19:00:00;0.306370199
2022-04-16 20:00:00;0.290674074
2022-04-16 21:00:00;0.282472829
2022-04-16 22:00:00;0.28861703699999997
2022-04-16 23:00:00;0.279653877
2022-04-17 00:00:00;0.29170761599999995
2022-04-17 01:00:00;0.296769955
2022-04-17 02:00:00;0.319078378
2022-04-17 03:00:00;0.31446121699999996
2022-04-17 04:00:00;0.308769101
2022-04-17 05:00:00;0.310180065
2022-04-17 06:00:00;0.321785176
2022-04-17 07:00:00;0.294169229
2022-04-17 08:00:00;0.241197958
2022-04-17 09:00:00;0.206047959
2022-04-17 10:00:00;0.224154999
2022-04-17 11:00:00;0.248986348
2022-04-17 12:00:00;0.29860424999999996
2022-04-17 13:00:00;0.29715284000000003
2022-04-17 14:00:00;0.25506996
2022-04-17 15:00:00;0.211571508
2022-04-17 16:00:00;0.229912287
2022-04-17 17:00:00;0.233556944
2022-04-17 18:00:00;0.2735638
2022-04-17 19:00:00;0.312973147
2022-04-17 20:00:00;0.339102445
2022-04-17 21:00:00;0.333729392
2022-04-17 22:00:00;0.311923804
2022-04-17 23:00:00;0.28309666299999997
2022-04-18 00:00:00;0.27418686200000003
2022-04-18 01:00:00;0.268517566
2022-04-18 02:00:00;0.256392799
2022-04-18 03:00:00;0.267084133
2022-04-18 04:00:00;0.287911999
2022-04-18 05:00:00;0.292830073
2022-04-18 06:00:00;0.309751485
2022-04-18 07:00:00;0.29031827600000004
2022-04-18 08:00:00;0.247557255
2022-04-18 09:00:00;0.204033672
2022-04-18 10:00:00;0.17860282900000002
2022-04-18 11:00:00;0.242000212
2022-04-18 12:00:00;0.275284448
2022-04-18 13:00:00;0.266519106
2022-04-18 14:00:00;0.247136878
2022-04-18 15:00:00;0.219163621
2022-04-18 16:00:00;0.17243608800000002
2022-04-18 17:00:00;0.2278753
2022-04-18 18:00:00;0.253371429
2022-04-18 19:00:00;0.246065696
2022-04-18 20:00:00;0.17302736
2022-04-18 21:00:00;0.14579792800000002
2022-04-18 22:00:00;0.143519275
2022-04-18 23:00:00;0.131449129
2022-04-19 00:00:00;0.129607949
2022-04-19 01:00:00;0.13027093099999998
2022-04-19 02:00:00;0.135303429
2022-04-19 03:00:00;0.133844489
2022-04-19 04:00:00;0.178365535
2022-04-19 05:00:00;0.17006263000000002
2022-04-19 06:00:00;0.26253329200000003
2022-04-19 07:00:00;0.31210877699999995
2022-04-19 08:00:00;0.288154523
2022-04-19 09:00:00;0.196907639
2022-04-19 10:00:00;0.187250951
2022-04-19 11:00:00;0.21757538199999998
2022-04-19 12:00:00;0.21661234899999998
2022-04-19 13:00:00;0.233388469
2022-04-19 14:00:00;0.236597016
2022-04-19 15:00:00;0.225688988
2022-04-19 16:00:00;0.222220697
2022-04-19 17:00:00;0.221506961
2022-04-19 18:00:00;0.228077415
2022-04-19 19:00:00;0.198145469
2022-04-19 20:00:00;0.19303458599999998
2022-04-19 21:00:00;0.204947429
2022-04-19 22:00:00;0.246105154
2022-04-19 23:00:00;0.22589068399999998
2022-04-20 00:00:00;0.19713720799999998
2022-04-20 01:00:00;0.217417977
2022-04-20 02:00:00;0.26792404599999997
2022-04-20 03:00:00;0.28215258899999995
2022-04-20 04:00:00;0.20970360999999998
2022-04-20 05:00:00;0.185287456
2022-04-20 06:00:00;0.212572487
2022-04-20 07:00:00;0.199277758
2022-04-20 08:00:00;0.19897285199999998
2022-04-20 09:00:00;0.193069625
2022-04-20 10:00:00;0.185779886
2022-04-20 11:00:00;0.235995507
2022-04-20 12:00:00;0.25259340599999996
2022-04-20 13:00:00;0.257501356
2022-04-20 14:00:00;0.23854373799999998
2022-04-20 15:00:00;0.215546444
2022-04-20 16:00:00;0.195649175
2022-04-20 17:00:00;0.114763677
2022-04-20 18:00:00;0.178843062
2022-04-20 19:00:00;0.180604227
2022-04-20 20:00:00;0.196504534
2022-04-20 21:00:00;0.188616329
2022-04-20 22:00:00;0.18193842200000002
2022-04-20 23:00:00;0.160543906
2022-04-21 00:00:00;0.109706911
2022-04-21 01:00:00;0.116988287
2022-04-21 02:00:00;0.116808881
2022-04-21 03:00:00;0.109587061
2022-04-21 04:00:00;0.129957197
2022-04-21 05:00:00;0.184351799
2022-04-21 06:00:00;0.198113492
2022-04-21 07:00:00;0.186168882
2022-04-21 08:00:00;0.17205689000000002
2022-04-21 09:00:00;0.15149933799999998
2022-04-21 10:00:00;0.135790205
2022-04-21 11:00:00;0.159995462
2022-04-21 12:00:00;0.167234896
2022-04-21 13:00:00;0.175910595
2022-04-21 14:00:00;0.183699807
2022-04-21 15:00:00;0.192090125
2022-04-21 16:00:00;0.199428874
2022-04-21 17:00:00;0.132367454
2022-04-21 18:00:00;0.13746984
2022-04-21 19:00:00;0.166313456
2022-04-21 20:00:00;0.17028106299999998
2022-04-21 21:00:00;0.14545899499999998
2022-04-21 22:00:00;0.091790742
2022-04-21 23:00:00;0.09471911
2022-04-22 00:00:00;0.105575673
2022-04-22 01:00:00;0.125940244
2022-04-22 02:00:00;0.11947098099999999
2022-04-22 03:00:00;0.118425709
2022-04-22 04:00:00;0.106744649
2022-04-22 05:00:00;0.089904447
2022-04-22 06:00:00;0.079635179
2022-04-22 07:00:00;0.067051288
2022-04-22 08:00:00;0.064916077
2022-04-22 09:00:00;0.07496581299999999
2022-04-22 10:00:00;0.069003224
2022-04-22 11:00:00;0.043895519
2022-04-22 12:00:00;0.041246746
2022-04-22 13:00:00;0.057155990000000004
2022-04-22 14:00:00;0.067588764
2022-04-22 15:00:00;0.076787128
2022-04-22 16:00:00;0.081558885
2022-04-22 17:00:00;0.07906886299999999
2022-04-22 18:00:00;0.072120098
2022-04-22 19:00:00;0.109382087
2022-04-22 20:00:00;0.126191681
2022-04-22 21:00:00;0.074311744
2022-04-22 22:00:00;0.089809076
2022-04-22 23:00:00;0.11957836899999999
2022-04-23 00:00:00;0.145649362
2022-04-23 01:00:00;0.15495025799999998
2022-04-23 02:00:00;0.169252319
2022-04-23 03:00:00;0.17312922
2022-04-23 04:00:00;0.168054927
2022-04-23 05:00:00;0.15306826599999998
2022-04-23 06:00:00;0.148078822
2022-04-23 07:00:00;0.14750186099999998
2022-04-23 08:00:00;0.107747603
2022-04-23 09:00:00;0.110723253
2022-04-23 10:00:00;0.13955065
2022-04-23 11:00:00;0.13536351500000002
2022-04-23 12:00:00;0.126461124
2022-04-23 13:00:00;0.133222075
2022-04-23 14:00:00;0.117928204
2022-04-23 15:00:00;0.110375286
2022-04-23 16:00:00;0.108164592
2022-04-23 17:00:00;0.092025981
2022-04-23 18:00:00;0.08342849599999999
2022-04-23 19:00:00;0.12029266
2022-04-23 20:00:00;0.121424818
2022-04-23 21:00:00;0.118353603
2022-04-23 22:00:00;0.112591889
2022-04-23 23:00:00;0.12025032000000001
2022-04-24 00:00:00;0.114204621
2022-04-24 01:00:00;0.12204136
2022-04-24 02:00:00;0.10630286800000001
2022-04-24 03:00:00;0.099734196
2022-04-24 04:00:00;0.113270788
2022-04-24 05:00:00;0.129373709
2022-04-24 06:00:00;0.117780332
2022-04-24 07:00:00;0.108736016
2022-04-24 08:00:00;0.054484901
2022-04-24 09:00:00;0.126500756
2022-04-24 10:00:00;0.12378459
2022-04-24 11:00:00;0.130380706
2022-04-24 12:00:00;0.131707931
2022-04-24 13:00:00;0.12922872100000002
2022-04-24 14:00:00;0.13357825099999998
2022-04-24 15:00:00;0.140347954
2022-04-24 16:00:00;0.15642960299999997
2022-04-24 17:00:00;0.141491518
2022-04-24 18:00:00;0.110071557
2022-04-24 19:00:00;0.129012956
2022-04-24 20:00:00;0.120080524
2022-04-24 21:00:00;0.09179219500000001
2022-04-24 22:00:00;0.089932825
2022-04-24 23:00:00;0.093075087
2022-04-25 00:00:00;0.08476686
2022-04-25 01:00:00;0.088005633
2022-04-25 02:00:00;0.102866072
2022-04-25 03:00:00;0.100722505
2022-04-25 04:00:00;0.12527470200000002
2022-04-25 05:00:00;0.16638822099999998
2022-04-25 06:00:00;0.17843545800000002
2022-04-25 07:00:00;0.18239227700000002
2022-04-25 08:00:00;0.17533175499999998
2022-04-25 09:00:00;0.112864756
2022-04-25 10:00:00;0.14052694500000001
2022-04-25 11:00:00;0.140729929
2022-04-25 12:00:00;0.144356306
2022-04-25 13:00:00;0.15014857799999998
2022-04-25 14:00:00;0.163719177
2022-04-25 15:00:00;0.162808066
2022-04-25 16:00:00;0.179051536
2022-04-25 17:00:00;0.18132244
2022-04-25 18:00:00;0.183935822
2022-04-25 19:00:00;0.180116686
2022-04-25 20:00:00;0.25701224500000003
2022-04-25 21:00:00;0.233131373
2022-04-25 22:00:00;0.231943894
2022-04-25 23:00:00;0.246430082
2022-04-26 00:00:00;0.240408345
2022-04-26 01:00:00;0.210265159
2022-04-26 02:00:00;0.21704085699999998
2022-04-26 03:00:00;0.22065822
2022-04-26 04:00:00;0.224262408
2022-04-26 05:00:00;0.225187251
2022-04-26 06:00:00;0.264154715
2022-04-26 07:00:00;0.26439209799999996
2022-04-26 08:00:00;0.257594431
2022-04-26 09:00:00;0.24388591099999998
2022-04-26 10:00:00;0.23688250400000002
2022-04-26 11:00:00;0.222747828
2022-04-26 12:00:00;0.214316429
2022-04-26 13:00:00;0.19706452100000002
2022-04-26 14:00:00;0.187327521
2022-04-26 15:00:00;0.190497139
2022-04-26 16:00:00;0.210121919
2022-04-26 17:00:00;0.22666429500000002
2022-04-26 18:00:00;0.248860903
2022-04-26 19:00:00;0.247040604
2022-04-26 20:00:00;0.2611895
2022-04-26 21:00:00;0.21573090099999997
2022-04-26 22:00:00;0.236054956
2022-04-26 23:00:00;0.23628010900000002
2022-04-27 00:00:00;0.229785308
2022-04-27 01:00:00;0.16121395000000002
2022-04-27 02:00:00;0.15308217600000001
2022-04-27 03:00:00;0.160245603
2022-04-27 04:00:00;0.165658557
2022-04-27 05:00:00;0.19004784900000002
2022-04-27 06:00:00;0.260274269
2022-04-27 07:00:00;0.295317963
2022-04-27 08:00:00;0.273809713
2022-04-27 09:00:00;0.203286114
2022-04-27 10:00:00;0.232516524
2022-04-27 11:00:00;0.216957257
2022-04-27 12:00:00;0.15689747199999998
2022-04-27 13:00:00;0.191511091
2022-04-27 14:00:00;0.12856017600000003
2022-04-27 15:00:00;0.162578143
2022-04-27 16:00:00;0.169494701
2022-04-27 17:00:00;0.188284113
2022-04-27 18:00:00;0.227650525
2022-04-27 19:00:00;0.27392392
2022-04-27 20:00:00;0.21679146900000001
2022-04-27 21:00:00;0.178426132
2022-04-27 22:00:00;0.177702406
2022-04-27 23:00:00;0.196222203
2022-04-28 00:00:00;0.17475923399999999
2022-04-28 01:00:00;0.176124664
2022-04-28 02:00:00;0.17085001700000002
2022-04-28 03:00:00;0.15156844
2022-04-28 04:00:00;0.154558188
2022-04-28 05:00:00;0.154102564
2022-04-28 06:00:00;0.164836703
2022-04-28 07:00:00;0.175387796
2022-04-28 08:00:00;0.17943918
2022-04-28 09:00:00;0.138061115
2022-04-28 10:00:00;0.130293946
2022-04-28 11:00:00;0.11498233299999999
2022-04-28 12:00:00;0.155024773
2022-04-28 13:00:00;0.18810543100000002
2022-04-28 14:00:00;0.123157161
2022-04-28 15:00:00;0.098337588
2022-04-28 16:00:00;0.101379521
2022-04-28 17:00:00;0.134315519
2022-04-28 18:00:00;0.140876942
2022-04-28 19:00:00;0.147407431
2022-04-28 20:00:00;0.162886637
2022-04-28 21:00:00;0.16216330199999998
2022-04-28 22:00:00;0.167399496
2022-04-28 23:00:00;0.157993955
2022-04-29 00:00:00;0.15172586000000002
2022-04-29 01:00:00;0.144079724
2022-04-29 02:00:00;0.16701582199999998
2022-04-29 03:00:00;0.16165380899999998
2022-04-29 04:00:00;0.164791549
2022-04-29 05:00:00;0.170960926
2022-04-29 06:00:00;0.177914604
2022-04-29 07:00:00;0.18698799700000002
2022-04-29 08:00:00;0.168345305
2022-04-29 09:00:00;0.12822533000000003
2022-04-29 10:00:00;0.114525948
2022-04-29 11:00:00;0.107145585
2022-04-29 12:00:00;0.112577931
2022-04-29 13:00:00;0.10987649399999999
2022-04-29 14:00:00;0.08753029600000001
2022-04-29 15:00:00;0.08517770899999999
2022-04-29 16:00:00;0.134862438
2022-04-29 17:00:00;0.128234171
2022-04-29 18:00:00;0.142320831
2022-04-29 19:00:00;0.17424588700000002
2022-04-29 20:00:00;0.18213705100000002
2022-04-29 21:00:00;0.21607911300000002
2022-04-29 22:00:00;0.24194070199999998
2022-04-29 23:00:00;0.256598833
2022-04-30 00:00:00;0.22441226700000003
2022-04-30 01:00:00;0.212146665
2022-04-30 02:00:00;0.20763943599999998
2022-04-30 03:00:00;0.224493369
2022-04-30 04:00:00;0.201293945
2022-04-30 05:00:00;0.259889257
2022-04-30 06:00:00;0.22931717499999998
2022-04-30 07:00:00;0.21393376
2022-04-30 08:00:00;0.222802219
2022-04-30 09:00:00;0.227106264
2022-04-30 10:00:00;0.22801972799999998
2022-04-30 11:00:00;0.19390349399999998
2022-04-30 12:00:00;0.205263521
2022-04-30 13:00:00;0.257043938
2022-04-30 14:00:00;0.219384554
2022-04-30 15:00:00;0.160137218
2022-04-30 16:00:00;0.263729802
2022-04-30 17:00:00;0.202305117
2022-04-30 18:00:00;0.210763202
2022-04-30 19:00:00;0.200899003
2022-04-30 20:00:00;0.20198625
2022-04-30 21:00:00;0.200773291
2022-04-30 22:00:00;0.20297963300000002
2022-04-30 23:00:00;0.215420254
2022-05-01 00:00:00;0.22839989900000002
2022-05-01 01:00:00;0.250305839
2022-05-01 02:00:00;0.278319392
2022-05-01 03:00:00;0.280167635
2022-05-01 04:00:00;0.271749528
2022-05-01 05:00:00;0.23731864
2022-05-01 06:00:00;0.25558611200000003
2022-05-01 07:00:00;0.28432570700000004
2022-05-01 08:00:00;0.26905372899999996
2022-05-01 09:00:00;0.349235949
2022-05-01 10:00:00;0.330130417
2022-05-01 11:00:00;0.311037807
2022-05-01 12:00:00;0.300549537
2022-05-01 13:00:00;0.260023886
2022-05-01 14:00:00;0.278165751
2022-05-01 15:00:00;0.281443215
2022-05-01 16:00:00;0.205677567
2022-05-01 17:00:00;0.236286937
2022-05-01 18:00:00;0.25173401100000004
2022-05-01 19:00:00;0.232327016
2022-05-01 20:00:00;0.21773273599999998
2022-05-01 21:00:00;0.190082152
2022-05-01 22:00:00;0.196187361
2022-05-01 23:00:00;0.190507553
2022-05-02 00:00:00;0.20298046
2022-05-02 01:00:00;0.245312435
2022-05-02 02:00:00;0.2751531
2022-05-02 03:00:00;0.249140494
2022-05-02 04:00:00;0.24790167600000002
2022-05-02 05:00:00;0.20638834499999997
2022-05-02 06:00:00;0.187882218
2022-05-02 07:00:00;0.191674396
2022-05-02 08:00:00;0.17087378
2022-05-02 09:00:00;0.149220538
2022-05-02 10:00:00;0.17005114699999999
2022-05-02 11:00:00;0.17796393900000002
2022-05-02 12:00:00;0.22669796
2022-05-02 13:00:00;0.15408455100000001
2022-05-02 14:00:00;0.170504396
2022-05-02 15:00:00;0.170473214
2022-05-02 16:00:00;0.227325999
2022-05-02 17:00:00;0.145005318
2022-05-02 18:00:00;0.106786157
2022-05-02 19:00:00;0.08956491200000001
2022-05-02 20:00:00;0.088348029
2022-05-02 21:00:00;0.08965316599999999
2022-05-02 22:00:00;0.089579347
2022-05-02 23:00:00;0.088048545
2022-05-03 00:00:00;0.089689848
2022-05-03 01:00:00;0.114744158
2022-05-03 02:00:00;0.15204104300000001
2022-05-03 03:00:00;0.130609902
2022-05-03 04:00:00;0.12905141699999997
2022-05-03 05:00:00;0.13147065900000002
2022-05-03 06:00:00;0.11707232399999999
2022-05-03 07:00:00;0.105335756
2022-05-03 08:00:00;0.098974572
2022-05-03 09:00:00;0.091450614
2022-05-03 10:00:00;0.113227992
2022-05-03 11:00:00;0.117254341
2022-05-03 12:00:00;0.156439927
2022-05-03 13:00:00;0.231246816
2022-05-03 14:00:00;0.216951013
2022-05-03 15:00:00;0.202666033
2022-05-03 16:00:00;0.17677267800000002
2022-05-03 17:00:00;0.164267484
2022-05-03 18:00:00;0.180009036
2022-05-03 19:00:00;0.188987949
2022-05-03 20:00:00;0.19452513400000002
2022-05-03 21:00:00;0.20790023600000002
2022-05-03 22:00:00;0.179042449
2022-05-03 23:00:00;0.215369898
2022-05-04 00:00:00;0.178237566
2022-05-04 01:00:00;0.235568809
2022-05-04 02:00:00;0.32393076200000004
2022-05-04 03:00:00;0.300797775
2022-05-04 04:00:00;0.223198965
2022-05-04 05:00:00;0.188280695
2022-05-04 06:00:00;0.17508189
2022-05-04 07:00:00;0.258655866
2022-05-04 08:00:00;0.264972662
2022-05-04 09:00:00;0.23101691800000002
2022-05-04 10:00:00;0.276290658
2022-05-04 11:00:00;0.289900376
2022-05-04 12:00:00;0.300554981
2022-05-04 13:00:00;0.290246705
2022-05-04 14:00:00;0.297595629
2022-05-04 15:00:00;0.283103398
2022-05-04 16:00:00;0.239265892
2022-05-04 17:00:00;0.236723776
2022-05-04 18:00:00;0.21989187300000002
2022-05-04 19:00:00;0.176813312
2022-05-04 20:00:00;0.174580059
2022-05-04 21:00:00;0.176984488
2022-05-04 22:00:00;0.165668689
2022-05-04 23:00:00;0.17394625300000002
2022-05-05 00:00:00;0.13518027000000002
2022-05-05 01:00:00;0.148595727
2022-05-05 02:00:00;0.164240908
2022-05-05 03:00:00;0.18323198999999998
2022-05-05 04:00:00;0.155518706
2022-05-05 05:00:00;0.143561375
2022-05-05 06:00:00;0.135098398
2022-05-05 07:00:00;0.13673278300000002
2022-05-05 08:00:00;0.172287255
2022-05-05 09:00:00;0.177752575
2022-05-05 10:00:00;0.135195956
2022-05-05 11:00:00;0.13599821499999998
2022-05-05 12:00:00;0.150542185
2022-05-05 13:00:00;0.182815484
2022-05-05 14:00:00;0.224693444
2022-05-05 15:00:00;0.208944674
2022-05-05 16:00:00;0.16572963699999999
2022-05-05 17:00:00;0.116430797
2022-05-05 18:00:00;0.09587941600000001
2022-05-05 19:00:00;0.10234620999999999
2022-05-05 20:00:00;0.104535844
2022-05-05 21:00:00;0.109055899
2022-05-05 22:00:00;0.112345602
2022-05-05 23:00:00;0.113083929
2022-05-06 00:00:00;0.112474737
2022-05-06 01:00:00;0.119721587
2022-05-06 02:00:00;0.137436547
2022-05-06 03:00:00;0.15832553
2022-05-06 04:00:00;0.137428019
2022-05-06 05:00:00;0.143937404
2022-05-06 06:00:00;0.150193499
2022-05-06 07:00:00;0.15766565600000002
2022-05-06 08:00:00;0.171796278
2022-05-06 09:00:00;0.171339894
2022-05-06 10:00:00;0.189253846
2022-05-06 11:00:00;0.22243839399999998
2022-05-06 12:00:00;0.276935157
2022-05-06 13:00:00;0.254091807
2022-05-06 14:00:00;0.25918189
2022-05-06 15:00:00;0.258833782
2022-05-06 16:00:00;0.194744738
2022-05-06 17:00:00;0.130830946
2022-05-06 18:00:00;0.134789567
2022-05-06 19:00:00;0.15137171000000002
2022-05-06 20:00:00;0.14177309800000001
2022-05-06 21:00:00;0.154519867
2022-05-06 22:00:00;0.15782146
2022-05-06 23:00:00;0.145930955
2022-05-07 00:00:00;0.139773495
2022-05-07 01:00:00;0.142610861
2022-05-07 02:00:00;0.150149842
2022-05-07 03:00:00;0.155420091
2022-05-07 04:00:00;0.148995028
2022-05-07 05:00:00;0.15429347699999998
2022-05-07 06:00:00;0.161811438
2022-05-07 07:00:00;0.12845785
2022-05-07 08:00:00;0.100569464
2022-05-07 09:00:00;0.099817638
2022-05-07 10:00:00;0.101802402
2022-05-07 11:00:00;0.097825489
2022-05-07 12:00:00;0.10923957699999999
2022-05-07 13:00:00;0.06768016299999999
2022-05-07 14:00:00;0.10518189700000001
2022-05-07 15:00:00;0.08424416
2022-05-07 16:00:00;0.09545644
2022-05-07 17:00:00;0.115217347
2022-05-07 18:00:00;0.132239393
2022-05-07 19:00:00;0.125552183
2022-05-07 20:00:00;0.12585897699999998
2022-05-07 21:00:00;0.142471803
2022-05-07 22:00:00;0.137427624
2022-05-07 23:00:00;0.143117681
2022-05-08 00:00:00;0.12713959800000002
2022-05-08 01:00:00;0.16195144
2022-05-08 02:00:00;0.181114199
2022-05-08 03:00:00;0.130710235
2022-05-08 04:00:00;0.11372932799999999
2022-05-08 05:00:00;0.17216574499999998
2022-05-08 06:00:00;0.177170166
2022-05-08 07:00:00;0.197801539
2022-05-08 08:00:00;0.153375487
2022-05-08 09:00:00;0.198160903
2022-05-08 10:00:00;0.202699679
2022-05-08 11:00:00;0.181825871
2022-05-08 12:00:00;0.148790031
2022-05-08 13:00:00;0.179435883
2022-05-08 14:00:00;0.189619953
2022-05-08 15:00:00;0.195408392
2022-05-08 16:00:00;0.184957395
2022-05-08 17:00:00;0.182798495
2022-05-08 18:00:00;0.269441411
2022-05-08 19:00:00;0.236939683
2022-05-08 20:00:00;0.22549641399999998
2022-05-08 21:00:00;0.18840638899999998
2022-05-08 22:00:00;0.193511022
2022-05-08 23:00:00;0.196849743
2022-05-09 00:00:00;0.20510698400000002
2022-05-09 01:00:00;0.21111459800000001
2022-05-09 02:00:00;0.235603364
2022-05-09 03:00:00;0.21280041700000002
2022-05-09 04:00:00;0.19489056800000001
2022-05-09 05:00:00;0.17564084800000002
2022-05-09 06:00:00;0.167874018
2022-05-09 07:00:00;0.181634659
2022-05-09 08:00:00;0.180605511
2022-05-09 09:00:00;0.169982372
2022-05-09 10:00:00;0.166429818
2022-05-09 11:00:00;0.199172977
2022-05-09 12:00:00;0.20103307
2022-05-09 13:00:00;0.210346985
2022-05-09 14:00:00;0.19219392899999999
2022-05-09 15:00:00;0.188845248
2022-05-09 16:00:00;0.145990949
2022-05-09 17:00:00;0.142192409
2022-05-09 18:00:00;0.150929484
2022-05-09 19:00:00;0.16443731
2022-05-09 20:00:00;0.160940067
2022-05-09 21:00:00;0.140654834
2022-05-09 22:00:00;0.144662721
2022-05-09 23:00:00;0.143021001
2022-05-10 00:00:00;0.14774080799999997
2022-05-10 01:00:00;0.144518927
2022-05-10 02:00:00;0.125030286
2022-05-10 03:00:00;0.129195748
2022-05-10 04:00:00;0.11665763300000001
2022-05-10 05:00:00;0.105074365
2022-05-10 06:00:00;0.09220432599999999
2022-05-10 07:00:00;0.087615478
2022-05-10 08:00:00;0.09856508700000001
2022-05-10 09:00:00;0.130223961
2022-05-10 10:00:00;0.138447796
2022-05-10 11:00:00;0.134458451
2022-05-10 12:00:00;0.132434154
2022-05-10 13:00:00;0.125888041
2022-05-10 14:00:00;0.12239467899999999
2022-05-10 15:00:00;0.106546746
2022-05-10 16:00:00;0.114538401
2022-05-10 17:00:00;0.11419708799999999
2022-05-10 18:00:00;0.088795577
2022-05-10 19:00:00;0.102061121
2022-05-10 20:00:00;0.12943079
2022-05-10 21:00:00;0.11244876999999999
2022-05-10 22:00:00;0.149800871
2022-05-10 23:00:00;0.132372758
2022-05-11 00:00:00;0.15908489499999998
2022-05-11 01:00:00;0.150669845
2022-05-11 02:00:00;0.101935812
2022-05-11 03:00:00;0.116420267
2022-05-11 04:00:00;0.138983006
2022-05-11 05:00:00;0.132445957
2022-05-11 06:00:00;0.14013528
2022-05-11 07:00:00;0.158199648
2022-05-11 08:00:00;0.165786556
2022-05-11 09:00:00;0.18436910499999998
2022-05-11 10:00:00;0.16781788
2022-05-11 11:00:00;0.15734136499999998
2022-05-11 12:00:00;0.143699759
2022-05-11 13:00:00;0.130942182
2022-05-11 14:00:00;0.120497006
2022-05-11 15:00:00;0.11978375
2022-05-11 16:00:00;0.126043975
2022-05-11 17:00:00;0.157046482
2022-05-11 18:00:00;0.135197816
2022-05-11 19:00:00;0.18423136199999998
2022-05-11 20:00:00;0.13563099399999998
2022-05-11 21:00:00;0.138203262
2022-05-11 22:00:00;0.15059877
2022-05-11 23:00:00;0.134429334
2022-05-12 00:00:00;0.139213765
2022-05-12 01:00:00;0.127248752
2022-05-12 02:00:00;0.091595783
2022-05-12 03:00:00;0.091694305
2022-05-12 04:00:00;0.07713880299999999
2022-05-12 05:00:00;0.072204981
2022-05-12 06:00:00;0.084859202
2022-05-12 07:00:00;0.08810482500000001
2022-05-12 08:00:00;0.07736949300000001
2022-05-12 09:00:00;0.07241384
2022-05-12 10:00:00;0.06830731500000001
2022-05-12 11:00:00;0.059886313999999996
2022-05-12 12:00:00;0.072531828
2022-05-12 13:00:00;0.041597521
2022-05-12 14:00:00;0.060692354000000004
2022-05-12 15:00:00;0.064538413
2022-05-12 16:00:00;0.056930357
2022-05-12 17:00:00;0.07784898900000001
2022-05-12 18:00:00;0.123740195
2022-05-12 19:00:00;0.118549913
2022-05-12 20:00:00;0.082402799
2022-05-12 21:00:00;0.09313302799999999
2022-05-12 22:00:00;0.121268957
2022-05-12 23:00:00;0.136256231
2022-05-13 00:00:00;0.124406781
2022-05-13 01:00:00;0.124280446
2022-05-13 02:00:00;0.11854352
2022-05-13 03:00:00;0.108423379
2022-05-13 04:00:00;0.11292283500000001
2022-05-13 05:00:00;0.12204780100000001
2022-05-13 06:00:00;0.16278299000000002
2022-05-13 07:00:00;0.16447288499999999
2022-05-13 08:00:00;0.177745261
2022-05-13 09:00:00;0.123540957
2022-05-13 10:00:00;0.084965698
2022-05-13 11:00:00;0.13637221600000002
2022-05-13 12:00:00;0.122474053
2022-05-13 13:00:00;0.11481548
2022-05-13 14:00:00;0.097187145
2022-05-13 15:00:00;0.107957828
2022-05-13 16:00:00;0.10457318600000001
2022-05-13 17:00:00;0.076784618
2022-05-13 18:00:00;0.033730728
2022-05-13 19:00:00;0.035865513999999994
2022-05-13 20:00:00;0.068621428
2022-05-13 21:00:00;0.041127631
2022-05-13 22:00:00;0.041219022
2022-05-13 23:00:00;0.037682466
2022-05-14 00:00:00;0.051966521
2022-05-14 01:00:00;0.056365862999999995
2022-05-14 02:00:00;0.09758080300000001
2022-05-14 03:00:00;0.090959422
2022-05-14 04:00:00;0.097112694
2022-05-14 05:00:00;0.082404341
2022-05-14 06:00:00;0.072834672
2022-05-14 07:00:00;0.050439721
2022-05-14 08:00:00;0.055784435
2022-05-14 09:00:00;0.044430444
2022-05-14 10:00:00;0.032713275
2022-05-14 11:00:00;0.057907689
2022-05-14 12:00:00;0.088525058
2022-05-14 13:00:00;0.057246802
2022-05-14 14:00:00;0.048393148
2022-05-14 15:00:00;0.028686981
2022-05-14 16:00:00;0.035810882
2022-05-14 17:00:00;0.047555978000000006
2022-05-14 18:00:00;0.058954435
2022-05-14 19:00:00;0.08292069499999999
2022-05-14 20:00:00;0.102369508
2022-05-14 21:00:00;0.084129833
2022-05-14 22:00:00;0.083752888
2022-05-14 23:00:00;0.080031193
2022-05-15 00:00:00;0.08115482299999999
2022-05-15 01:00:00;0.08244575600000001
2022-05-15 02:00:00;0.078761073
2022-05-15 03:00:00;0.07322031400000001
2022-05-15 04:00:00;0.071881348
2022-05-15 05:00:00;0.07525335400000001
2022-05-15 06:00:00;0.112177083
2022-05-15 07:00:00;0.167720092
2022-05-15 08:00:00;0.193235559
2022-05-15 09:00:00;0.211661355
2022-05-15 10:00:00;0.207155379
2022-05-15 11:00:00;0.242853341
2022-05-15 12:00:00;0.231632509
2022-05-15 13:00:00;0.236031039
2022-05-15 14:00:00;0.222603839
2022-05-15 15:00:00;0.179144736
2022-05-15 16:00:00;0.170672449
2022-05-15 17:00:00;0.20548433600000002
2022-05-15 18:00:00;0.254898643
2022-05-15 19:00:00;0.264676725
2022-05-15 20:00:00;0.241875756
2022-05-15 21:00:00;0.188624617
2022-05-15 22:00:00;0.182787442
2022-05-15 23:00:00;0.190748313
2022-05-16 00:00:00;0.15329911300000001
2022-05-16 01:00:00;0.161459358
2022-05-16 02:00:00;0.140475747
2022-05-16 03:00:00;0.137790208
2022-05-16 04:00:00;0.152756341
2022-05-16 05:00:00;0.155323713
2022-05-16 06:00:00;0.197095707
2022-05-16 07:00:00;0.197393039
2022-05-16 08:00:00;0.193341367
2022-05-16 09:00:00;0.160692489
2022-05-16 10:00:00;0.147747109
2022-05-16 11:00:00;0.138094192
2022-05-16 12:00:00;0.092593361
2022-05-16 13:00:00;0.09115689
2022-05-16 14:00:00;0.070846751
2022-05-16 15:00:00;0.086991849
2022-05-16 16:00:00;0.16802283299999998
2022-05-16 17:00:00;0.116656642
2022-05-16 18:00:00;0.130838617
2022-05-16 19:00:00;0.08853164200000001
2022-05-16 20:00:00;0.13109338199999998
2022-05-16 21:00:00;0.160433293
2022-05-16 22:00:00;0.152612431
2022-05-16 23:00:00;0.138689508
2022-05-17 00:00:00;0.118267164
2022-05-17 01:00:00;0.143077896
2022-05-17 02:00:00;0.14583236600000002
2022-05-17 03:00:00;0.125968602
2022-05-17 04:00:00;0.128977241
2022-05-17 05:00:00;0.155944324
2022-05-17 06:00:00;0.166449254
2022-05-17 07:00:00;0.16992747800000002
2022-05-17 08:00:00;0.161856517
2022-05-17 09:00:00;0.204470922
2022-05-17 10:00:00;0.185296656
2022-05-17 11:00:00;0.130616122
2022-05-17 12:00:00;0.152186356
2022-05-17 13:00:00;0.14351567499999998
2022-05-17 14:00:00;0.136056016
2022-05-17 15:00:00;0.11964734
2022-05-17 16:00:00;0.131196749
2022-05-17 17:00:00;0.132856716
2022-05-17 18:00:00;0.148602365
2022-05-17 19:00:00;0.143111418
2022-05-17 20:00:00;0.15251698300000002
2022-05-17 21:00:00;0.132549007
2022-05-17 22:00:00;0.126089499
2022-05-17 23:00:00;0.09847329499999999
2022-05-18 00:00:00;0.068960819
2022-05-18 01:00:00;0.064763426
2022-05-18 02:00:00;0.06512246299999999
2022-05-18 03:00:00;0.06597271
2022-05-18 04:00:00;0.078753193
2022-05-18 05:00:00;0.079044875
2022-05-18 06:00:00;0.06987942700000001
2022-05-18 07:00:00;0.068241882
2022-05-18 08:00:00;0.069347386
2022-05-18 09:00:00;0.09964939699999999
2022-05-18 10:00:00;0.072176184
2022-05-18 11:00:00;0.07363394599999999
2022-05-18 12:00:00;0.11254665300000001
2022-05-18 13:00:00;0.08707341099999999
2022-05-18 14:00:00;0.144210795
2022-05-18 15:00:00;0.080882492
2022-05-18 16:00:00;0.11519408
2022-05-18 17:00:00;0.13898836
2022-05-18 18:00:00;0.17836889
2022-05-18 19:00:00;0.187353494
2022-05-18 20:00:00;0.175052022
2022-05-18 21:00:00;0.183086444
2022-05-18 22:00:00;0.19051273900000001
2022-05-18 23:00:00;0.164612193
2022-05-19 00:00:00;0.151795875
2022-05-19 01:00:00;0.118423051
2022-05-19 02:00:00;0.110236838
2022-05-19 03:00:00;0.107815491
2022-05-19 04:00:00;0.109903861
2022-05-19 05:00:00;0.134512255
2022-05-19 06:00:00;0.18203640699999998
2022-05-19 07:00:00;0.195076929
2022-05-19 08:00:00;0.208003426
2022-05-19 09:00:00;0.190519488
2022-05-19 10:00:00;0.167849749
2022-05-19 11:00:00;0.14284556599999998
2022-05-19 12:00:00;0.171865735
2022-05-19 13:00:00;0.14163432599999998
2022-05-19 14:00:00;0.158178437
2022-05-19 15:00:00;0.169750643
2022-05-19 16:00:00;0.164998701
2022-05-19 17:00:00;0.191310587
2022-05-19 18:00:00;0.211215442
2022-05-19 19:00:00;0.234815179
2022-05-19 20:00:00;0.237020495
2022-05-19 21:00:00;0.200588972
2022-05-19 22:00:00;0.205234263
2022-05-19 23:00:00;0.17177532199999998
2022-05-20 00:00:00;0.174036137
2022-05-20 01:00:00;0.143535075
2022-05-20 02:00:00;0.11378294
2022-05-20 03:00:00;0.119696804
2022-05-20 04:00:00;0.124834126
2022-05-20 05:00:00;0.13991741500000002
2022-05-20 06:00:00;0.17841898
2022-05-20 07:00:00;0.182530489
2022-05-20 08:00:00;0.176815156
2022-05-20 09:00:00;0.169231835
2022-05-20 10:00:00;0.1479914
2022-05-20 11:00:00;0.136851267
2022-05-20 12:00:00;0.134728949
2022-05-20 13:00:00;0.11023614899999999
2022-05-20 14:00:00;0.123541212
2022-05-20 15:00:00;0.116545367
2022-05-20 16:00:00;0.13853824
2022-05-20 17:00:00;0.19724839600000002
2022-05-20 18:00:00;0.197038767
2022-05-20 19:00:00;0.203974312
2022-05-20 20:00:00;0.197656693
2022-05-20 21:00:00;0.209422941
2022-05-20 22:00:00;0.228001258
2022-05-20 23:00:00;0.19105544800000002
2022-05-21 00:00:00;0.124028363
2022-05-21 01:00:00;0.117600648
2022-05-21 02:00:00;0.093659582
2022-05-21 03:00:00;0.107149577
2022-05-21 04:00:00;0.111311854
2022-05-21 05:00:00;0.09639199999999999
2022-05-21 06:00:00;0.116117158
2022-05-21 07:00:00;0.124288873
2022-05-21 08:00:00;0.112057578
2022-05-21 09:00:00;0.10218051
2022-05-21 10:00:00;0.097242003
2022-05-21 11:00:00;0.100434811
2022-05-21 12:00:00;0.07345905600000001
2022-05-21 13:00:00;0.073992377
2022-05-21 14:00:00;0.081117232
2022-05-21 15:00:00;0.078365664
2022-05-21 16:00:00;0.082335392
2022-05-21 17:00:00;0.096021388
2022-05-21 18:00:00;0.125023153
2022-05-21 19:00:00;0.143433516
2022-05-21 20:00:00;0.13062153799999998
2022-05-21 21:00:00;0.113422905
2022-05-21 22:00:00;0.106044451
2022-05-21 23:00:00;0.09467682100000001
2022-05-22 00:00:00;0.093069857
2022-05-22 01:00:00;0.107785336
2022-05-22 02:00:00;0.098071667
2022-05-22 03:00:00;0.094447591
2022-05-22 04:00:00;0.078485457
2022-05-22 05:00:00;0.081242398
2022-05-22 06:00:00;0.10198152
2022-05-22 07:00:00;0.161751658
2022-05-22 08:00:00;0.165011204
2022-05-22 09:00:00;0.18304707099999998
2022-05-22 10:00:00;0.22314350400000002
2022-05-22 11:00:00;0.243091148
2022-05-22 12:00:00;0.23287270499999999
2022-05-22 13:00:00;0.23752639
2022-05-22 14:00:00;0.249034154
2022-05-22 15:00:00;0.259900019
2022-05-22 16:00:00;0.232644417
2022-05-22 17:00:00;0.137943972
2022-05-22 18:00:00;0.141876508
2022-05-22 19:00:00;0.112145471
2022-05-22 20:00:00;0.140233576
2022-05-22 21:00:00;0.119310179
2022-05-22 22:00:00;0.11426854
2022-05-22 23:00:00;0.122031989
2022-05-23 00:00:00;0.128518029
2022-05-23 01:00:00;0.13375014600000001
2022-05-23 02:00:00;0.12283148799999999
2022-05-23 03:00:00;0.122811661
2022-05-23 04:00:00;0.12317294599999999
2022-05-23 05:00:00;0.093834662
2022-05-23 06:00:00;0.096636232
2022-05-23 07:00:00;0.100560878
2022-05-23 08:00:00;0.081921907
2022-05-23 09:00:00;0.06596903600000001
2022-05-23 10:00:00;0.052917925
2022-05-23 11:00:00;0.059005211
2022-05-23 12:00:00;0.054875031
2022-05-23 13:00:00;0.074845941
2022-05-23 14:00:00;0.068132964
2022-05-23 15:00:00;0.06635248
2022-05-23 16:00:00;0.103440254
2022-05-23 17:00:00;0.109490219
2022-05-23 18:00:00;0.125103199
2022-05-23 19:00:00;0.138165208
2022-05-23 20:00:00;0.151426853
2022-05-23 21:00:00;0.16315907000000002
2022-05-23 22:00:00;0.135270837
2022-05-23 23:00:00;0.120305041
2022-05-24 00:00:00;0.125031593
2022-05-24 01:00:00;0.126917751
2022-05-24 02:00:00;0.117527653
2022-05-24 03:00:00;0.11416211300000001
2022-05-24 04:00:00;0.110841341
2022-05-24 05:00:00;0.115356116
2022-05-24 06:00:00;0.09142924200000001
2022-05-24 07:00:00;0.0906986
2022-05-24 08:00:00;0.10159333200000001
2022-05-24 09:00:00;0.06842463600000001
2022-05-24 10:00:00;0.08185772799999999
2022-05-24 11:00:00;0.077543539
2022-05-24 12:00:00;0.0927443
2022-05-24 13:00:00;0.109242621
2022-05-24 14:00:00;0.117718034
2022-05-24 15:00:00;0.104181343
2022-05-24 16:00:00;0.075461113
2022-05-24 17:00:00;0.066343023
2022-05-24 18:00:00;0.086925252
2022-05-24 19:00:00;0.09965852700000001
2022-05-24 20:00:00;0.077978375
2022-05-24 21:00:00;0.068989335
2022-05-24 22:00:00;0.079612061
2022-05-24 23:00:00;0.068228916
2022-05-25 00:00:00;0.064947733
2022-05-25 01:00:00;0.072429357
2022-05-25 02:00:00;0.072452562
2022-05-25 03:00:00;0.079242744
2022-05-25 04:00:00;0.076537755
2022-05-25 05:00:00;0.08222237099999999
2022-05-25 06:00:00;0.09607135700000001
2022-05-25 07:00:00;0.090431055
2022-05-25 08:00:00;0.09033832700000001
2022-05-25 09:00:00;0.097899113
2022-05-25 10:00:00;0.135551534
2022-05-25 11:00:00;0.131646785
2022-05-25 12:00:00;0.115067946
2022-05-25 13:00:00;0.11255842699999999
2022-05-25 14:00:00;0.11861295
2022-05-25 15:00:00;0.102346469
2022-05-25 16:00:00;0.099192056
2022-05-25 17:00:00;0.087852401
2022-05-25 18:00:00;0.07821661299999999
2022-05-25 19:00:00;0.054174513
2022-05-25 20:00:00;0.058584927
2022-05-25 21:00:00;0.067293959
2022-05-25 22:00:00;0.059775457000000004
2022-05-25 23:00:00;0.051429978
2022-05-26 00:00:00;0.054685028000000004
2022-05-26 01:00:00;0.065976961
2022-05-26 02:00:00;0.08253105399999999
2022-05-26 03:00:00;0.088108831
2022-05-26 04:00:00;0.090178543
2022-05-26 05:00:00;0.090490446
2022-05-26 06:00:00;0.07193682300000001
2022-05-26 07:00:00;0.062619345
2022-05-26 08:00:00;0.056353704
2022-05-26 09:00:00;0.052091526
2022-05-26 10:00:00;0.049000872
2022-05-26 11:00:00;0.120355245
2022-05-26 12:00:00;0.121539879
2022-05-26 13:00:00;0.125843922
2022-05-26 14:00:00;0.132955486
2022-05-26 15:00:00;0.120904133
2022-05-26 16:00:00;0.099099807
2022-05-26 17:00:00;0.046976126
2022-05-26 18:00:00;0.036529554
2022-05-26 19:00:00;0.05278881
2022-05-26 20:00:00;0.074621179
2022-05-26 21:00:00;0.094644707
2022-05-26 22:00:00;0.075372078
2022-05-26 23:00:00;0.076894768
2022-05-27 00:00:00;0.093639992
2022-05-27 01:00:00;0.06783051799999999
2022-05-27 02:00:00;0.07348133300000001
2022-05-27 03:00:00;0.087002673
2022-05-27 04:00:00;0.077448938
2022-05-27 05:00:00;0.10651304
2022-05-27 06:00:00;0.10280742999999999
2022-05-27 07:00:00;0.063173356
2022-05-27 08:00:00;0.044893464
2022-05-27 09:00:00;0.04651091
2022-05-27 10:00:00;0.078734948
2022-05-27 11:00:00;0.121177941
2022-05-27 12:00:00;0.10327874799999999
2022-05-27 13:00:00;0.14284862799999998
2022-05-27 14:00:00;0.136338032
2022-05-27 15:00:00;0.12283231600000001
2022-05-27 16:00:00;0.06590200299999999
2022-05-27 17:00:00;0.065368815
2022-05-27 18:00:00;0.056211416
2022-05-27 19:00:00;0.06840087
2022-05-27 20:00:00;0.077429579
2022-05-27 21:00:00;0.089871436
2022-05-27 22:00:00;0.092504904
2022-05-27 23:00:00;0.082339106
2022-05-28 00:00:00;0.085002597
2022-05-28 01:00:00;0.076584634
2022-05-28 02:00:00;0.096242196
2022-05-28 03:00:00;0.097612989
2022-05-28 04:00:00;0.08892718999999999
2022-05-28 05:00:00;0.08988415899999999
2022-05-28 06:00:00;0.08763143
2022-05-28 07:00:00;0.088365465
2022-05-28 08:00:00;0.075374655
2022-05-28 09:00:00;0.06317673
2022-05-28 10:00:00;0.142079308
2022-05-28 11:00:00;0.141818798
2022-05-28 12:00:00;0.141040278
2022-05-28 13:00:00;0.158970412
2022-05-28 14:00:00;0.15971781100000002
2022-05-28 15:00:00;0.13429147800000002
2022-05-28 16:00:00;0.176108457
2022-05-28 17:00:00;0.11651753
2022-05-28 18:00:00;0.10289281
2022-05-28 19:00:00;0.105420601
2022-05-28 20:00:00;0.119275302
2022-05-28 21:00:00;0.10400739299999999
2022-05-28 22:00:00;0.10443820200000001
2022-05-28 23:00:00;0.12254030299999999
2022-05-29 00:00:00;0.087003202
2022-05-29 01:00:00;0.10748549
2022-05-29 02:00:00;0.090961171
2022-05-29 03:00:00;0.06965034199999999
2022-05-29 04:00:00;0.070785067
2022-05-29 05:00:00;0.069848909
2022-05-29 06:00:00;0.082909175
2022-05-29 07:00:00;0.091638643
2022-05-29 08:00:00;0.08964942000000001
2022-05-29 09:00:00;0.082140984
2022-05-29 10:00:00;0.057578001999999996
2022-05-29 11:00:00;0.06886154
2022-05-29 12:00:00;0.08944392999999999
2022-05-29 13:00:00;0.10212650999999999
2022-05-29 14:00:00;0.062785669
2022-05-29 15:00:00;0.060434153000000004
2022-05-29 16:00:00;0.067857159
2022-05-29 17:00:00;0.077875319
2022-05-29 18:00:00;0.079534873
2022-05-29 19:00:00;0.092527847
2022-05-29 20:00:00;0.09512274700000001
2022-05-29 21:00:00;0.099064796
2022-05-29 22:00:00;0.100872363
2022-05-29 23:00:00;0.11726455400000001
2022-05-30 00:00:00;0.129253578
2022-05-30 01:00:00;0.160842422
2022-05-30 02:00:00;0.188018864
2022-05-30 03:00:00;0.197450675
2022-05-30 04:00:00;0.196364487
2022-05-30 05:00:00;0.206671333
2022-05-30 06:00:00;0.257435087
2022-05-30 07:00:00;0.222119843
2022-05-30 08:00:00;0.223415595
2022-05-30 09:00:00;0.221938269
2022-05-30 10:00:00;0.218908423
2022-05-30 11:00:00;0.25086510100000003
2022-05-30 12:00:00;0.233220682
2022-05-30 13:00:00;0.24032848
2022-05-30 14:00:00;0.237982944
2022-05-30 15:00:00;0.248002408
2022-05-30 16:00:00;0.232900535
2022-05-30 17:00:00;0.21179454
2022-05-30 18:00:00;0.221631845
2022-05-30 19:00:00;0.232491846
2022-05-30 20:00:00;0.24117538200000002
2022-05-30 21:00:00;0.239630526
2022-05-30 22:00:00;0.277873065
2022-05-30 23:00:00;0.261883221
2022-05-31 00:00:00;0.196720746
2022-05-31 01:00:00;0.155486562
2022-05-31 02:00:00;0.146456153
2022-05-31 03:00:00;0.151242561
2022-05-31 04:00:00;0.18832913099999998
2022-05-31 05:00:00;0.21325839500000002
2022-05-31 06:00:00;0.297288223
2022-05-31 07:00:00;0.226920539
2022-05-31 08:00:00;0.218834878
2022-05-31 09:00:00;0.203072713
2022-05-31 10:00:00;0.265205884
2022-05-31 11:00:00;0.268455285
2022-05-31 12:00:00;0.262315637
2022-05-31 13:00:00;0.233495138
2022-05-31 14:00:00;0.220730318
2022-05-31 15:00:00;0.182968872
2022-05-31 16:00:00;0.183717462
2022-05-31 17:00:00;0.186921704
2022-05-31 18:00:00;0.26305747
2022-05-31 19:00:00;0.27262569400000003
2022-05-31 20:00:00;0.258073093
2022-05-31 21:00:00;0.213534382
2022-05-31 22:00:00;0.27053788900000003
2022-05-31 23:00:00;0.276382992
2022-06-01 00:00:00;0.193797945
2022-06-01 01:00:00;0.19659986000000002
2022-06-01 02:00:00;0.171063478
2022-06-01 03:00:00;0.143315987
2022-06-01 04:00:00;0.14362113199999998
2022-06-01 05:00:00;0.134827728
2022-06-01 06:00:00;0.166376048
2022-06-01 07:00:00;0.17928118699999998
2022-06-01 08:00:00;0.159098938
2022-06-01 09:00:00;0.139727766
2022-06-01 10:00:00;0.123358338
2022-06-01 11:00:00;0.171598479
2022-06-01 12:00:00;0.165882127
2022-06-01 13:00:00;0.19939964599999999
2022-06-01 14:00:00;0.130715528
2022-06-01 15:00:00;0.094989178
2022-06-01 16:00:00;0.095771541
2022-06-01 17:00:00;0.142164712
2022-06-01 18:00:00;0.137442038
2022-06-01 19:00:00;0.115122424
2022-06-01 20:00:00;0.13451843
2022-06-01 21:00:00;0.111109138
2022-06-01 22:00:00;0.105976209
2022-06-01 23:00:00;0.099406764
2022-06-02 00:00:00;0.06861337299999999
2022-06-02 01:00:00;0.06755725200000001
2022-06-02 02:00:00;0.07111044
2022-06-02 03:00:00;0.073599243
2022-06-02 04:00:00;0.075975668
2022-06-02 05:00:00;0.058339447
2022-06-02 06:00:00;0.058631903
2022-06-02 07:00:00;0.063573141
2022-06-02 08:00:00;0.093530728
2022-06-02 09:00:00;0.109632486
2022-06-02 10:00:00;0.128481443
2022-06-02 11:00:00;0.06473085299999999
2022-06-02 12:00:00;0.071349308
2022-06-02 13:00:00;0.12788738
2022-06-02 14:00:00;0.11592314100000001
2022-06-02 15:00:00;0.077157431
2022-06-02 16:00:00;0.06697909199999999
2022-06-02 17:00:00;0.074689144
2022-06-02 18:00:00;0.071876257
2022-06-02 19:00:00;0.085430561
2022-06-02 20:00:00;0.069393308
2022-06-02 21:00:00;0.08140220399999999
2022-06-02 22:00:00;0.09156355000000001
2022-06-02 23:00:00;0.064612726
2022-06-03 00:00:00;0.058054893999999996
2022-06-03 01:00:00;0.082689469
2022-06-03 02:00:00;0.055496968
2022-06-03 03:00:00;0.044613782
2022-06-03 04:00:00;0.06522803399999999
2022-06-03 05:00:00;0.061224599
2022-06-03 06:00:00;0.077102011
2022-06-03 07:00:00;0.080472109
2022-06-03 08:00:00;0.13755483599999999
2022-06-03 09:00:00;0.157459127
2022-06-03 10:00:00;0.168113617
2022-06-03 11:00:00;0.182359526
2022-06-03 12:00:00;0.192870179
2022-06-03 13:00:00;0.217110936
2022-06-03 14:00:00;0.184070594
2022-06-03 15:00:00;0.166433781
2022-06-03 16:00:00;0.143551756
2022-06-03 17:00:00;0.12043511700000001
2022-06-03 18:00:00;0.083332272
2022-06-03 19:00:00;0.084994887
2022-06-03 20:00:00;0.077733203
2022-06-03 21:00:00;0.079166781
2022-06-03 22:00:00;0.09945701800000001
2022-06-03 23:00:00;0.145489471
2022-06-04 00:00:00;0.09182349000000001
2022-06-04 01:00:00;0.120359774
2022-06-04 02:00:00;0.139010209
2022-06-04 03:00:00;0.097442911
2022-06-04 04:00:00;0.087870015
2022-06-04 05:00:00;0.116476625
2022-06-04 06:00:00;0.133846262
2022-06-04 07:00:00;0.189676821
2022-06-04 08:00:00;0.197497543
2022-06-04 09:00:00;0.166502659
2022-06-04 10:00:00;0.206914881
2022-06-04 11:00:00;0.210145157
2022-06-04 12:00:00;0.233889371
2022-06-04 13:00:00;0.26085041200000003
2022-06-04 14:00:00;0.23759198799999998
2022-06-04 15:00:00;0.22351627999999998
2022-06-04 16:00:00;0.22599887899999999
2022-06-04 17:00:00;0.224568813
2022-06-04 18:00:00;0.225506202
2022-06-04 19:00:00;0.200854725
2022-06-04 20:00:00;0.13565311
2022-06-04 21:00:00;0.10777542200000001
2022-06-04 22:00:00;0.199518519
2022-06-04 23:00:00;0.19757979
2022-06-05 00:00:00;0.170664386
2022-06-05 01:00:00;0.195614513
2022-06-05 02:00:00;0.216969681
2022-06-05 03:00:00;0.210001504
2022-06-05 04:00:00;0.17923575500000002
2022-06-05 05:00:00;0.206454894
2022-06-05 06:00:00;0.182952226
2022-06-05 07:00:00;0.25141572
2022-06-05 08:00:00;0.286486766
2022-06-05 09:00:00;0.16162631
2022-06-05 10:00:00;0.13727271500000002
2022-06-05 11:00:00;0.147449786
2022-06-05 12:00:00;0.155738056
2022-06-05 13:00:00;0.151529233
2022-06-05 14:00:00;0.140492173
2022-06-05 15:00:00;0.16001759000000002
2022-06-05 16:00:00;0.146138007
2022-06-05 17:00:00;0.17903792899999998
2022-06-05 18:00:00;0.12703813
2022-06-05 19:00:00;0.127096587
2022-06-05 20:00:00;0.10877343399999999
2022-06-05 21:00:00;0.10295233399999999
2022-06-05 22:00:00;0.123666535
2022-06-05 23:00:00;0.17908517000000002
2022-06-06 00:00:00;0.160820555
2022-06-06 01:00:00;0.15632670999999998
2022-06-06 02:00:00;0.11047591
2022-06-06 03:00:00;0.064472638
2022-06-06 04:00:00;0.057854449
2022-06-06 05:00:00;0.063080847
2022-06-06 06:00:00;0.060642507000000005
2022-06-06 07:00:00;0.128895731
2022-06-06 08:00:00;0.154091183
2022-06-06 09:00:00;0.138581771
2022-06-06 10:00:00;0.14801550800000002
2022-06-06 11:00:00;0.14820145299999998
2022-06-06 12:00:00;0.156100585
2022-06-06 13:00:00;0.153510249
2022-06-06 14:00:00;0.08916251800000001
2022-06-06 15:00:00;0.075665435
2022-06-06 16:00:00;0.10476494
2022-06-06 17:00:00;0.10533954300000001
2022-06-06 18:00:00;0.10861212
2022-06-06 19:00:00;0.114060925
2022-06-06 20:00:00;0.076918808
2022-06-06 21:00:00;0.08446637200000001
2022-06-06 22:00:00;0.12224479599999999
2022-06-06 23:00:00;0.16554012199999998
2022-06-07 00:00:00;0.204980081
2022-06-07 01:00:00;0.189789819
2022-06-07 02:00:00;0.110384011
2022-06-07 03:00:00;0.177006599
2022-06-07 04:00:00;0.191896144
2022-06-07 05:00:00;0.127184509
2022-06-07 06:00:00;0.110288014
2022-06-07 07:00:00;0.086765935
2022-06-07 08:00:00;0.0988649
2022-06-07 09:00:00;0.088708528
2022-06-07 10:00:00;0.07383690799999999
2022-06-07 11:00:00;0.073788043
2022-06-07 12:00:00;0.103140473
2022-06-07 13:00:00;0.10444878
2022-06-07 14:00:00;0.119479208
2022-06-07 15:00:00;0.105892516
2022-06-07 16:00:00;0.064207727
2022-06-07 17:00:00;0.07729122599999999
2022-06-07 18:00:00;0.06770002800000001
2022-06-07 19:00:00;0.049365699
2022-06-07 20:00:00;0.059435972
2022-06-07 21:00:00;0.08835226900000001
2022-06-07 22:00:00;0.093251706
2022-06-07 23:00:00;0.084698358
2022-06-08 00:00:00;0.086551676
2022-06-08 01:00:00;0.06581158999999999
2022-06-08 02:00:00;0.04028072
2022-06-08 03:00:00;0.049442189
2022-06-08 04:00:00;0.051502364
2022-06-08 05:00:00;0.061032366000000005
2022-06-08 06:00:00;0.07469917
2022-06-08 07:00:00;0.09490143899999999
2022-06-08 08:00:00;0.10545521399999999
2022-06-08 09:00:00;0.079913794
2022-06-08 10:00:00;0.088830168
2022-06-08 11:00:00;0.162144137
2022-06-08 12:00:00;0.128422945
2022-06-08 13:00:00;0.118117294
2022-06-08 14:00:00;0.11605386300000001
2022-06-08 15:00:00;0.072164641
2022-06-08 16:00:00;0.069669135
2022-06-08 17:00:00;0.139666193
2022-06-08 18:00:00;0.10997886300000001
2022-06-08 19:00:00;0.194323746
2022-06-08 20:00:00;0.199900629
2022-06-08 21:00:00;0.14046446199999998
2022-06-08 22:00:00;0.17236172300000002
2022-06-08 23:00:00;0.214587162
2022-06-09 00:00:00;0.21414933300000003
2022-06-09 01:00:00;0.120948697
2022-06-09 02:00:00;0.207419135
2022-06-09 03:00:00;0.219868705
2022-06-09 04:00:00;0.218249409
2022-06-09 05:00:00;0.211805007
2022-06-09 06:00:00;0.227521705
2022-06-09 07:00:00;0.226233799
2022-06-09 08:00:00;0.219675531
2022-06-09 09:00:00;0.21458909199999998
2022-06-09 10:00:00;0.19306245000000002
2022-06-09 11:00:00;0.20578954100000002
2022-06-09 12:00:00;0.202227337
2022-06-09 13:00:00;0.202369785
2022-06-09 14:00:00;0.22325768199999999
2022-06-09 15:00:00;0.216837211
2022-06-09 16:00:00;0.22161487
2022-06-09 17:00:00;0.200959032
2022-06-09 18:00:00;0.19501086
2022-06-09 19:00:00;0.171539357
2022-06-09 20:00:00;0.159338369
2022-06-09 21:00:00;0.10792869000000001
2022-06-09 22:00:00;0.09825217600000001
2022-06-09 23:00:00;0.10317881
2022-06-10 00:00:00;0.068182705
2022-06-10 01:00:00;0.098293041
2022-06-10 02:00:00;0.175842824
2022-06-10 03:00:00;0.16963262399999998
2022-06-10 04:00:00;0.128178392
2022-06-10 05:00:00;0.097147476
2022-06-10 06:00:00;0.123064627
2022-06-10 07:00:00;0.128848553
2022-06-10 08:00:00;0.122386794
2022-06-10 09:00:00;0.155056864
2022-06-10 10:00:00;0.054748657
2022-06-10 11:00:00;0.117472895
2022-06-10 12:00:00;0.13608615699999999
2022-06-10 13:00:00;0.15966335
2022-06-10 14:00:00;0.14948555400000002
2022-06-10 15:00:00;0.146407315
2022-06-10 16:00:00;0.1253665
2022-06-10 17:00:00;0.091740589
2022-06-10 18:00:00;0.113548389
2022-06-10 19:00:00;0.113791878
2022-06-10 20:00:00;0.122196687
2022-06-10 21:00:00;0.167453328
2022-06-10 22:00:00;0.125100879
2022-06-10 23:00:00;0.10681003800000001
2022-06-11 00:00:00;0.150999016
2022-06-11 01:00:00;0.095916299
2022-06-11 02:00:00;0.107975794
2022-06-11 03:00:00;0.122472232
2022-06-11 04:00:00;0.144951947
2022-06-11 05:00:00;0.145499022
2022-06-11 06:00:00;0.123667036
2022-06-11 07:00:00;0.160096328
2022-06-11 08:00:00;0.082624605
2022-06-11 09:00:00;0.073412638
2022-06-11 10:00:00;0.109408079
2022-06-11 11:00:00;0.185403291
2022-06-11 12:00:00;0.160250122
2022-06-11 13:00:00;0.17498748900000002
2022-06-11 14:00:00;0.155751452
2022-06-11 15:00:00;0.13412122099999998
2022-06-11 16:00:00;0.119630069
2022-06-11 17:00:00;0.098762608
2022-06-11 18:00:00;0.079054784
2022-06-11 19:00:00;0.083057804
2022-06-11 20:00:00;0.067639553
2022-06-11 21:00:00;0.097525834
2022-06-11 22:00:00;0.103453027
2022-06-11 23:00:00;0.090591531
2022-06-12 00:00:00;0.079831046
2022-06-12 01:00:00;0.090694592
2022-06-12 02:00:00;0.09239434099999999
2022-06-12 03:00:00;0.07044366599999999
2022-06-12 04:00:00;0.09703355100000001
2022-06-12 05:00:00;0.113625855
2022-06-12 06:00:00;0.076054546
2022-06-12 07:00:00;0.100557549
2022-06-12 08:00:00;0.195407705
2022-06-12 09:00:00;0.07428357099999999
2022-06-12 10:00:00;0.054754179
2022-06-12 11:00:00;0.11938338899999999
2022-06-12 12:00:00;0.13351273
2022-06-12 13:00:00;0.13280421999999997
2022-06-12 14:00:00;0.121487451
2022-06-12 15:00:00;0.132072803
2022-06-12 16:00:00;0.12029414699999999
2022-06-12 17:00:00;0.049516249000000005
2022-06-12 18:00:00;0.053848476
2022-06-12 19:00:00;0.061249313
2022-06-12 20:00:00;0.064707897
2022-06-12 21:00:00;0.077360775
2022-06-12 22:00:00;0.055950836000000004
2022-06-12 23:00:00;0.046859674
2022-06-13 00:00:00;0.042935747999999996
2022-06-13 01:00:00;0.07971326000000001
2022-06-13 02:00:00;0.083238355
2022-06-13 03:00:00;0.065269814
2022-06-13 04:00:00;0.06581405100000001
2022-06-13 05:00:00;0.064337963
2022-06-13 06:00:00;0.06812048799999999
2022-06-13 07:00:00;0.14411849300000001
2022-06-13 08:00:00;0.146314371
2022-06-13 09:00:00;0.154236076
2022-06-13 10:00:00;0.142556244
2022-06-13 11:00:00;0.13800837400000002
2022-06-13 12:00:00;0.061947065
2022-06-13 13:00:00;0.060287347
2022-06-13 14:00:00;0.063252797
2022-06-13 15:00:00;0.061821078
2022-06-13 16:00:00;0.046465275
2022-06-13 17:00:00;0.054875756000000005
2022-06-13 18:00:00;0.06055875
2022-06-13 19:00:00;0.055249958999999994
2022-06-13 20:00:00;0.052230049
2022-06-13 21:00:00;0.05912539
2022-06-13 22:00:00;0.066939628
2022-06-13 23:00:00;0.065108653
2022-06-14 00:00:00;0.046632196
2022-06-14 01:00:00;0.055431166
2022-06-14 02:00:00;0.060540816
2022-06-14 03:00:00;0.044699463
2022-06-14 04:00:00;0.065827056
2022-06-14 05:00:00;0.064487556
2022-06-14 06:00:00;0.07682150300000001
2022-06-14 07:00:00;0.061942053000000004
2022-06-14 08:00:00;0.10861154299999999
2022-06-14 09:00:00;0.101210935
2022-06-14 10:00:00;0.18226585399999998
2022-06-14 11:00:00;0.159071513
2022-06-14 12:00:00;0.068868445
2022-06-14 13:00:00;0.062333227
2022-06-14 14:00:00;0.043267832
2022-06-14 15:00:00;0.063602446
2022-06-14 16:00:00;0.054718027
2022-06-14 17:00:00;0.06829073499999999
2022-06-14 18:00:00;0.056642238
2022-06-14 19:00:00;0.10153862200000001
2022-06-14 20:00:00;0.10438112499999999
2022-06-14 21:00:00;0.09170223799999999
2022-06-14 22:00:00;0.09435128799999999
2022-06-14 23:00:00;0.086239723
2022-06-15 00:00:00;0.077426204
2022-06-15 01:00:00;0.073925881
2022-06-15 02:00:00;0.061878075000000005
2022-06-15 03:00:00;0.058245108999999996
2022-06-15 04:00:00;0.074290043
2022-06-15 05:00:00;0.07882206
2022-06-15 06:00:00;0.16994041000000001
2022-06-15 07:00:00;0.14215053800000002
2022-06-15 08:00:00;0.197896567
2022-06-15 09:00:00;0.185195198
2022-06-15 10:00:00;0.19316235
2022-06-15 11:00:00;0.171008733
2022-06-15 12:00:00;0.162992437
2022-06-15 13:00:00;0.15678547
2022-06-15 14:00:00;0.143077639
2022-06-15 15:00:00;0.137293691
2022-06-15 16:00:00;0.167490153
2022-06-15 17:00:00;0.164697429
2022-06-15 18:00:00;0.161598584
2022-06-15 19:00:00;0.17517859200000002
2022-06-15 20:00:00;0.178678865
2022-06-15 21:00:00;0.16031067999999998
2022-06-15 22:00:00;0.163436073
2022-06-15 23:00:00;0.10668898
2022-06-16 00:00:00;0.068831909
2022-06-16 01:00:00;0.07633401299999999
2022-06-16 02:00:00;0.09344203400000001
2022-06-16 03:00:00;0.110706735
2022-06-16 04:00:00;0.069501921
2022-06-16 05:00:00;0.074480834
2022-06-16 06:00:00;0.058479501999999996
2022-06-16 07:00:00;0.057997734
2022-06-16 08:00:00;0.060993221
2022-06-16 09:00:00;0.062084761999999995
2022-06-16 10:00:00;0.07914571200000001
2022-06-16 11:00:00;0.07799829
2022-06-16 12:00:00;0.102959025
2022-06-16 13:00:00;0.173761589
2022-06-16 14:00:00;0.177167006
2022-06-16 15:00:00;0.106132334
2022-06-16 16:00:00;0.094338587
2022-06-16 17:00:00;0.081403964
2022-06-16 18:00:00;0.073568755
2022-06-16 19:00:00;0.09075783300000001
2022-06-16 20:00:00;0.098918277
2022-06-16 21:00:00;0.08741442399999999
2022-06-16 22:00:00;0.08365524
2022-06-16 23:00:00;0.08753161
2022-06-17 00:00:00;0.07571694100000001
2022-06-17 01:00:00;0.075739341
2022-06-17 02:00:00;0.08064037
2022-06-17 03:00:00;0.07918594400000001
2022-06-17 04:00:00;0.095166815
2022-06-17 05:00:00;0.129224537
2022-06-17 06:00:00;0.10143489800000001
2022-06-17 07:00:00;0.104182438
2022-06-17 08:00:00;0.08807896200000001
2022-06-17 09:00:00;0.047586478999999994
2022-06-17 10:00:00;0.047248015000000004
2022-06-17 11:00:00;0.109289095
2022-06-17 12:00:00;0.12821651
2022-06-17 13:00:00;0.146825066
2022-06-17 14:00:00;0.10225754299999999
2022-06-17 15:00:00;0.074460788
2022-06-17 16:00:00;0.072498326
2022-06-17 17:00:00;0.060952175
2022-06-17 18:00:00;0.06464199000000001
2022-06-17 19:00:00;0.062763737
2022-06-17 20:00:00;0.055804096000000004
2022-06-17 21:00:00;0.036198661
2022-06-17 22:00:00;0.047263305000000005
2022-06-17 23:00:00;0.042563198
2022-06-18 00:00:00;0.064744984
2022-06-18 01:00:00;0.071544602
2022-06-18 02:00:00;0.07670012699999999
2022-06-18 03:00:00;0.08796920400000001
2022-06-18 04:00:00;0.06299671
2022-06-18 05:00:00;0.07858426
2022-06-18 06:00:00;0.045853678
2022-06-18 07:00:00;0.066570874
2022-06-18 08:00:00;0.077875368
2022-06-18 09:00:00;0.069083704
2022-06-18 10:00:00;0.082339562
2022-06-18 11:00:00;0.11091641099999999
2022-06-18 12:00:00;0.187456346
2022-06-18 13:00:00;0.193758845
2022-06-18 14:00:00;0.173063694
2022-06-18 15:00:00;0.095880899
2022-06-18 16:00:00;0.102458121
2022-06-18 17:00:00;0.080108166
2022-06-18 18:00:00;0.081446089
2022-06-18 19:00:00;0.07271148499999999
2022-06-18 20:00:00;0.058243920000000005
2022-06-18 21:00:00;0.06801336000000001
2022-06-18 22:00:00;0.078950045
2022-06-18 23:00:00;0.159324331
2022-06-19 00:00:00;0.055764947999999995
2022-06-19 01:00:00;0.08016184800000001
2022-06-19 02:00:00;0.140460484
2022-06-19 03:00:00;0.15532009400000002
2022-06-19 04:00:00;0.201023536
2022-06-19 05:00:00;0.234615288
2022-06-19 06:00:00;0.253864443
2022-06-19 07:00:00;0.26223183699999997
2022-06-19 08:00:00;0.223400642
2022-06-19 09:00:00;0.186465334
2022-06-19 10:00:00;0.177924074
2022-06-19 11:00:00;0.174792751
2022-06-19 12:00:00;0.162128625
2022-06-19 13:00:00;0.168917751
2022-06-19 14:00:00;0.152245327
2022-06-19 15:00:00;0.152533779
2022-06-19 16:00:00;0.134858929
2022-06-19 17:00:00;0.10222345099999999
2022-06-19 18:00:00;0.082731645
2022-06-19 19:00:00;0.087098117
2022-06-19 20:00:00;0.102600259
2022-06-19 21:00:00;0.183785536
2022-06-19 22:00:00;0.195078793
2022-06-19 23:00:00;0.146092641
2022-06-20 00:00:00;0.120123534
2022-06-20 01:00:00;0.114691427
2022-06-20 02:00:00;0.120708235
2022-06-20 03:00:00;0.109326436
2022-06-20 04:00:00;0.104117157
2022-06-20 05:00:00;0.122144261
2022-06-20 06:00:00;0.202123985
2022-06-20 07:00:00;0.194982282
2022-06-20 08:00:00;0.19014350500000002
2022-06-20 09:00:00;0.185766198
2022-06-20 10:00:00;0.173803585
2022-06-20 11:00:00;0.162808493
2022-06-20 12:00:00;0.168376473
2022-06-20 13:00:00;0.164988608
2022-06-20 14:00:00;0.16963009199999998
2022-06-20 15:00:00;0.158048577
2022-06-20 16:00:00;0.15756072399999999
2022-06-20 17:00:00;0.172294748
2022-06-20 18:00:00;0.14495226
2022-06-20 19:00:00;0.143362572
2022-06-20 20:00:00;0.141501764
2022-06-20 21:00:00;0.091677169
2022-06-20 22:00:00;0.08283624399999999
2022-06-20 23:00:00;0.055888476
2022-06-21 00:00:00;0.055337290000000004
2022-06-21 01:00:00;0.064093209
2022-06-21 02:00:00;0.053202339
2022-06-21 03:00:00;0.043945485
2022-06-21 04:00:00;0.050321832000000004
2022-06-21 05:00:00;0.04376233
2022-06-21 06:00:00;0.050382306
2022-06-21 07:00:00;0.052026182
2022-06-21 08:00:00;0.111784415
2022-06-21 09:00:00;0.12244206699999999
2022-06-21 10:00:00;0.139919499
2022-06-21 11:00:00;0.094987036
2022-06-21 12:00:00;0.065680066
2022-06-21 13:00:00;0.106549353
2022-06-21 14:00:00;0.072699312
2022-06-21 15:00:00;0.09348988
2022-06-21 16:00:00;0.086542827
2022-06-21 17:00:00;0.083176516
2022-06-21 18:00:00;0.113019632
2022-06-21 19:00:00;0.130024878
2022-06-21 20:00:00;0.149222209
2022-06-21 21:00:00;0.166490486
2022-06-21 22:00:00;0.095697334
2022-06-21 23:00:00;0.132408593
2022-06-22 00:00:00;0.14890942799999998
2022-06-22 01:00:00;0.16123016
2022-06-22 02:00:00;0.160909785
2022-06-22 03:00:00;0.151055971
2022-06-22 04:00:00;0.10721838
2022-06-22 05:00:00;0.177734776
2022-06-22 06:00:00;0.173454064
2022-06-22 07:00:00;0.177987065
2022-06-22 08:00:00;0.170559742
2022-06-22 09:00:00;0.156568549
2022-06-22 10:00:00;0.155457021
2022-06-22 11:00:00;0.163149024
2022-06-22 12:00:00;0.16668738300000002
2022-06-22 13:00:00;0.152739599
2022-06-22 14:00:00;0.14225303
2022-06-22 15:00:00;0.14226329599999998
2022-06-22 16:00:00;0.137321345
2022-06-22 17:00:00;0.142883421
2022-06-22 18:00:00;0.151104403
2022-06-22 19:00:00;0.155478364
2022-06-22 20:00:00;0.153767363
2022-06-22 21:00:00;0.158913864
2022-06-22 22:00:00;0.149469344
2022-06-22 23:00:00;0.14607181800000002
2022-06-23 00:00:00;0.102625287
2022-06-23 01:00:00;0.13906094300000002
2022-06-23 02:00:00;0.162465804
2022-06-23 03:00:00;0.08199346
2022-06-23 04:00:00;0.083846982
2022-06-23 05:00:00;0.09627993
2022-06-23 06:00:00;0.102133953
2022-06-23 07:00:00;0.18391380100000002
2022-06-23 08:00:00;0.188432365
2022-06-23 09:00:00;0.186277452
2022-06-23 10:00:00;0.172515096
2022-06-23 11:00:00;0.162987115
2022-06-23 12:00:00;0.110935067
2022-06-23 13:00:00;0.09448327100000001
2022-06-23 14:00:00;0.12282244199999999
2022-06-23 15:00:00;0.068775796
2022-06-23 16:00:00;0.070965294
2022-06-23 17:00:00;0.142525016
2022-06-23 18:00:00;0.171048899
2022-06-23 19:00:00;0.171065143
2022-06-23 20:00:00;0.09746774899999999
2022-06-23 21:00:00;0.087040053
2022-06-23 22:00:00;0.079265857
2022-06-23 23:00:00;0.06907086900000001
2022-06-24 00:00:00;0.056020304
2022-06-24 01:00:00;0.044353383
2022-06-24 02:00:00;0.046803287
2022-06-24 03:00:00;0.047345595000000004
2022-06-24 04:00:00;0.059436408
2022-06-24 05:00:00;0.048958576999999996
2022-06-24 06:00:00;0.060083339
2022-06-24 07:00:00;0.055434177
2022-06-24 08:00:00;0.053647173
2022-06-24 09:00:00;0.040407083
2022-06-24 10:00:00;0.034240124999999996
2022-06-24 11:00:00;0.036678785
2022-06-24 12:00:00;0.036548793
2022-06-24 13:00:00;0.041154989
2022-06-24 14:00:00;0.055242866999999994
2022-06-24 15:00:00;0.042882849
2022-06-24 16:00:00;0.049528867
2022-06-24 17:00:00;0.060442617
2022-06-24 18:00:00;0.058575325
2022-06-24 19:00:00;0.079012629
2022-06-24 20:00:00;0.09198144899999999
2022-06-24 21:00:00;0.107318155
2022-06-24 22:00:00;0.069978097
2022-06-24 23:00:00;0.06833035800000001
2022-06-25 00:00:00;0.084452872
2022-06-25 01:00:00;0.08560137400000001
2022-06-25 02:00:00;0.08669680099999999
2022-06-25 03:00:00;0.064668879
2022-06-25 04:00:00;0.176945268
2022-06-25 05:00:00;0.103387564
2022-06-25 06:00:00;0.10524347
2022-06-25 07:00:00;0.09381418700000001
2022-06-25 08:00:00;0.08085508
2022-06-25 09:00:00;0.070181512
2022-06-25 10:00:00;0.066564654
2022-06-25 11:00:00;0.071799441
2022-06-25 12:00:00;0.085728724
2022-06-25 13:00:00;0.11019936400000001
2022-06-25 14:00:00;0.076207835
2022-06-25 15:00:00;0.062215082000000005
2022-06-25 16:00:00;0.074944652
2022-06-25 17:00:00;0.09028918
2022-06-25 18:00:00;0.093582432
2022-06-25 19:00:00;0.08812679300000001
2022-06-25 20:00:00;0.08719465200000001
2022-06-25 21:00:00;0.077471662
2022-06-25 22:00:00;0.089694328
2022-06-25 23:00:00;0.09372282
2022-06-26 00:00:00;0.073391092
2022-06-26 01:00:00;0.07834245
2022-06-26 02:00:00;0.06737243999999999
2022-06-26 03:00:00;0.074074813
2022-06-26 04:00:00;0.062300064999999995
2022-06-26 05:00:00;0.057744383999999996
2022-06-26 06:00:00;0.058995788
2022-06-26 07:00:00;0.074462604
2022-06-26 08:00:00;0.12813731
2022-06-26 09:00:00;0.12706861
2022-06-26 10:00:00;0.13943735499999999
2022-06-26 11:00:00;0.134912023
2022-06-26 12:00:00;0.154119259
2022-06-26 13:00:00;0.11592061699999999
2022-06-26 14:00:00;0.090298385
2022-06-26 15:00:00;0.074362679
2022-06-26 16:00:00;0.08323694999999999
2022-06-26 17:00:00;0.091916096
2022-06-26 18:00:00;0.110661276
2022-06-26 19:00:00;0.118586164
2022-06-26 20:00:00;0.104389966
2022-06-26 21:00:00;0.104608277
2022-06-26 22:00:00;0.114849459
2022-06-26 23:00:00;0.09929368
2022-06-27 00:00:00;0.076912352
2022-06-27 01:00:00;0.079614915
2022-06-27 02:00:00;0.090034942
2022-06-27 03:00:00;0.070849247
2022-06-27 04:00:00;0.09827337300000001
2022-06-27 05:00:00;0.07693619099999999
2022-06-27 06:00:00;0.11780825
2022-06-27 07:00:00;0.18620003
2022-06-27 08:00:00;0.10106834399999999
2022-06-27 09:00:00;0.11906148600000001
2022-06-27 10:00:00;0.075852928
2022-06-27 11:00:00;0.082721854
2022-06-27 12:00:00;0.090057466
2022-06-27 13:00:00;0.092896801
2022-06-27 14:00:00;0.184107958
2022-06-27 15:00:00;0.191317494
2022-06-27 16:00:00;0.185504039
2022-06-27 17:00:00;0.15225117700000002
2022-06-27 18:00:00;0.151456286
2022-06-27 19:00:00;0.151204955
2022-06-27 20:00:00;0.151892832
2022-06-27 21:00:00;0.106202225
2022-06-27 22:00:00;0.08398855899999999
2022-06-27 23:00:00;0.14138415699999998
2022-06-28 00:00:00;0.102063666
2022-06-28 01:00:00;0.082890857
2022-06-28 02:00:00;0.12377036
2022-06-28 03:00:00;0.157534737
2022-06-28 04:00:00;0.141150013
2022-06-28 05:00:00;0.121303654
2022-06-28 06:00:00;0.154660231
2022-06-28 07:00:00;0.16414978400000002
2022-06-28 08:00:00;0.16368608599999998
2022-06-28 09:00:00;0.153308724
2022-06-28 10:00:00;0.163901204
2022-06-28 11:00:00;0.16301637700000002
2022-06-28 12:00:00;0.161563673
2022-06-28 13:00:00;0.168345291
2022-06-28 14:00:00;0.16171907
2022-06-28 15:00:00;0.164099033
2022-06-28 16:00:00;0.154771427
2022-06-28 17:00:00;0.175868461
2022-06-28 18:00:00;0.18383217500000001
2022-06-28 19:00:00;0.200174718
2022-06-28 20:00:00;0.14823435100000001
2022-06-28 21:00:00;0.19479185100000002
2022-06-28 22:00:00;0.150904346
2022-06-28 23:00:00;0.196068073
2022-06-29 00:00:00;0.130422551
2022-06-29 01:00:00;0.145763813
2022-06-29 02:00:00;0.083307231
2022-06-29 03:00:00;0.085284875
2022-06-29 04:00:00;0.14153271899999997
2022-06-29 05:00:00;0.184012601
2022-06-29 06:00:00;0.189657471
2022-06-29 07:00:00;0.192683885
2022-06-29 08:00:00;0.195315158
2022-06-29 09:00:00;0.18366491
2022-06-29 10:00:00;0.180263453
2022-06-29 11:00:00;0.17617651799999998
2022-06-29 12:00:00;0.182549438
2022-06-29 13:00:00;0.174712651
2022-06-29 14:00:00;0.16249291600000002
2022-06-29 15:00:00;0.157104594
2022-06-29 16:00:00;0.176829502
2022-06-29 17:00:00;0.169712754
2022-06-29 18:00:00;0.185844897
2022-06-29 19:00:00;0.178007328
2022-06-29 20:00:00;0.080678749
2022-06-29 21:00:00;0.14930955499999998
2022-06-29 22:00:00;0.150300276
2022-06-29 23:00:00;0.147525455
2022-06-30 00:00:00;0.059589474
2022-06-30 01:00:00;0.118321202
2022-06-30 02:00:00;0.162220223
2022-06-30 03:00:00;0.144826006
2022-06-30 04:00:00;0.168083238
2022-06-30 05:00:00;0.157983769
2022-06-30 06:00:00;0.128949342
2022-06-30 07:00:00;0.153164231
2022-06-30 08:00:00;0.152519046
2022-06-30 09:00:00;0.169106961
2022-06-30 10:00:00;0.18211286100000001
2022-06-30 11:00:00;0.169796266
2022-06-30 12:00:00;0.191035911
2022-06-30 13:00:00;0.124049325
2022-06-30 14:00:00;0.108436649
2022-06-30 15:00:00;0.111909508
2022-06-30 16:00:00;0.131972295
2022-06-30 17:00:00;0.14389617100000002
2022-06-30 18:00:00;0.142296781
2022-06-30 19:00:00;0.152232764
2022-06-30 20:00:00;0.151584905
2022-06-30 21:00:00;0.160664536
2022-06-30 22:00:00;0.189051811
2022-06-30 23:00:00;0.12389559
2022-07-01 00:00:00;0.127978511
2022-07-01 01:00:00;0.11400553
2022-07-01 02:00:00;0.103016393
2022-07-01 03:00:00;0.124287407
2022-07-01 04:00:00;0.137043508
2022-07-01 05:00:00;0.129829136
2022-07-01 06:00:00;0.15223719600000002
2022-07-01 07:00:00;0.168875977
2022-07-01 08:00:00;0.15368379999999998
2022-07-01 09:00:00;0.141902625
2022-07-01 10:00:00;0.141820727
2022-07-01 11:00:00;0.153009448
2022-07-01 12:00:00;0.141556187
2022-07-01 13:00:00;0.12925705099999998
2022-07-01 14:00:00;0.120391329
2022-07-01 15:00:00;0.08538051799999999
2022-07-01 16:00:00;0.147698985
2022-07-01 17:00:00;0.15182648699999998
2022-07-01 18:00:00;0.130708621
2022-07-01 19:00:00;0.13368160499999998
2022-07-01 20:00:00;0.10683782
2022-07-01 21:00:00;0.151580692
2022-07-01 22:00:00;0.133322315
2022-07-01 23:00:00;0.108093536
2022-07-02 00:00:00;0.109474082
2022-07-02 01:00:00;0.07914899800000001
2022-07-02 02:00:00;0.068307592
2022-07-02 03:00:00;0.093180139
2022-07-02 04:00:00;0.10446333699999999
2022-07-02 05:00:00;0.10273022
2022-07-02 06:00:00;0.13872206
2022-07-02 07:00:00;0.145010142
2022-07-02 08:00:00;0.10772892299999999
2022-07-02 09:00:00;0.08870836300000001
2022-07-02 10:00:00;0.10557965500000001
2022-07-02 11:00:00;0.07503634099999999
2022-07-02 12:00:00;0.069741226
2022-07-02 13:00:00;0.071444246
2022-07-02 14:00:00;0.063220866
2022-07-02 15:00:00;0.061496914
2022-07-02 16:00:00;0.057293646000000004
2022-07-02 17:00:00;0.059859956
2022-07-02 18:00:00;0.081707662
2022-07-02 19:00:00;0.10278026900000001
2022-07-02 20:00:00;0.104002151
2022-07-02 21:00:00;0.122969699
2022-07-02 22:00:00;0.122851207
2022-07-02 23:00:00;0.130649565
2022-07-03 00:00:00;0.133635121
2022-07-03 01:00:00;0.133086681
2022-07-03 02:00:00;0.133769372
2022-07-03 03:00:00;0.112826443
2022-07-03 04:00:00;0.103178483
2022-07-03 05:00:00;0.07509786800000001
2022-07-03 06:00:00;0.07741791399999999
2022-07-03 07:00:00;0.13263810699999998
2022-07-03 08:00:00;0.13037515300000002
2022-07-03 09:00:00;0.144258199
2022-07-03 10:00:00;0.15924480500000002
2022-07-03 11:00:00;0.251376622
2022-07-03 12:00:00;0.244755567
2022-07-03 13:00:00;0.245605618
2022-07-03 14:00:00;0.18517247
2022-07-03 15:00:00;0.150106482
2022-07-03 16:00:00;0.129950085
2022-07-03 17:00:00;0.165663915
2022-07-03 18:00:00;0.17655273600000002
2022-07-03 19:00:00;0.153734671
2022-07-03 20:00:00;0.14961317
2022-07-03 21:00:00;0.167110066
2022-07-03 22:00:00;0.16480428800000002
2022-07-03 23:00:00;0.146960808
2022-07-04 00:00:00;0.131049405
2022-07-04 01:00:00;0.131211741
2022-07-04 02:00:00;0.212677603
2022-07-04 03:00:00;0.13731170499999998
2022-07-04 04:00:00;0.14504197
2022-07-04 05:00:00;0.131857748
2022-07-04 06:00:00;0.135614326
2022-07-04 07:00:00;0.131538786
2022-07-04 08:00:00;0.114927018
2022-07-04 09:00:00;0.129010492
2022-07-04 10:00:00;0.11084865399999999
2022-07-04 11:00:00;0.087569125
2022-07-04 12:00:00;0.071268472
2022-07-04 13:00:00;0.06976114
2022-07-04 14:00:00;0.086727628
2022-07-04 15:00:00;0.086320666
2022-07-04 16:00:00;0.095763353
2022-07-04 17:00:00;0.080464459
2022-07-04 18:00:00;0.063718594
2022-07-04 19:00:00;0.062344342
2022-07-04 20:00:00;0.07231248600000001
2022-07-04 21:00:00;0.068012309
2022-07-04 22:00:00;0.087285663
2022-07-04 23:00:00;0.108008883
2022-07-05 00:00:00;0.104561723
2022-07-05 01:00:00;0.09916052
2022-07-05 02:00:00;0.105300217
2022-07-05 03:00:00;0.070238182
2022-07-05 04:00:00;0.06803613
2022-07-05 05:00:00;0.07927867100000001
2022-07-05 06:00:00;0.07230514599999999
2022-07-05 07:00:00;0.055711834
2022-07-05 08:00:00;0.064916007
2022-07-05 09:00:00;0.045617384000000004
2022-07-05 10:00:00;0.06886885
2022-07-05 11:00:00;0.07358527499999999
2022-07-05 12:00:00;0.08205025
2022-07-05 13:00:00;0.09329925
2022-07-05 14:00:00;0.12256507999999999
2022-07-05 15:00:00;0.077503008
2022-07-05 16:00:00;0.046532820999999995
2022-07-05 17:00:00;0.042626191
2022-07-05 18:00:00;0.038128991999999994
2022-07-05 19:00:00;0.036567408999999995
2022-07-05 20:00:00;0.075563248
2022-07-05 21:00:00;0.09473398799999999
2022-07-05 22:00:00;0.078693508
2022-07-05 23:00:00;0.057978057
2022-07-06 00:00:00;0.04640628
2022-07-06 01:00:00;0.042627845
2022-07-06 02:00:00;0.059978631
2022-07-06 03:00:00;0.06294941500000001
2022-07-06 04:00:00;0.065015408
2022-07-06 05:00:00;0.050479543999999994
2022-07-06 06:00:00;0.070918304
2022-07-06 07:00:00;0.062542055
2022-07-06 08:00:00;0.041743035
2022-07-06 09:00:00;0.052864686
2022-07-06 10:00:00;0.063919293
2022-07-06 11:00:00;0.072779019
2022-07-06 12:00:00;0.054786807
2022-07-06 13:00:00;0.042957216
2022-07-06 14:00:00;0.040283862999999996
2022-07-06 15:00:00;0.036276947999999996
2022-07-06 16:00:00;0.054427478
2022-07-06 17:00:00;0.069071317
2022-07-06 18:00:00;0.072427954
2022-07-06 19:00:00;0.074558149
2022-07-06 20:00:00;0.054140816
2022-07-06 21:00:00;0.040372
2022-07-06 22:00:00;0.058170649
2022-07-06 23:00:00;0.044335721
2022-07-07 00:00:00;0.059124111
2022-07-07 01:00:00;0.07378398300000001
2022-07-07 02:00:00;0.076016146
2022-07-07 03:00:00;0.057813748
2022-07-07 04:00:00;0.068922128
2022-07-07 05:00:00;0.0507887
2022-07-07 06:00:00;0.045287864
2022-07-07 07:00:00;0.055045453
2022-07-07 08:00:00;0.06117098
2022-07-07 09:00:00;0.055886195
2022-07-07 10:00:00;0.049564456
2022-07-07 11:00:00;0.05630357
2022-07-07 12:00:00;0.050284737
2022-07-07 13:00:00;0.057960324
2022-07-07 14:00:00;0.050877125999999995
2022-07-07 15:00:00;0.064407095
2022-07-07 16:00:00;0.07983161300000001
2022-07-07 17:00:00;0.08327765100000001
2022-07-07 18:00:00;0.082311037
2022-07-07 19:00:00;0.08766661
2022-07-07 20:00:00;0.077724395
2022-07-07 21:00:00;0.049731753
2022-07-07 22:00:00;0.065013841
2022-07-07 23:00:00;0.06583299
2022-07-08 00:00:00;0.048881258000000004
2022-07-08 01:00:00;0.080991046
2022-07-08 02:00:00;0.048986979
2022-07-08 03:00:00;0.05013792
2022-07-08 04:00:00;0.050019179999999996
2022-07-08 05:00:00;0.039132483
2022-07-08 06:00:00;0.040091434
2022-07-08 07:00:00;0.059120185
2022-07-08 08:00:00;0.056244977
2022-07-08 09:00:00;0.037867707
2022-07-08 10:00:00;0.06083927
2022-07-08 11:00:00;0.045667496999999994
2022-07-08 12:00:00;0.033338222
2022-07-08 13:00:00;0.034468661
2022-07-08 14:00:00;0.037479574999999994
2022-07-08 15:00:00;0.041828101
2022-07-08 16:00:00;0.047794828000000004
2022-07-08 17:00:00;0.059487116
2022-07-08 18:00:00;0.08826088300000001
2022-07-08 19:00:00;0.095493415
2022-07-08 20:00:00;0.057594631
2022-07-08 21:00:00;0.051770806
2022-07-08 22:00:00;0.06596339500000001
2022-07-08 23:00:00;0.050580298999999995
2022-07-09 00:00:00;0.041227254000000005
2022-07-09 01:00:00;0.046383415
2022-07-09 02:00:00;0.056744543
2022-07-09 03:00:00;0.044398331
2022-07-09 04:00:00;0.057097064
2022-07-09 05:00:00;0.06617329
2022-07-09 06:00:00;0.046850663
2022-07-09 07:00:00;0.037365856999999995
2022-07-09 08:00:00;0.033647376
2022-07-09 09:00:00;0.032379158
2022-07-09 10:00:00;0.031593832
2022-07-09 11:00:00;0.032127996000000006
2022-07-09 12:00:00;0.037032917
2022-07-09 13:00:00;0.035228771
2022-07-09 14:00:00;0.10020359000000001
2022-07-09 15:00:00;0.148130324
2022-07-09 16:00:00;0.08367475199999999
2022-07-09 17:00:00;0.067001194
2022-07-09 18:00:00;0.086162353
2022-07-09 19:00:00;0.093179758
2022-07-09 20:00:00;0.10405901199999999
2022-07-09 21:00:00;0.097842838
2022-07-09 22:00:00;0.101377087
2022-07-09 23:00:00;0.095589579
2022-07-10 00:00:00;0.107101512
2022-07-10 01:00:00;0.106705504
2022-07-10 02:00:00;0.119150834
2022-07-10 03:00:00;0.113525261
2022-07-10 04:00:00;0.124567564
2022-07-10 05:00:00;0.116149411
2022-07-10 06:00:00;0.120666838
2022-07-10 07:00:00;0.10844738599999999
2022-07-10 08:00:00;0.102445531
2022-07-10 09:00:00;0.100738807
2022-07-10 10:00:00;0.10228571700000001
2022-07-10 11:00:00;0.098032335
2022-07-10 12:00:00;0.12090825200000001
2022-07-10 13:00:00;0.10652529300000001
2022-07-10 14:00:00;0.098637022
2022-07-10 15:00:00;0.100645163
2022-07-10 16:00:00;0.115816946
2022-07-10 17:00:00;0.136221072
2022-07-10 18:00:00;0.124599207
2022-07-10 19:00:00;0.116477602
2022-07-10 20:00:00;0.067976976
2022-07-10 21:00:00;0.06510320400000001
2022-07-10 22:00:00;0.06496687500000001
2022-07-10 23:00:00;0.063831208
2022-07-11 00:00:00;0.071712068
2022-07-11 01:00:00;0.084970477
2022-07-11 02:00:00;0.08811187599999999
2022-07-11 03:00:00;0.081666194
2022-07-11 04:00:00;0.09322790500000001
2022-07-11 05:00:00;0.08721113800000001
2022-07-11 06:00:00;0.099451071
2022-07-11 07:00:00;0.084911132
2022-07-11 08:00:00;0.08207239
2022-07-11 09:00:00;0.16242314300000002
2022-07-11 10:00:00;0.139266809
2022-07-11 11:00:00;0.073560345
2022-07-11 12:00:00;0.135483773
2022-07-11 13:00:00;0.13600721699999999
2022-07-11 14:00:00;0.127509203
2022-07-11 15:00:00;0.148588424
2022-07-11 16:00:00;0.162093089
2022-07-11 17:00:00;0.16161526
2022-07-11 18:00:00;0.168165275
2022-07-11 19:00:00;0.181507248
2022-07-11 20:00:00;0.10312739600000001
2022-07-11 21:00:00;0.09763894000000001
2022-07-11 22:00:00;0.092879618
2022-07-11 23:00:00;0.07735458099999999
2022-07-12 00:00:00;0.07935411499999999
2022-07-12 01:00:00;0.082587621
2022-07-12 02:00:00;0.07547475199999999
2022-07-12 03:00:00;0.063747546
2022-07-12 04:00:00;0.09372540600000001
2022-07-12 05:00:00;0.090773229
2022-07-12 06:00:00;0.092292017
2022-07-12 07:00:00;0.16872203300000002
2022-07-12 08:00:00;0.10138776099999999
2022-07-12 09:00:00;0.154644993
2022-07-12 10:00:00;0.140706245
2022-07-12 11:00:00;0.074981373
2022-07-12 12:00:00;0.163632489
2022-07-12 13:00:00;0.174734707
2022-07-12 14:00:00;0.158571564
2022-07-12 15:00:00;0.06497887299999999
2022-07-12 16:00:00;0.07586216400000001
2022-07-12 17:00:00;0.070583908
2022-07-12 18:00:00;0.079478586
2022-07-12 19:00:00;0.083410889
2022-07-12 20:00:00;0.086381674
2022-07-12 21:00:00;0.088937619
2022-07-12 22:00:00;0.07930915000000001
2022-07-12 23:00:00;0.08083758
2022-07-13 00:00:00;0.080952732
2022-07-13 01:00:00;0.080752124
2022-07-13 02:00:00;0.082927463
2022-07-13 03:00:00;0.092192466
2022-07-13 04:00:00;0.09488218999999999
2022-07-13 05:00:00;0.072093366
2022-07-13 06:00:00;0.064698989
2022-07-13 07:00:00;0.063124126
2022-07-13 08:00:00;0.11594461099999999
2022-07-13 09:00:00;0.043740588000000004
2022-07-13 10:00:00;0.048029787
2022-07-13 11:00:00;0.042153834
2022-07-13 12:00:00;0.038213451999999995
2022-07-13 13:00:00;0.034436748
2022-07-13 14:00:00;0.035032448
2022-07-13 15:00:00;0.044318237
2022-07-13 16:00:00;0.049463836
2022-07-13 17:00:00;0.043340272
2022-07-13 18:00:00;0.034941131
2022-07-13 19:00:00;0.04368847
2022-07-13 20:00:00;0.08299891300000001
2022-07-13 21:00:00;0.072122344
2022-07-13 22:00:00;0.052756132000000004
2022-07-13 23:00:00;0.054659539
2022-07-14 00:00:00;0.045231356
2022-07-14 01:00:00;0.044620173
2022-07-14 02:00:00;0.054670019
2022-07-14 03:00:00;0.036087493000000005
2022-07-14 04:00:00;0.042073610000000004
2022-07-14 05:00:00;0.073905195
2022-07-14 06:00:00;0.066351131
2022-07-14 07:00:00;0.062963595
2022-07-14 08:00:00;0.045070932
2022-07-14 09:00:00;0.054190906
2022-07-14 10:00:00;0.051264240999999995
2022-07-14 11:00:00;0.04595781
2022-07-14 12:00:00;0.031949909
2022-07-14 13:00:00;0.030150093
2022-07-14 14:00:00;0.027691182999999998
2022-07-14 15:00:00;0.026493682
2022-07-14 16:00:00;0.028073899
2022-07-14 17:00:00;0.031827352
2022-07-14 18:00:00;0.035862473
2022-07-14 19:00:00;0.034216179
2022-07-14 20:00:00;0.034532707
2022-07-14 21:00:00;0.058969301
2022-07-14 22:00:00;0.049345771
2022-07-14 23:00:00;0.039511683
2022-07-15 00:00:00;0.041186717000000005
2022-07-15 01:00:00;0.038826277
2022-07-15 02:00:00;0.043519477
2022-07-15 03:00:00;0.037722232
2022-07-15 04:00:00;0.017510435
2022-07-15 05:00:00;0.018705247
2022-07-15 06:00:00;0.016249203
2022-07-15 07:00:00;0.016590993000000002
2022-07-15 08:00:00;0.015000591
2022-07-15 09:00:00;0.013845459
2022-07-15 10:00:00;0.013568727000000001
2022-07-15 11:00:00;0.013474194
2022-07-15 12:00:00;0.013043464
2022-07-15 13:00:00;0.013502235999999999
2022-07-15 14:00:00;0.013274335
2022-07-15 15:00:00;0.016881288
2022-07-15 16:00:00;0.03215381
2022-07-15 17:00:00;0.054356069
2022-07-15 18:00:00;0.054441595999999995
2022-07-15 19:00:00;0.060904046999999996
2022-07-15 20:00:00;0.070654064
2022-07-15 21:00:00;0.056954496
2022-07-15 22:00:00;0.059006937
2022-07-15 23:00:00;0.06622423000000001
2022-07-16 00:00:00;0.081055408
2022-07-16 01:00:00;0.082015228
2022-07-16 02:00:00;0.054384723999999995
2022-07-16 03:00:00;0.054954546
2022-07-16 04:00:00;0.057915256
2022-07-16 05:00:00;0.043316507000000004
2022-07-16 06:00:00;0.053302854000000004
2022-07-16 07:00:00;0.038897425
2022-07-16 08:00:00;0.034942856
2022-07-16 09:00:00;0.031688251
2022-07-16 10:00:00;0.040523995
2022-07-16 11:00:00;0.110236215
2022-07-16 12:00:00;0.12830456899999998
2022-07-16 13:00:00;0.147938708
2022-07-16 14:00:00;0.147814525
2022-07-16 15:00:00;0.145594083
2022-07-16 16:00:00;0.04660809
2022-07-16 17:00:00;0.028575592
2022-07-16 18:00:00;0.014816236
2022-07-16 19:00:00;0.016617886
2022-07-16 20:00:00;0.039873111
2022-07-16 21:00:00;0.06704502700000001
2022-07-16 22:00:00;0.065261228
2022-07-16 23:00:00;0.049334927
2022-07-17 00:00:00;0.056711291000000004
2022-07-17 01:00:00;0.077207453
2022-07-17 02:00:00;0.063371579
2022-07-17 03:00:00;0.053099171
2022-07-17 04:00:00;0.052595795
2022-07-17 05:00:00;0.050967358
2022-07-17 06:00:00;0.089533248
2022-07-17 07:00:00;0.11219177500000001
2022-07-17 08:00:00;0.059895433
2022-07-17 09:00:00;0.047278794
2022-07-17 10:00:00;0.046564847
2022-07-17 11:00:00;0.08990434600000001
2022-07-17 12:00:00;0.186574857
2022-07-17 13:00:00;0.213902531
2022-07-17 14:00:00;0.188852765
2022-07-17 15:00:00;0.16255996099999998
2022-07-17 16:00:00;0.070954143
2022-07-17 17:00:00;0.09404578999999999
2022-07-17 18:00:00;0.080480713
2022-07-17 19:00:00;0.124288458
2022-07-17 20:00:00;0.09017635
2022-07-17 21:00:00;0.07604158200000001
2022-07-17 22:00:00;0.075508063
2022-07-17 23:00:00;0.076663916
2022-07-18 00:00:00;0.077638166
2022-07-18 01:00:00;0.08401457700000001
2022-07-18 02:00:00;0.08728287500000001
2022-07-18 03:00:00;0.091569473
2022-07-18 04:00:00;0.080338882
2022-07-18 05:00:00;0.071355227
2022-07-18 06:00:00;0.068430335
2022-07-18 07:00:00;0.073603799
2022-07-18 08:00:00;0.083655885
2022-07-18 09:00:00;0.054322757000000006
2022-07-18 10:00:00;0.047645362
2022-07-18 11:00:00;0.063161439
2022-07-18 12:00:00;0.060049294
2022-07-18 13:00:00;0.12632876299999998
2022-07-18 14:00:00;0.08277213
2022-07-18 15:00:00;0.057204536
2022-07-18 16:00:00;0.042380159
2022-07-18 17:00:00;0.086319722
2022-07-18 18:00:00;0.073281742
2022-07-18 19:00:00;0.078598286
2022-07-18 20:00:00;0.079272323
2022-07-18 21:00:00;0.084900252
2022-07-18 22:00:00;0.07562471800000001
2022-07-18 23:00:00;0.074694347
2022-07-19 00:00:00;0.082503888
2022-07-19 01:00:00;0.078211668
2022-07-19 02:00:00;0.163879057
2022-07-19 03:00:00;0.09375924399999999
2022-07-19 04:00:00;0.115463864
2022-07-19 05:00:00;0.122713212
2022-07-19 06:00:00;0.115936286
2022-07-19 07:00:00;0.185727248
2022-07-19 08:00:00;0.164555509
2022-07-19 09:00:00;0.128183145
2022-07-19 10:00:00;0.109868194
2022-07-19 11:00:00;0.128739764
2022-07-19 12:00:00;0.128635596
2022-07-19 13:00:00;0.145651865
2022-07-19 14:00:00;0.170940825
2022-07-19 15:00:00;0.14366727599999998
2022-07-19 16:00:00;0.152396837
2022-07-19 17:00:00;0.073677243
2022-07-19 18:00:00;0.082663154
2022-07-19 19:00:00;0.08237208900000001
2022-07-19 20:00:00;0.087844542
2022-07-19 21:00:00;0.080095562
2022-07-19 22:00:00;0.07103530999999999
2022-07-19 23:00:00;0.059230412999999996
2022-07-20 00:00:00;0.06900661300000001
2022-07-20 01:00:00;0.12457536500000001
2022-07-20 02:00:00;0.097674677
2022-07-20 03:00:00;0.10076620900000001
2022-07-20 04:00:00;0.11381471500000001
2022-07-20 05:00:00;0.11142830100000001
2022-07-20 06:00:00;0.109242501
2022-07-20 07:00:00;0.10094887599999999
2022-07-20 08:00:00;0.060468383
2022-07-20 09:00:00;0.06891439699999999
2022-07-20 10:00:00;0.058806341000000005
2022-07-20 11:00:00;0.070286581
2022-07-20 12:00:00;0.07148247399999999
2022-07-20 13:00:00;0.109493798
2022-07-20 14:00:00;0.096611872
2022-07-20 15:00:00;0.071218592
2022-07-20 16:00:00;0.08623027600000001
2022-07-20 17:00:00;0.077810852
2022-07-20 18:00:00;0.06457623200000001
2022-07-20 19:00:00;0.07270151400000001
2022-07-20 20:00:00;0.067456822
2022-07-20 21:00:00;0.063786011
2022-07-20 22:00:00;0.10678381299999999
2022-07-20 23:00:00;0.13612307999999998
2022-07-21 00:00:00;0.17076413199999999
2022-07-21 01:00:00;0.204810239
2022-07-21 02:00:00;0.174727809
2022-07-21 03:00:00;0.161086341
2022-07-21 04:00:00;0.149859824
2022-07-21 05:00:00;0.163831373
2022-07-21 06:00:00;0.188654489
2022-07-21 07:00:00;0.189754066
2022-07-21 08:00:00;0.17555995
2022-07-21 09:00:00;0.174588902
2022-07-21 10:00:00;0.16545944099999998
2022-07-21 11:00:00;0.151559473
2022-07-21 12:00:00;0.123474338
2022-07-21 13:00:00;0.121219483
2022-07-21 14:00:00;0.176323842
2022-07-21 15:00:00;0.172669952
2022-07-21 16:00:00;0.153140929
2022-07-21 17:00:00;0.107113058
2022-07-21 18:00:00;0.131309494
2022-07-21 19:00:00;0.128635408
2022-07-21 20:00:00;0.138566575
2022-07-21 21:00:00;0.13162502
2022-07-21 22:00:00;0.099734978
2022-07-21 23:00:00;0.053804552
2022-07-22 00:00:00;0.061571574
2022-07-22 01:00:00;0.061310959
2022-07-22 02:00:00;0.062987621
2022-07-22 03:00:00;0.049200515
2022-07-22 04:00:00;0.039076116
2022-07-22 05:00:00;0.035703227
2022-07-22 06:00:00;0.034801434
2022-07-22 07:00:00;0.045390503000000006
2022-07-22 08:00:00;0.055342995
2022-07-22 09:00:00;0.06572612100000001
2022-07-22 10:00:00;0.082266488
2022-07-22 11:00:00;0.078638609
2022-07-22 12:00:00;0.062729258
2022-07-22 13:00:00;0.065424119
2022-07-22 14:00:00;0.070913355
2022-07-22 15:00:00;0.08596791000000001
2022-07-22 16:00:00;0.085486257
2022-07-22 17:00:00;0.124201728
2022-07-22 18:00:00;0.10226962399999999
2022-07-22 19:00:00;0.070136352
2022-07-22 20:00:00;0.06939091
2022-07-22 21:00:00;0.068162852
2022-07-22 22:00:00;0.07283019299999999
2022-07-22 23:00:00;0.07667464099999999
2022-07-23 00:00:00;0.078701996
2022-07-23 01:00:00;0.080536918
2022-07-23 02:00:00;0.081322687
2022-07-23 03:00:00;0.080082156
2022-07-23 04:00:00;0.08102099
2022-07-23 05:00:00;0.077698145
2022-07-23 06:00:00;0.071919729
2022-07-23 07:00:00;0.090796709
2022-07-23 08:00:00;0.081528709
2022-07-23 09:00:00;0.19054026
2022-07-23 10:00:00;0.19527075700000002
2022-07-23 11:00:00;0.213463194
2022-07-23 12:00:00;0.20404128600000002
2022-07-23 13:00:00;0.205630454
2022-07-23 14:00:00;0.200308872
2022-07-23 15:00:00;0.21380690200000002
2022-07-23 16:00:00;0.17018529799999998
2022-07-23 17:00:00;0.135753951
2022-07-23 18:00:00;0.06894835
2022-07-23 19:00:00;0.052618285
2022-07-23 20:00:00;0.053348853
2022-07-23 21:00:00;0.06031815
2022-07-23 22:00:00;0.080654516
2022-07-23 23:00:00;0.11207278
2022-07-24 00:00:00;0.099910779
2022-07-24 01:00:00;0.103802803
2022-07-24 02:00:00;0.08624696
2022-07-24 03:00:00;0.094212177
2022-07-24 04:00:00;0.100387042
2022-07-24 05:00:00;0.092143148
2022-07-24 06:00:00;0.078161438
2022-07-24 07:00:00;0.10625111599999999
2022-07-24 08:00:00;0.073789132
2022-07-24 09:00:00;0.08517488899999999
2022-07-24 10:00:00;0.065853366
2022-07-24 11:00:00;0.08026169600000001
2022-07-24 12:00:00;0.14534796
2022-07-24 13:00:00;0.16138735299999998
2022-07-24 14:00:00;0.162198113
2022-07-24 15:00:00;0.152694478
2022-07-24 16:00:00;0.14757663299999998
2022-07-24 17:00:00;0.159211227
2022-07-24 18:00:00;0.17547938800000001
2022-07-24 19:00:00;0.16237591699999998
2022-07-24 20:00:00;0.161849931
2022-07-24 21:00:00;0.10872434
2022-07-24 22:00:00;0.123004137
2022-07-24 23:00:00;0.157601876
2022-07-25 00:00:00;0.081702331
2022-07-25 01:00:00;0.05876946
2022-07-25 02:00:00;0.048699473
2022-07-25 03:00:00;0.047256120000000006
2022-07-25 04:00:00;0.050423820999999994
2022-07-25 05:00:00;0.057122248
2022-07-25 06:00:00;0.063811043
2022-07-25 07:00:00;0.070678271
2022-07-25 08:00:00;0.069722043
2022-07-25 09:00:00;0.087676973
2022-07-25 10:00:00;0.140978067
2022-07-25 11:00:00;0.171838515
2022-07-25 12:00:00;0.20130267100000002
2022-07-25 13:00:00;0.182566024
2022-07-25 14:00:00;0.169043443
2022-07-25 15:00:00;0.161829628
2022-07-25 16:00:00;0.170975491
2022-07-25 17:00:00;0.145301044
2022-07-25 18:00:00;0.108997047
2022-07-25 19:00:00;0.140607997
2022-07-25 20:00:00;0.10088999900000001
2022-07-25 21:00:00;0.075149274
2022-07-25 22:00:00;0.076177548
2022-07-25 23:00:00;0.054521623
2022-07-26 00:00:00;0.070348446
2022-07-26 01:00:00;0.079813604
2022-07-26 02:00:00;0.058574426000000006
2022-07-26 03:00:00;0.043720532
2022-07-26 04:00:00;0.042436684
2022-07-26 05:00:00;0.044573891000000004
2022-07-26 06:00:00;0.036805016
2022-07-26 07:00:00;0.034970723999999995
2022-07-26 08:00:00;0.032101157
2022-07-26 09:00:00;0.029733593
2022-07-26 10:00:00;0.031467041
2022-07-26 11:00:00;0.03163579
2022-07-26 12:00:00;0.030814616
2022-07-26 13:00:00;0.046848036999999995
2022-07-26 14:00:00;0.048716034
2022-07-26 15:00:00;0.06915028200000001
2022-07-26 16:00:00;0.087630232
2022-07-26 17:00:00;0.08949765800000001
2022-07-26 18:00:00;0.093221296
2022-07-26 19:00:00;0.041102344
2022-07-26 20:00:00;0.035720313
2022-07-26 21:00:00;0.042703073
2022-07-26 22:00:00;0.038524687
2022-07-26 23:00:00;0.034130564
2022-07-27 00:00:00;0.046489612
2022-07-27 01:00:00;0.036603558
2022-07-27 02:00:00;0.035622934
2022-07-27 03:00:00;0.035938655
2022-07-27 04:00:00;0.036934715
2022-07-27 05:00:00;0.03707579
2022-07-27 06:00:00;0.037972845
2022-07-27 07:00:00;0.056126565999999996
2022-07-27 08:00:00;0.057353273999999996
2022-07-27 09:00:00;0.037271242
2022-07-27 10:00:00;0.048862376
2022-07-27 11:00:00;0.037803610999999994
2022-07-27 12:00:00;0.033483524
2022-07-27 13:00:00;0.037200143
2022-07-27 14:00:00;0.042406805
2022-07-27 15:00:00;0.038496345
2022-07-27 16:00:00;0.041747686
2022-07-27 17:00:00;0.046389029
2022-07-27 18:00:00;0.045021805
2022-07-27 19:00:00;0.048337709
2022-07-27 20:00:00;0.061970433
2022-07-27 21:00:00;0.062050682
2022-07-27 22:00:00;0.059261351
2022-07-27 23:00:00;0.115937149
2022-07-28 00:00:00;0.09346711399999999
2022-07-28 01:00:00;0.06682806
2022-07-28 02:00:00;0.072865974
2022-07-28 03:00:00;0.13154452900000002
2022-07-28 04:00:00;0.08907957899999999
2022-07-28 05:00:00;0.083777974
2022-07-28 06:00:00;0.147826664
2022-07-28 07:00:00;0.186093437
2022-07-28 08:00:00;0.206895849
2022-07-28 09:00:00;0.195773828
2022-07-28 10:00:00;0.21123919900000002
2022-07-28 11:00:00;0.210361787
2022-07-28 12:00:00;0.21628065100000002
2022-07-28 13:00:00;0.224685261
2022-07-28 14:00:00;0.223743321
2022-07-28 15:00:00;0.195145508
2022-07-28 16:00:00;0.16516497100000002
2022-07-28 17:00:00;0.168113675
2022-07-28 18:00:00;0.171686474
2022-07-28 19:00:00;0.17495355599999998
2022-07-28 20:00:00;0.18209102
2022-07-28 21:00:00;0.178989916
2022-07-28 22:00:00;0.187851994
2022-07-28 23:00:00;0.190202114
2022-07-29 00:00:00;0.16048100199999998
2022-07-29 01:00:00;0.161798032
2022-07-29 02:00:00;0.19321083
2022-07-29 03:00:00;0.144043776
2022-07-29 04:00:00;0.12204719900000001
2022-07-29 05:00:00;0.19925063
2022-07-29 06:00:00;0.119427659
2022-07-29 07:00:00;0.18711729
2022-07-29 08:00:00;0.181679627
2022-07-29 09:00:00;0.174904839
2022-07-29 10:00:00;0.169279137
2022-07-29 11:00:00;0.167055037
2022-07-29 12:00:00;0.164381522
2022-07-29 13:00:00;0.158529512
2022-07-29 14:00:00;0.15974812700000002
2022-07-29 15:00:00;0.161361633
2022-07-29 16:00:00;0.15731525899999999
2022-07-29 17:00:00;0.142137734
2022-07-29 18:00:00;0.159009589
2022-07-29 19:00:00;0.159212602
2022-07-29 20:00:00;0.117914311
2022-07-29 21:00:00;0.082250314
2022-07-29 22:00:00;0.081398837
2022-07-29 23:00:00;0.08264221499999999
2022-07-30 00:00:00;0.088008291
2022-07-30 01:00:00;0.093603485
2022-07-30 02:00:00;0.093868729
2022-07-30 03:00:00;0.088558907
2022-07-30 04:00:00;0.093220869
2022-07-30 05:00:00;0.085952773
2022-07-30 06:00:00;0.079638148
2022-07-30 07:00:00;0.081416032
2022-07-30 08:00:00;0.089480768
2022-07-30 09:00:00;0.14049355700000002
2022-07-30 10:00:00;0.196512201
2022-07-30 11:00:00;0.20839684500000002
2022-07-30 12:00:00;0.235354821
2022-07-30 13:00:00;0.23403054399999998
2022-07-30 14:00:00;0.237755707
2022-07-30 15:00:00;0.236038571
2022-07-30 16:00:00;0.215041315
2022-07-30 17:00:00;0.203478906
2022-07-30 18:00:00;0.20316582
2022-07-30 19:00:00;0.17803617
2022-07-30 20:00:00;0.093486918
2022-07-30 21:00:00;0.11225547
2022-07-30 22:00:00;0.186472156
2022-07-30 23:00:00;0.177045145
2022-07-31 00:00:00;0.088796304
2022-07-31 01:00:00;0.096140848
2022-07-31 02:00:00;0.096056804
2022-07-31 03:00:00;0.105661326
2022-07-31 04:00:00;0.1145075
2022-07-31 05:00:00;0.11118515999999999
2022-07-31 06:00:00;0.09876536
2022-07-31 07:00:00;0.11200595099999999
2022-07-31 08:00:00;0.131646113
2022-07-31 09:00:00;0.147737814
2022-07-31 10:00:00;0.156570819
2022-07-31 11:00:00;0.14220967099999998
2022-07-31 12:00:00;0.14105101099999998
2022-07-31 13:00:00;0.13104292899999997
2022-07-31 14:00:00;0.193761919
2022-07-31 15:00:00;0.171576258
2022-07-31 16:00:00;0.160255775
2022-07-31 17:00:00;0.170910335
2022-07-31 18:00:00;0.13506742
2022-07-31 19:00:00;0.183614171
2022-07-31 20:00:00;0.186185364
2022-07-31 21:00:00;0.19547053399999997
2022-07-31 22:00:00;0.173190183
2022-07-31 23:00:00;0.151899786
2022-08-01 00:00:00;0.07635415799999999
2022-08-01 01:00:00;0.072938758
2022-08-01 02:00:00;0.06667066699999999
2022-08-01 03:00:00;0.07522654699999999
2022-08-01 04:00:00;0.055183083
2022-08-01 05:00:00;0.048354557
2022-08-01 06:00:00;0.058360118
2022-08-01 07:00:00;0.057136667
2022-08-01 08:00:00;0.044363544
2022-08-01 09:00:00;0.036888918
2022-08-01 10:00:00;0.035670836000000004
2022-08-01 11:00:00;0.038674161
2022-08-01 12:00:00;0.035626854
2022-08-01 13:00:00;0.034647989000000004
2022-08-01 14:00:00;0.045424917999999995
2022-08-01 15:00:00;0.039190287
2022-08-01 16:00:00;0.049762203
2022-08-01 17:00:00;0.050974781
2022-08-01 18:00:00;0.056728236
2022-08-01 19:00:00;0.053178797
2022-08-01 20:00:00;0.073504385
2022-08-01 21:00:00;0.085667457
2022-08-01 22:00:00;0.069104133
2022-08-01 23:00:00;0.100682821
2022-08-02 00:00:00;0.06606733099999999
2022-08-02 01:00:00;0.075098123
2022-08-02 02:00:00;0.081975038
2022-08-02 03:00:00;0.079294224
2022-08-02 04:00:00;0.074547216
2022-08-02 05:00:00;0.10521689399999999
2022-08-02 06:00:00;0.098644909
2022-08-02 07:00:00;0.134116645
2022-08-02 08:00:00;0.095539709
2022-08-02 09:00:00;0.096999107
2022-08-02 10:00:00;0.09164259699999999
2022-08-02 11:00:00;0.13333168699999998
2022-08-02 12:00:00;0.187473527
2022-08-02 13:00:00;0.169380691
2022-08-02 14:00:00;0.163591414
2022-08-02 15:00:00;0.17062578199999998
2022-08-02 16:00:00;0.08533389
2022-08-02 17:00:00;0.056810395
2022-08-02 18:00:00;0.077228934
2022-08-02 19:00:00;0.110142185
2022-08-02 20:00:00;0.086656611
2022-08-02 21:00:00;0.10693815100000001
2022-08-02 22:00:00;0.109749605
2022-08-02 23:00:00;0.08358284399999999
2022-08-03 00:00:00;0.11675069499999999
2022-08-03 01:00:00;0.13750416899999998
2022-08-03 02:00:00;0.14483370099999998
2022-08-03 03:00:00;0.09234924700000001
2022-08-03 04:00:00;0.080028566
2022-08-03 05:00:00;0.051921805
2022-08-03 06:00:00;0.058164757000000004
2022-08-03 07:00:00;0.084341797
2022-08-03 08:00:00;0.091181058
2022-08-03 09:00:00;0.123359237
2022-08-03 10:00:00;0.095576217
2022-08-03 11:00:00;0.094093879
2022-08-03 12:00:00;0.097556691
2022-08-03 13:00:00;0.09455126300000001
2022-08-03 14:00:00;0.071092618
2022-08-03 15:00:00;0.06934715300000001
2022-08-03 16:00:00;0.114215921
2022-08-03 17:00:00;0.091626741
2022-08-03 18:00:00;0.118251834
2022-08-03 19:00:00;0.116679395
2022-08-03 20:00:00;0.125793155
2022-08-03 21:00:00;0.16226236
2022-08-03 22:00:00;0.13712125800000002
2022-08-03 23:00:00;0.143885244
2022-08-04 00:00:00;0.164196122
2022-08-04 01:00:00;0.144760144
2022-08-04 02:00:00;0.159447865
2022-08-04 03:00:00;0.15237462999999998
2022-08-04 04:00:00;0.146489734
2022-08-04 05:00:00;0.12888503299999998
2022-08-04 06:00:00;0.131211655
2022-08-04 07:00:00;0.121313264
2022-08-04 08:00:00;0.11782371999999999
2022-08-04 09:00:00;0.105905529
2022-08-04 10:00:00;0.098242763
2022-08-04 11:00:00;0.139596249
2022-08-04 12:00:00;0.159649774
2022-08-04 13:00:00;0.190554979
2022-08-04 14:00:00;0.186960553
2022-08-04 15:00:00;0.156937886
2022-08-04 16:00:00;0.133802662
2022-08-04 17:00:00;0.1184864
2022-08-04 18:00:00;0.121101898
2022-08-04 19:00:00;0.127185875
2022-08-04 20:00:00;0.128154586
2022-08-04 21:00:00;0.144710047
2022-08-04 22:00:00;0.146596138
2022-08-04 23:00:00;0.14745481000000002
2022-08-05 00:00:00;0.139690584
2022-08-05 01:00:00;0.132087176
2022-08-05 02:00:00;0.127619354
2022-08-05 03:00:00;0.11942523099999999
2022-08-05 04:00:00;0.12665647
2022-08-05 05:00:00;0.121140318
2022-08-05 06:00:00;0.147501283
2022-08-05 07:00:00;0.145884674
2022-08-05 08:00:00;0.13656712899999998
2022-08-05 09:00:00;0.167602207
2022-08-05 10:00:00;0.14868963999999998
2022-08-05 11:00:00;0.18959507199999998
2022-08-05 12:00:00;0.238024876
2022-08-05 13:00:00;0.24094653
2022-08-05 14:00:00;0.255479251
2022-08-05 15:00:00;0.247010752
2022-08-05 16:00:00;0.21573732
2022-08-05 17:00:00;0.143329656
2022-08-05 18:00:00;0.12025720699999999
2022-08-05 19:00:00;0.070440049
2022-08-05 20:00:00;0.07374491799999999
2022-08-05 21:00:00;0.124259159
2022-08-05 22:00:00;0.116614676
2022-08-05 23:00:00;0.11351078099999999
2022-08-06 00:00:00;0.120430083
2022-08-06 01:00:00;0.124853808
2022-08-06 02:00:00;0.115128339
2022-08-06 03:00:00;0.105405501
2022-08-06 04:00:00;0.12065902699999999
2022-08-06 05:00:00;0.126079405
2022-08-06 06:00:00;0.12003655399999999
2022-08-06 07:00:00;0.104258904
2022-08-06 08:00:00;0.10082167800000001
2022-08-06 09:00:00;0.08172054799999999
2022-08-06 10:00:00;0.074796144
2022-08-06 11:00:00;0.056272005
2022-08-06 12:00:00;0.102480964
2022-08-06 13:00:00;0.056649279
2022-08-06 14:00:00;0.071388958
2022-08-06 15:00:00;0.060149012
2022-08-06 16:00:00;0.06810285399999999
2022-08-06 17:00:00;0.076397382
2022-08-06 18:00:00;0.092867355
2022-08-06 19:00:00;0.118604686
2022-08-06 20:00:00;0.147040258
2022-08-06 21:00:00;0.144958329
2022-08-06 22:00:00;0.145851084
2022-08-06 23:00:00;0.144625278
2022-08-07 00:00:00;0.160016952
2022-08-07 01:00:00;0.159396804
2022-08-07 02:00:00;0.152645489
2022-08-07 03:00:00;0.183302944
2022-08-07 04:00:00;0.186423801
2022-08-07 05:00:00;0.16112921
2022-08-07 06:00:00;0.158710734
2022-08-07 07:00:00;0.252135094
2022-08-07 08:00:00;0.220378542
2022-08-07 09:00:00;0.203769747
2022-08-07 10:00:00;0.179148362
2022-08-07 11:00:00;0.267802117
2022-08-07 12:00:00;0.29465241600000003
2022-08-07 13:00:00;0.263629121
2022-08-07 14:00:00;0.261962065
2022-08-07 15:00:00;0.244392999
2022-08-07 16:00:00;0.202560151
2022-08-07 17:00:00;0.227258188
2022-08-07 18:00:00;0.23495966000000001
2022-08-07 19:00:00;0.191418028
2022-08-07 20:00:00;0.208434226
2022-08-07 21:00:00;0.19255203199999998
2022-08-07 22:00:00;0.170225268
2022-08-07 23:00:00;0.16527187699999998
2022-08-08 00:00:00;0.194390747
2022-08-08 01:00:00;0.196827319
2022-08-08 02:00:00;0.18570407
2022-08-08 03:00:00;0.194386379
2022-08-08 04:00:00;0.190583025
2022-08-08 05:00:00;0.190104826
2022-08-08 06:00:00;0.169233949
2022-08-08 07:00:00;0.16507564300000002
2022-08-08 08:00:00;0.14952828099999999
2022-08-08 09:00:00;0.132755818
2022-08-08 10:00:00;0.15862583900000002
2022-08-08 11:00:00;0.23177847
2022-08-08 12:00:00;0.22993598299999998
2022-08-08 13:00:00;0.215883972
2022-08-08 14:00:00;0.196680076
2022-08-08 15:00:00;0.188453721
2022-08-08 16:00:00;0.18605175399999999
2022-08-08 17:00:00;0.094496473
2022-08-08 18:00:00;0.08733869699999999
2022-08-08 19:00:00;0.083646805
2022-08-08 20:00:00;0.093076594
2022-08-08 21:00:00;0.099868844
2022-08-08 22:00:00;0.10072400899999999
2022-08-08 23:00:00;0.089800567
2022-08-09 00:00:00;0.101715832
2022-08-09 01:00:00;0.14373443700000002
2022-08-09 02:00:00;0.175710171
2022-08-09 03:00:00;0.167822621
2022-08-09 04:00:00;0.14223289500000003
2022-08-09 05:00:00;0.093075552
2022-08-09 06:00:00;0.09464544700000001
2022-08-09 07:00:00;0.098750723
2022-08-09 08:00:00;0.098523208
2022-08-09 09:00:00;0.104655596
2022-08-09 10:00:00;0.133813298
2022-08-09 11:00:00;0.27058510999999996
2022-08-09 12:00:00;0.26792157099999997
2022-08-09 13:00:00;0.299605921
2022-08-09 14:00:00;0.268610166
2022-08-09 15:00:00;0.244699106
2022-08-09 16:00:00;0.205059948
2022-08-09 17:00:00;0.216216475
2022-08-09 18:00:00;0.17782014599999998
2022-08-09 19:00:00;0.18256514100000001
2022-08-09 20:00:00;0.17799341200000002
2022-08-09 21:00:00;0.111029098
2022-08-09 22:00:00;0.083069097
2022-08-09 23:00:00;0.101101574
2022-08-10 00:00:00;0.160448001
2022-08-10 01:00:00;0.140429987
2022-08-10 02:00:00;0.13427301600000002
2022-08-10 03:00:00;0.121508012
2022-08-10 04:00:00;0.102959419
2022-08-10 05:00:00;0.091711034
2022-08-10 06:00:00;0.096315163
2022-08-10 07:00:00;0.10805148699999999
2022-08-10 08:00:00;0.08365799900000001
2022-08-10 09:00:00;0.09357064699999999
2022-08-10 10:00:00;0.092010135
2022-08-10 11:00:00;0.188002692
2022-08-10 12:00:00;0.251114105
2022-08-10 13:00:00;0.288413271
2022-08-10 14:00:00;0.282764113
2022-08-10 15:00:00;0.242397932
2022-08-10 16:00:00;0.130239404
2022-08-10 17:00:00;0.125083919
2022-08-10 18:00:00;0.10588994700000001
2022-08-10 19:00:00;0.11904303799999999
2022-08-10 20:00:00;0.108072975
2022-08-10 21:00:00;0.10776353500000001
2022-08-10 22:00:00;0.08410836999999999
2022-08-10 23:00:00;0.08904991599999999
2022-08-11 00:00:00;0.095760463
2022-08-11 01:00:00;0.11832332
2022-08-11 02:00:00;0.10667167999999999
2022-08-11 03:00:00;0.070098655
2022-08-11 04:00:00;0.039875279
2022-08-11 05:00:00;0.047765506
2022-08-11 06:00:00;0.054028515
2022-08-11 07:00:00;0.115985941
2022-08-11 08:00:00;0.050658913
2022-08-11 09:00:00;0.09931476
2022-08-11 10:00:00;0.09761683600000001
2022-08-11 11:00:00;0.112465503
2022-08-11 12:00:00;0.163984623
2022-08-11 13:00:00;0.123748701
2022-08-11 14:00:00;0.139310909
2022-08-11 15:00:00;0.068745217
2022-08-11 16:00:00;0.145752512
2022-08-11 17:00:00;0.114303713
2022-08-11 18:00:00;0.165575085
2022-08-11 19:00:00;0.14178089700000002
2022-08-11 20:00:00;0.11269857500000001
2022-08-11 21:00:00;0.105958784
2022-08-11 22:00:00;0.09941344499999999
2022-08-11 23:00:00;0.090834026
2022-08-12 00:00:00;0.091813937
2022-08-12 01:00:00;0.10623893400000001
2022-08-12 02:00:00;0.102130184
2022-08-12 03:00:00;0.103146051
2022-08-12 04:00:00;0.101909077
2022-08-12 05:00:00;0.091691089
2022-08-12 06:00:00;0.101714731
2022-08-12 07:00:00;0.092207027
2022-08-12 08:00:00;0.09166725599999999
2022-08-12 09:00:00;0.11645676299999999
2022-08-12 10:00:00;0.123868572
2022-08-12 11:00:00;0.253326624
2022-08-12 12:00:00;0.294530926
2022-08-12 13:00:00;0.29451998500000004
2022-08-12 14:00:00;0.292275416
2022-08-12 15:00:00;0.278945544
2022-08-12 16:00:00;0.256693596
2022-08-12 17:00:00;0.219143853
2022-08-12 18:00:00;0.186868212
2022-08-12 19:00:00;0.110194161
2022-08-12 20:00:00;0.10602748699999999
2022-08-12 21:00:00;0.108643141
2022-08-12 22:00:00;0.17557342299999998
2022-08-12 23:00:00;0.149891053
2022-08-13 00:00:00;0.11590976
2022-08-13 01:00:00;0.104231461
2022-08-13 02:00:00;0.11493853500000001
2022-08-13 03:00:00;0.09731577500000001
2022-08-13 04:00:00;0.111095664
2022-08-13 05:00:00;0.11545269899999999
2022-08-13 06:00:00;0.108906589
2022-08-13 07:00:00;0.130743812
2022-08-13 08:00:00;0.118726973
2022-08-13 09:00:00;0.122050072
2022-08-13 10:00:00;0.2710179
2022-08-13 11:00:00;0.283874675
2022-08-13 12:00:00;0.256512854
2022-08-13 13:00:00;0.26009776599999995
2022-08-13 14:00:00;0.244560497
2022-08-13 15:00:00;0.280728168
2022-08-13 16:00:00;0.287025558
2022-08-13 17:00:00;0.123597414
2022-08-13 18:00:00;0.228662538
2022-08-13 19:00:00;0.113001926
2022-08-13 20:00:00;0.098283592
2022-08-13 21:00:00;0.102952554
2022-08-13 22:00:00;0.09080813
2022-08-13 23:00:00;0.099604642
2022-08-14 00:00:00;0.09342091100000001
2022-08-14 01:00:00;0.104548355
2022-08-14 02:00:00;0.139296167
2022-08-14 03:00:00;0.13301729
2022-08-14 04:00:00;0.16559058999999998
2022-08-14 05:00:00;0.188750747
2022-08-14 06:00:00;0.17164248499999998
2022-08-14 07:00:00;0.19078508400000002
2022-08-14 08:00:00;0.253870196
2022-08-14 09:00:00;0.172607631
2022-08-14 10:00:00;0.15964509100000002
2022-08-14 11:00:00;0.262666982
2022-08-14 12:00:00;0.296786578
2022-08-14 13:00:00;0.254872215
2022-08-14 14:00:00;0.23010027400000002
2022-08-14 15:00:00;0.256675021
2022-08-14 16:00:00;0.15285268500000002
2022-08-14 17:00:00;0.19401770200000001
2022-08-14 18:00:00;0.207876645
2022-08-14 19:00:00;0.135217522
2022-08-14 20:00:00;0.088959035
2022-08-14 21:00:00;0.065910656
2022-08-14 22:00:00;0.053472088
2022-08-14 23:00:00;0.047363834
2022-08-15 00:00:00;0.044831653000000006
2022-08-15 01:00:00;0.06613142999999999
2022-08-15 02:00:00;0.075277135
2022-08-15 03:00:00;0.066442735
2022-08-15 04:00:00;0.080082918
2022-08-15 05:00:00;0.07004777
2022-08-15 06:00:00;0.07587430399999999
2022-08-15 07:00:00;0.11811432200000001
2022-08-15 08:00:00;0.095241015
2022-08-15 09:00:00;0.088959267
2022-08-15 10:00:00;0.150544635
2022-08-15 11:00:00;0.213348903
2022-08-15 12:00:00;0.160847067
2022-08-15 13:00:00;0.10095402
2022-08-15 14:00:00;0.078570783
2022-08-15 15:00:00;0.079109572
2022-08-15 16:00:00;0.088949772
2022-08-15 17:00:00;0.09601508
2022-08-15 18:00:00;0.088814617
2022-08-15 19:00:00;0.100822367
2022-08-15 20:00:00;0.09051493499999999
2022-08-15 21:00:00;0.107673347
2022-08-15 22:00:00;0.095906558
2022-08-15 23:00:00;0.11220464699999999
2022-08-16 00:00:00;0.175711459
2022-08-16 01:00:00;0.17314538
2022-08-16 02:00:00;0.17299663899999998
2022-08-16 03:00:00;0.179493508
2022-08-16 04:00:00;0.176524378
2022-08-16 05:00:00;0.19367145
2022-08-16 06:00:00;0.192415283
2022-08-16 07:00:00;0.185541833
2022-08-16 08:00:00;0.19586109
2022-08-16 09:00:00;0.210145416
2022-08-16 10:00:00;0.220985901
2022-08-16 11:00:00;0.232477885
2022-08-16 12:00:00;0.226278309
2022-08-16 13:00:00;0.204828442
2022-08-16 14:00:00;0.15092050399999998
2022-08-16 15:00:00;0.12044049300000001
2022-08-16 16:00:00;0.07268196399999999
2022-08-16 17:00:00;0.169139402
2022-08-16 18:00:00;0.171888973
2022-08-16 19:00:00;0.197369753
2022-08-16 20:00:00;0.20209950000000002
2022-08-16 21:00:00;0.207865082
2022-08-16 22:00:00;0.195146311
2022-08-16 23:00:00;0.118976498
2022-08-17 00:00:00;0.081421768
2022-08-17 01:00:00;0.067687096
2022-08-17 02:00:00;0.113454627
2022-08-17 03:00:00;0.19501711
2022-08-17 04:00:00;0.19605388199999998
2022-08-17 05:00:00;0.206274228
2022-08-17 06:00:00;0.229271702
2022-08-17 07:00:00;0.230344475
2022-08-17 08:00:00;0.20262469100000002
2022-08-17 09:00:00;0.17518740900000002
2022-08-17 10:00:00;0.11467925
2022-08-17 11:00:00;0.155608266
2022-08-17 12:00:00;0.145891327
2022-08-17 13:00:00;0.180566404
2022-08-17 14:00:00;0.16244651899999998
2022-08-17 15:00:00;0.17173797500000001
2022-08-17 16:00:00;0.13136683300000002
2022-08-17 17:00:00;0.181698278
2022-08-17 18:00:00;0.194205546
2022-08-17 19:00:00;0.187176021
2022-08-17 20:00:00;0.180761477
2022-08-17 21:00:00;0.15317513
2022-08-17 22:00:00;0.187466305
2022-08-17 23:00:00;0.188341085
2022-08-18 00:00:00;0.11969591800000001
2022-08-18 01:00:00;0.112380346
2022-08-18 02:00:00;0.114314518
2022-08-18 03:00:00;0.20178226100000002
2022-08-18 04:00:00;0.19925035800000002
2022-08-18 05:00:00;0.225596605
2022-08-18 06:00:00;0.162734557
2022-08-18 07:00:00;0.197422639
2022-08-18 08:00:00;0.209245339
2022-08-18 09:00:00;0.218325246
2022-08-18 10:00:00;0.207777985
2022-08-18 11:00:00;0.17866402299999998
2022-08-18 12:00:00;0.185233491
2022-08-18 13:00:00;0.19536271
2022-08-18 14:00:00;0.20742026000000002
2022-08-18 15:00:00;0.215140967
2022-08-18 16:00:00;0.193676664
2022-08-18 17:00:00;0.17871418600000002
2022-08-18 18:00:00;0.18686480900000002
2022-08-18 19:00:00;0.194558967
2022-08-18 20:00:00;0.189741891
2022-08-18 21:00:00;0.176085133
2022-08-18 22:00:00;0.181276402
2022-08-18 23:00:00;0.125614041
2022-08-19 00:00:00;0.08951000299999999
2022-08-19 01:00:00;0.112552139
2022-08-19 02:00:00;0.098503612
2022-08-19 03:00:00;0.15972123
2022-08-19 04:00:00;0.083429758
2022-08-19 05:00:00;0.153453192
2022-08-19 06:00:00;0.18386988199999998
2022-08-19 07:00:00;0.16443904699999998
2022-08-19 08:00:00;0.18452438399999999
2022-08-19 09:00:00;0.168181835
2022-08-19 10:00:00;0.168471218
2022-08-19 11:00:00;0.20815255400000002
2022-08-19 12:00:00;0.20423973
2022-08-19 13:00:00;0.181276264
2022-08-19 14:00:00;0.176236311
2022-08-19 15:00:00;0.16656222199999998
2022-08-19 16:00:00;0.174298174
2022-08-19 17:00:00;0.169264023
2022-08-19 18:00:00;0.18484163899999997
2022-08-19 19:00:00;0.090580576
2022-08-19 20:00:00;0.11163261799999999
2022-08-19 21:00:00;0.102629778
2022-08-19 22:00:00;0.095665776
2022-08-19 23:00:00;0.09071341599999999
2022-08-20 00:00:00;0.087135767
2022-08-20 01:00:00;0.08616662700000001
2022-08-20 02:00:00;0.089380157
2022-08-20 03:00:00;0.092349281
2022-08-20 04:00:00;0.0864512
2022-08-20 05:00:00;0.102407034
2022-08-20 06:00:00;0.103099356
2022-08-20 07:00:00;0.085254284
2022-08-20 08:00:00;0.090332875
2022-08-20 09:00:00;0.075125069
2022-08-20 10:00:00;0.081992976
2022-08-20 11:00:00;0.114301187
2022-08-20 12:00:00;0.176081786
2022-08-20 13:00:00;0.095260792
2022-08-20 14:00:00;0.22200003599999998
2022-08-20 15:00:00;0.205104262
2022-08-20 16:00:00;0.197024638
2022-08-20 17:00:00;0.080064258
2022-08-20 18:00:00;0.08865675899999999
2022-08-20 19:00:00;0.095483942
2022-08-20 20:00:00;0.085739679
2022-08-20 21:00:00;0.08214034499999999
2022-08-20 22:00:00;0.08271489200000001
2022-08-20 23:00:00;0.168019498
2022-08-21 00:00:00;0.082775982
2022-08-21 01:00:00;0.084064065
2022-08-21 02:00:00;0.073610532
2022-08-21 03:00:00;0.07943822299999999
2022-08-21 04:00:00;0.081378725
2022-08-21 05:00:00;0.077957955
2022-08-21 06:00:00;0.07122082399999999
2022-08-21 07:00:00;0.099065256
2022-08-21 08:00:00;0.085541626
2022-08-21 09:00:00;0.088728742
2022-08-21 10:00:00;0.079499369
2022-08-21 11:00:00;0.183274716
2022-08-21 12:00:00;0.15429494800000002
2022-08-21 13:00:00;0.147495065
2022-08-21 14:00:00;0.179980142
2022-08-21 15:00:00;0.194224393
2022-08-21 16:00:00;0.063085785
2022-08-21 17:00:00;0.078980457
2022-08-21 18:00:00;0.089089342
2022-08-21 19:00:00;0.094124396
2022-08-21 20:00:00;0.084994073
2022-08-21 21:00:00;0.066054608
2022-08-21 22:00:00;0.08277978500000001
2022-08-21 23:00:00;0.094453362
2022-08-22 00:00:00;0.094470319
2022-08-22 01:00:00;0.096128577
2022-08-22 02:00:00;0.19945272600000002
2022-08-22 03:00:00;0.20276074
2022-08-22 04:00:00;0.09374588
2022-08-22 05:00:00;0.097627455
2022-08-22 06:00:00;0.200362129
2022-08-22 07:00:00;0.10135058200000001
2022-08-22 08:00:00;0.097830104
2022-08-22 09:00:00;0.177183222
2022-08-22 10:00:00;0.181908815
2022-08-22 11:00:00;0.206617422
2022-08-22 12:00:00;0.241934909
2022-08-22 13:00:00;0.236879912
2022-08-22 14:00:00;0.212612403
2022-08-22 15:00:00;0.18766556499999998
2022-08-22 16:00:00;0.170115066
2022-08-22 17:00:00;0.130187794
2022-08-22 18:00:00;0.18719391500000002
2022-08-22 19:00:00;0.19050806499999998
2022-08-22 20:00:00;0.146528627
2022-08-22 21:00:00;0.15845699400000002
2022-08-22 22:00:00;0.08676587999999999
2022-08-22 23:00:00;0.09474511699999999
2022-08-23 00:00:00;0.088019238
2022-08-23 01:00:00;0.067864284
2022-08-23 02:00:00;0.069891564
2022-08-23 03:00:00;0.073073009
2022-08-23 04:00:00;0.028948381999999998
2022-08-23 05:00:00;0.031679832
2022-08-23 06:00:00;0.030752256
2022-08-23 07:00:00;0.076297144
2022-08-23 08:00:00;0.07436759000000001
2022-08-23 09:00:00;0.068799197
2022-08-23 10:00:00;0.084073435
2022-08-23 11:00:00;0.118107451
2022-08-23 12:00:00;0.061702934
2022-08-23 13:00:00;0.110355197
2022-08-23 14:00:00;0.124660224
2022-08-23 15:00:00;0.11055208
2022-08-23 16:00:00;0.066253253
2022-08-23 17:00:00;0.06950732800000001
2022-08-23 18:00:00;0.07364602499999999
2022-08-23 19:00:00;0.097673196
2022-08-23 20:00:00;0.082593069
2022-08-23 21:00:00;0.059920997999999996
2022-08-23 22:00:00;0.057228362
2022-08-23 23:00:00;0.055849249999999996
2022-08-24 00:00:00;0.065305146
2022-08-24 01:00:00;0.062142488999999995
2022-08-24 02:00:00;0.079680812
2022-08-24 03:00:00;0.08270322799999999
2022-08-24 04:00:00;0.08242967
2022-08-24 05:00:00;0.070969141
2022-08-24 06:00:00;0.068576336
2022-08-24 07:00:00;0.070706705
2022-08-24 08:00:00;0.066804902
2022-08-24 09:00:00;0.065241634
2022-08-24 10:00:00;0.06736252000000001
2022-08-24 11:00:00;0.061725881
2022-08-24 12:00:00;0.074124414
2022-08-24 13:00:00;0.098344877
2022-08-24 14:00:00;0.086801416
2022-08-24 15:00:00;0.064760126
2022-08-24 16:00:00;0.069886869
2022-08-24 17:00:00;0.08075634
2022-08-24 18:00:00;0.08820549300000001
2022-08-24 19:00:00;0.107083293
2022-08-24 20:00:00;0.10366138999999999
2022-08-24 21:00:00;0.09547433100000001
2022-08-24 22:00:00;0.08148622400000001
2022-08-24 23:00:00;0.072249285
2022-08-25 00:00:00;0.083499392
2022-08-25 01:00:00;0.078670287
2022-08-25 02:00:00;0.084954606
2022-08-25 03:00:00;0.066168395
2022-08-25 04:00:00;0.080605374
2022-08-25 05:00:00;0.08064563400000001
2022-08-25 06:00:00;0.07977276600000001
2022-08-25 07:00:00;0.08457654599999999
2022-08-25 08:00:00;0.084866522
2022-08-25 09:00:00;0.06471928
2022-08-25 10:00:00;0.058061618
2022-08-25 11:00:00;0.068285658
2022-08-25 12:00:00;0.08149514399999999
2022-08-25 13:00:00;0.07637532
2022-08-25 14:00:00;0.060798794
2022-08-25 15:00:00;0.058587522
2022-08-25 16:00:00;0.083708194
2022-08-25 17:00:00;0.065107549
2022-08-25 18:00:00;0.065612864
2022-08-25 19:00:00;0.081669969
2022-08-25 20:00:00;0.075594014
2022-08-25 21:00:00;0.057143576
2022-08-25 22:00:00;0.053804667
2022-08-25 23:00:00;0.058567931999999996
2022-08-26 00:00:00;0.10477716499999999
2022-08-26 01:00:00;0.099236628
2022-08-26 02:00:00;0.08328024399999999
2022-08-26 03:00:00;0.069203848
2022-08-26 04:00:00;0.07108545
2022-08-26 05:00:00;0.094734094
2022-08-26 06:00:00;0.14214562
2022-08-26 07:00:00;0.14191375
2022-08-26 08:00:00;0.153809311
2022-08-26 09:00:00;0.099751035
2022-08-26 10:00:00;0.211554778
2022-08-26 11:00:00;0.212909172
2022-08-26 12:00:00;0.187646021
2022-08-26 13:00:00;0.137847758
2022-08-26 14:00:00;0.138207882
2022-08-26 15:00:00;0.12423550500000001
2022-08-26 16:00:00;0.10786815
2022-08-26 17:00:00;0.159148018
2022-08-26 18:00:00;0.10588979600000001
2022-08-26 19:00:00;0.174519867
2022-08-26 20:00:00;0.17320096799999998
2022-08-26 21:00:00;0.085096173
2022-08-26 22:00:00;0.08631598700000001
2022-08-26 23:00:00;0.095501751
2022-08-27 00:00:00;0.083713921
2022-08-27 01:00:00;0.062626899
2022-08-27 02:00:00;0.07924882100000001
2022-08-27 03:00:00;0.075408531
2022-08-27 04:00:00;0.080340513
2022-08-27 05:00:00;0.064019423
2022-08-27 06:00:00;0.062001253
2022-08-27 07:00:00;0.078157247
2022-08-27 08:00:00;0.088233751
2022-08-27 09:00:00;0.075094532
2022-08-27 10:00:00;0.060942025000000004
2022-08-27 11:00:00;0.160685932
2022-08-27 12:00:00;0.195373449
2022-08-27 13:00:00;0.199710581
2022-08-27 14:00:00;0.23494479999999998
2022-08-27 15:00:00;0.175957649
2022-08-27 16:00:00;0.137751904
2022-08-27 17:00:00;0.0998545
2022-08-27 18:00:00;0.090162228
2022-08-27 19:00:00;0.031717245
2022-08-27 20:00:00;0.05245687
2022-08-27 21:00:00;0.037327523999999994
2022-08-27 22:00:00;0.041393726
2022-08-27 23:00:00;0.032351281999999995
2022-08-28 00:00:00;0.019712464
2022-08-28 01:00:00;0.024687895999999997
2022-08-28 02:00:00;0.025689222999999997
2022-08-28 03:00:00;0.025119377000000002
2022-08-28 04:00:00;0.024435394
2022-08-28 05:00:00;0.024597706
2022-08-28 06:00:00;0.024672965999999998
2022-08-28 07:00:00;0.023548015
2022-08-28 08:00:00;0.103466103
2022-08-28 09:00:00;0.13294929
2022-08-28 10:00:00;0.173159116
2022-08-28 11:00:00;0.16109122199999998
2022-08-28 12:00:00;0.164052663
2022-08-28 13:00:00;0.155589431
2022-08-28 14:00:00;0.146004752
2022-08-28 15:00:00;0.14853729699999998
2022-08-28 16:00:00;0.144569625
2022-08-28 17:00:00;0.070661985
2022-08-28 18:00:00;0.127244633
2022-08-28 19:00:00;0.12910796400000002
2022-08-28 20:00:00;0.09640741900000001
2022-08-28 21:00:00;0.122792544
2022-08-28 22:00:00;0.092498874
2022-08-28 23:00:00;0.06288011
2022-08-29 00:00:00;0.094630445
2022-08-29 01:00:00;0.114044648
2022-08-29 02:00:00;0.10125840100000001
2022-08-29 03:00:00;0.190555188
2022-08-29 04:00:00;0.16866566700000002
2022-08-29 05:00:00;0.177704334
2022-08-29 06:00:00;0.137079557
2022-08-29 07:00:00;0.13082527200000002
2022-08-29 08:00:00;0.146990473
2022-08-29 09:00:00;0.13108181300000002
2022-08-29 10:00:00;0.150515078
2022-08-29 11:00:00;0.179237012
2022-08-29 12:00:00;0.16277137200000003
2022-08-29 13:00:00;0.19545855499999998
2022-08-29 14:00:00;0.13346697
2022-08-29 15:00:00;0.185924836
2022-08-29 16:00:00;0.10057711899999999
2022-08-29 17:00:00;0.154399925
2022-08-29 18:00:00;0.165998661
2022-08-29 19:00:00;0.095859751
2022-08-29 20:00:00;0.08021147999999999
2022-08-29 21:00:00;0.116723718
2022-08-29 22:00:00;0.174457885
2022-08-29 23:00:00;0.22877051
2022-08-30 00:00:00;0.224774438
2022-08-30 01:00:00;0.237356719
2022-08-30 02:00:00;0.313866556
2022-08-30 03:00:00;0.318622788
2022-08-30 04:00:00;0.32664041099999996
2022-08-30 05:00:00;0.21173477
2022-08-30 06:00:00;0.19466549
2022-08-30 07:00:00;0.220319661
2022-08-30 08:00:00;0.270017913
2022-08-30 09:00:00;0.272139008
2022-08-30 10:00:00;0.302548347
2022-08-30 11:00:00;0.297903822
2022-08-30 12:00:00;0.29295617399999996
2022-08-30 13:00:00;0.302851245
2022-08-30 14:00:00;0.291970858
2022-08-30 15:00:00;0.27665858
2022-08-30 16:00:00;0.22989095699999998
2022-08-30 17:00:00;0.23490299099999998
2022-08-30 18:00:00;0.206464313
2022-08-30 19:00:00;0.20584811
2022-08-30 20:00:00;0.207538342
2022-08-30 21:00:00;0.237717983
2022-08-30 22:00:00;0.30158908100000004
2022-08-30 23:00:00;0.343008038
2022-08-31 00:00:00;0.335395509
2022-08-31 01:00:00;0.306059483
2022-08-31 02:00:00;0.24553027700000002
2022-08-31 03:00:00;0.27951825
2022-08-31 04:00:00;0.234121936
2022-08-31 05:00:00;0.26275194599999996
2022-08-31 06:00:00;0.215571648
2022-08-31 07:00:00;0.193035112
2022-08-31 08:00:00;0.199705108
2022-08-31 09:00:00;0.181428032
2022-08-31 10:00:00;0.182297741
2022-08-31 11:00:00;0.230374919
2022-08-31 12:00:00;0.262753499
2022-08-31 13:00:00;0.28308203
2022-08-31 14:00:00;0.26794818400000003
2022-08-31 15:00:00;0.21867706
2022-08-31 16:00:00;0.218893999
2022-08-31 17:00:00;0.201458046
2022-08-31 18:00:00;0.186689825
2022-08-31 19:00:00;0.177427145
2022-08-31 20:00:00;0.195803728
2022-08-31 21:00:00;0.236871108
2022-08-31 22:00:00;0.297841305
2022-08-31 23:00:00;0.34090542900000004
2022-09-01 00:00:00;0.376323089
2022-09-01 01:00:00;0.36940988900000005
2022-09-01 02:00:00;0.35533410600000004
2022-09-01 03:00:00;0.372766285
2022-09-01 04:00:00;0.375247038
2022-09-01 05:00:00;0.360484034
2022-09-01 06:00:00;0.269288784
2022-09-01 07:00:00;0.247267383
2022-09-01 08:00:00;0.266273753
2022-09-01 09:00:00;0.307483746
2022-09-01 10:00:00;0.342685501
2022-09-01 11:00:00;0.326613381
2022-09-01 12:00:00;0.2954778
2022-09-01 13:00:00;0.295802535
2022-09-01 14:00:00;0.29666822200000004
2022-09-01 15:00:00;0.27439512
2022-09-01 16:00:00;0.29093215
2022-09-01 17:00:00;0.297521449
2022-09-01 18:00:00;0.276762788
2022-09-01 19:00:00;0.230169339
2022-09-01 20:00:00;0.233593578
2022-09-01 21:00:00;0.27447246000000003
2022-09-01 22:00:00;0.379400825
2022-09-01 23:00:00;0.416980832
2022-09-02 00:00:00;0.428026049
2022-09-02 01:00:00;0.434074897
2022-09-02 02:00:00;0.43134715999999995
2022-09-02 03:00:00;0.44262752699999997
2022-09-02 04:00:00;0.448700822
2022-09-02 05:00:00;0.416996058
2022-09-02 06:00:00;0.427559118
2022-09-02 07:00:00;0.435384429
2022-09-02 08:00:00;0.41071293
2022-09-02 09:00:00;0.363005853
2022-09-02 10:00:00;0.277251434
2022-09-02 11:00:00;0.247565236
2022-09-02 12:00:00;0.30274270200000003
2022-09-02 13:00:00;0.284976175
2022-09-02 14:00:00;0.199456167
2022-09-02 15:00:00;0.203041157
2022-09-02 16:00:00;0.24913823999999998
2022-09-02 17:00:00;0.211754453
2022-09-02 18:00:00;0.198378554
2022-09-02 19:00:00;0.15228198499999998
2022-09-02 20:00:00;0.092857954
2022-09-02 21:00:00;0.148120991
2022-09-02 22:00:00;0.172791378
2022-09-02 23:00:00;0.145589888
2022-09-03 00:00:00;0.145158481
2022-09-03 01:00:00;0.129822408
2022-09-03 02:00:00;0.129841075
2022-09-03 03:00:00;0.13868961300000002
2022-09-03 04:00:00;0.185629177
2022-09-03 05:00:00;0.178572274
2022-09-03 06:00:00;0.14011696499999998
2022-09-03 07:00:00;0.14885127499999998
2022-09-03 08:00:00;0.178652103
2022-09-03 09:00:00;0.131398708
2022-09-03 10:00:00;0.10084887399999999
2022-09-03 11:00:00;0.12292510799999999
2022-09-03 12:00:00;0.165983453
2022-09-03 13:00:00;0.119360519
2022-09-03 14:00:00;0.077250563
2022-09-03 15:00:00;0.10319895
2022-09-03 16:00:00;0.113850879
2022-09-03 17:00:00;0.109620624
2022-09-03 18:00:00;0.094671877
2022-09-03 19:00:00;0.104577254
2022-09-03 20:00:00;0.123611165
2022-09-03 21:00:00;0.141146898
2022-09-03 22:00:00;0.154367566
2022-09-03 23:00:00;0.153981877
2022-09-04 00:00:00;0.154394364
2022-09-04 01:00:00;0.142159292
2022-09-04 02:00:00;0.107464212
2022-09-04 03:00:00;0.110012478
2022-09-04 04:00:00;0.133281159
2022-09-04 05:00:00;0.142033863
2022-09-04 06:00:00;0.17062358800000002
2022-09-04 07:00:00;0.167462358
2022-09-04 08:00:00;0.135132098
2022-09-04 09:00:00;0.129040713
2022-09-04 10:00:00;0.071411659
2022-09-04 11:00:00;0.102489758
2022-09-04 12:00:00;0.098410032
2022-09-04 13:00:00;0.09589801799999999
2022-09-04 14:00:00;0.109889595
2022-09-04 15:00:00;0.131965552
2022-09-04 16:00:00;0.136082112
2022-09-04 17:00:00;0.15161687000000001
2022-09-04 18:00:00;0.119459957
2022-09-04 19:00:00;0.089817888
2022-09-04 20:00:00;0.080132835
2022-09-04 21:00:00;0.09146159799999999
2022-09-04 22:00:00;0.090314209
2022-09-04 23:00:00;0.13048096899999997
2022-09-05 00:00:00;0.115459843
2022-09-05 01:00:00;0.120757644
2022-09-05 02:00:00;0.101869918
2022-09-05 03:00:00;0.16001548
2022-09-05 04:00:00;0.070965288
2022-09-05 05:00:00;0.07103477999999999
2022-09-05 06:00:00;0.08167521700000001
2022-09-05 07:00:00;0.079536756
2022-09-05 08:00:00;0.070538503
2022-09-05 09:00:00;0.154525618
2022-09-05 10:00:00;0.107876502
2022-09-05 11:00:00;0.108004709
2022-09-05 12:00:00;0.051761273000000003
2022-09-05 13:00:00;0.056799957
2022-09-05 14:00:00;0.039440543
2022-09-05 15:00:00;0.075621078
2022-09-05 16:00:00;0.08782917700000001
2022-09-05 17:00:00;0.12352121699999999
2022-09-05 18:00:00;0.117956451
2022-09-05 19:00:00;0.11156802399999999
2022-09-05 20:00:00;0.10484568600000001
2022-09-05 21:00:00;0.133974387
2022-09-05 22:00:00;0.13937045699999998
2022-09-05 23:00:00;0.145477119
2022-09-06 00:00:00;0.168412383
2022-09-06 01:00:00;0.170099055
2022-09-06 02:00:00;0.16694655800000002
2022-09-06 03:00:00;0.17712778399999998
2022-09-06 04:00:00;0.17902152000000002
2022-09-06 05:00:00;0.178889995
2022-09-06 06:00:00;0.17630274
2022-09-06 07:00:00;0.16856330500000002
2022-09-06 08:00:00;0.178924718
2022-09-06 09:00:00;0.10382802599999999
2022-09-06 10:00:00;0.061437455999999994
2022-09-06 11:00:00;0.058920358
2022-09-06 12:00:00;0.10304172199999999
2022-09-06 13:00:00;0.091552605
2022-09-06 14:00:00;0.090969287
2022-09-06 15:00:00;0.114760802
2022-09-06 16:00:00;0.107102887
2022-09-06 17:00:00;0.097865147
2022-09-06 18:00:00;0.14210098300000001
2022-09-06 19:00:00;0.12082908
2022-09-06 20:00:00;0.083303026
2022-09-06 21:00:00;0.10467995100000001
2022-09-06 22:00:00;0.133771804
2022-09-06 23:00:00;0.15167924300000002
2022-09-07 00:00:00;0.145279714
2022-09-07 01:00:00;0.22810541599999998
2022-09-07 02:00:00;0.245691911
2022-09-07 03:00:00;0.222825478
2022-09-07 04:00:00;0.209362029
2022-09-07 05:00:00;0.224932681
2022-09-07 06:00:00;0.16066956300000002
2022-09-07 07:00:00;0.124716007
2022-09-07 08:00:00;0.163557067
2022-09-07 09:00:00;0.235298222
2022-09-07 10:00:00;0.227800796
2022-09-07 11:00:00;0.20503834599999998
2022-09-07 12:00:00;0.234814014
2022-09-07 13:00:00;0.215824499
2022-09-07 14:00:00;0.20502408600000002
2022-09-07 15:00:00;0.216651183
2022-09-07 16:00:00;0.189859465
2022-09-07 17:00:00;0.16503413900000002
2022-09-07 18:00:00;0.110924278
2022-09-07 19:00:00;0.098342388
2022-09-07 20:00:00;0.10476991599999999
2022-09-07 21:00:00;0.119689859
2022-09-07 22:00:00;0.155807383
2022-09-07 23:00:00;0.180922896
2022-09-08 00:00:00;0.201139239
2022-09-08 01:00:00;0.18511797000000002
2022-09-08 02:00:00;0.171812685
2022-09-08 03:00:00;0.179741693
2022-09-08 04:00:00;0.21133507199999998
2022-09-08 05:00:00;0.136521292
2022-09-08 06:00:00;0.125872161
2022-09-08 07:00:00;0.111985107
2022-09-08 08:00:00;0.093046822
2022-09-08 09:00:00;0.105395725
2022-09-08 10:00:00;0.094361017
2022-09-08 11:00:00;0.079168729
2022-09-08 12:00:00;0.068456918
2022-09-08 13:00:00;0.084126443
2022-09-08 14:00:00;0.07553892899999999
2022-09-08 15:00:00;0.08323676
2022-09-08 16:00:00;0.088234307
2022-09-08 17:00:00;0.11570500800000001
2022-09-08 18:00:00;0.114852802
2022-09-08 19:00:00;0.08801611599999999
2022-09-08 20:00:00;0.08622860900000001
2022-09-08 21:00:00;0.099258416
2022-09-08 22:00:00;0.10288041699999999
2022-09-08 23:00:00;0.171805467
2022-09-09 00:00:00;0.122654269
2022-09-09 01:00:00;0.126683981
2022-09-09 02:00:00;0.158780167
2022-09-09 03:00:00;0.191144296
2022-09-09 04:00:00;0.166811368
2022-09-09 05:00:00;0.171170625
2022-09-09 06:00:00;0.21521153799999998
2022-09-09 07:00:00;0.208727762
2022-09-09 08:00:00;0.19079859200000002
2022-09-09 09:00:00;0.29000972999999997
2022-09-09 10:00:00;0.274508944
2022-09-09 11:00:00;0.30686854199999997
2022-09-09 12:00:00;0.265827165
2022-09-09 13:00:00;0.311515807
2022-09-09 14:00:00;0.29051565399999996
2022-09-09 15:00:00;0.287129069
2022-09-09 16:00:00;0.31946425799999995
2022-09-09 17:00:00;0.312101223
2022-09-09 18:00:00;0.225217546
2022-09-09 19:00:00;0.196279396
2022-09-09 20:00:00;0.183638163
2022-09-09 21:00:00;0.21433186699999998
2022-09-09 22:00:00;0.27753359
2022-09-09 23:00:00;0.31780913299999997
2022-09-10 00:00:00;0.440248213
2022-09-10 01:00:00;0.458017359
2022-09-10 02:00:00;0.44018162699999996
2022-09-10 03:00:00;0.433914008
2022-09-10 04:00:00;0.430050113
2022-09-10 05:00:00;0.446755091
2022-09-10 06:00:00;0.439893698
2022-09-10 07:00:00;0.443682686
2022-09-10 08:00:00;0.38321008
2022-09-10 09:00:00;0.451700925
2022-09-10 10:00:00;0.408559851
2022-09-10 11:00:00;0.38562798
2022-09-10 12:00:00;0.358495646
2022-09-10 13:00:00;0.366983836
2022-09-10 14:00:00;0.388317544
2022-09-10 15:00:00;0.398821648
2022-09-10 16:00:00;0.432676695
2022-09-10 17:00:00;0.468584598
2022-09-10 18:00:00;0.420294331
2022-09-10 19:00:00;0.33606349
2022-09-10 20:00:00;0.311617973
2022-09-10 21:00:00;0.38635044900000004
2022-09-10 22:00:00;0.465140085
2022-09-10 23:00:00;0.49593368600000004
2022-09-11 00:00:00;0.532938573
2022-09-11 01:00:00;0.5437837600000001
2022-09-11 02:00:00;0.532096735
2022-09-11 03:00:00;0.545423278
2022-09-11 04:00:00;0.5377857420000001
2022-09-11 05:00:00;0.493422262
2022-09-11 06:00:00;0.481370657
2022-09-11 07:00:00;0.471386912
2022-09-11 08:00:00;0.446591798
2022-09-11 09:00:00;0.401193139
2022-09-11 10:00:00;0.366778932
2022-09-11 11:00:00;0.354523968
2022-09-11 12:00:00;0.35266587
2022-09-11 13:00:00;0.352905945
2022-09-11 14:00:00;0.373490439
2022-09-11 15:00:00;0.38857291600000005
2022-09-11 16:00:00;0.40062380400000003
2022-09-11 17:00:00;0.411406782
2022-09-11 18:00:00;0.454170388
2022-09-11 19:00:00;0.462876306
2022-09-11 20:00:00;0.415306397
2022-09-11 21:00:00;0.516512832
2022-09-11 22:00:00;0.542964197
2022-09-11 23:00:00;0.5009241369999999
2022-09-12 00:00:00;0.542250671
2022-09-12 01:00:00;0.529935835
2022-09-12 02:00:00;0.52454576
2022-09-12 03:00:00;0.5040486430000001
2022-09-12 04:00:00;0.478821885
2022-09-12 05:00:00;0.463777375
2022-09-12 06:00:00;0.40549348300000004
2022-09-12 07:00:00;0.348525553
2022-09-12 08:00:00;0.32239473500000004
2022-09-12 09:00:00;0.351275374
2022-09-12 10:00:00;0.35460152
2022-09-12 11:00:00;0.324150612
2022-09-12 12:00:00;0.28108570400000005
2022-09-12 13:00:00;0.265003135
2022-09-12 14:00:00;0.259844074
2022-09-12 15:00:00;0.268153225
2022-09-12 16:00:00;0.242278198
2022-09-12 17:00:00;0.214704501
2022-09-12 18:00:00;0.186166645
2022-09-12 19:00:00;0.10624906199999999
2022-09-12 20:00:00;0.11388623699999999
2022-09-12 21:00:00;0.151845517
2022-09-12 22:00:00;0.163819763
2022-09-12 23:00:00;0.14096629100000002
2022-09-13 00:00:00;0.161303485
2022-09-13 01:00:00;0.153048507
2022-09-13 02:00:00;0.14198027200000002
2022-09-13 03:00:00;0.124691933
2022-09-13 04:00:00;0.144925884
2022-09-13 05:00:00;0.125949086
2022-09-13 06:00:00;0.130646412
2022-09-13 07:00:00;0.153840778
2022-09-13 08:00:00;0.169834768
2022-09-13 09:00:00;0.144290994
2022-09-13 10:00:00;0.14407793000000002
2022-09-13 11:00:00;0.125848974
2022-09-13 12:00:00;0.069962837
2022-09-13 13:00:00;0.084854602
2022-09-13 14:00:00;0.062032826
2022-09-13 15:00:00;0.064159433
2022-09-13 16:00:00;0.06448156799999999
2022-09-13 17:00:00;0.062708865
2022-09-13 18:00:00;0.06962103500000001
2022-09-13 19:00:00;0.058313448000000004
2022-09-13 20:00:00;0.064079992
2022-09-13 21:00:00;0.062199317999999996
2022-09-13 22:00:00;0.072859391
2022-09-13 23:00:00;0.06729872899999999
2022-09-14 00:00:00;0.07980596599999999
2022-09-14 01:00:00;0.066713264
2022-09-14 02:00:00;0.07123035
2022-09-14 03:00:00;0.075929777
2022-09-14 04:00:00;0.07867018
2022-09-14 05:00:00;0.108171212
2022-09-14 06:00:00;0.127389064
2022-09-14 07:00:00;0.12484232299999999
2022-09-14 08:00:00;0.085276907
2022-09-14 09:00:00;0.10282069699999999
2022-09-14 10:00:00;0.122688008
2022-09-14 11:00:00;0.106660072
2022-09-14 12:00:00;0.12194068699999999
2022-09-14 13:00:00;0.133389174
2022-09-14 14:00:00;0.200255516
2022-09-14 15:00:00;0.202438808
2022-09-14 16:00:00;0.20010237900000002
2022-09-14 17:00:00;0.124984449
2022-09-14 18:00:00;0.11429446
2022-09-14 19:00:00;0.121510382
2022-09-14 20:00:00;0.185789301
2022-09-14 21:00:00;0.211150042
2022-09-14 22:00:00;0.23512809999999998
2022-09-14 23:00:00;0.208367918
2022-09-15 00:00:00;0.156969471
2022-09-15 01:00:00;0.159131313
2022-09-15 02:00:00;0.15059627699999997
2022-09-15 03:00:00;0.139243999
2022-09-15 04:00:00;0.125133247
2022-09-15 05:00:00;0.14085224600000001
2022-09-15 06:00:00;0.136794389
2022-09-15 07:00:00;0.12004058999999999
2022-09-15 08:00:00;0.12748726000000002
2022-09-15 09:00:00;0.121347646
2022-09-15 10:00:00;0.102340456
2022-09-15 11:00:00;0.078433654
2022-09-15 12:00:00;0.078942023
2022-09-15 13:00:00;0.060203944999999995
2022-09-15 14:00:00;0.0420588
2022-09-15 15:00:00;0.050887864
2022-09-15 16:00:00;0.038739136
2022-09-15 17:00:00;0.040498311
2022-09-15 18:00:00;0.044662767
2022-09-15 19:00:00;0.048561615
2022-09-15 20:00:00;0.04802234700000001
2022-09-15 21:00:00;0.053241855
2022-09-15 22:00:00;0.047466012
2022-09-15 23:00:00;0.047339584000000004
2022-09-16 00:00:00;0.045563359
2022-09-16 01:00:00;0.052436149
2022-09-16 02:00:00;0.044969710999999996
2022-09-16 03:00:00;0.053039405000000005
2022-09-16 04:00:00;0.078509748
2022-09-16 05:00:00;0.09112397300000001
2022-09-16 06:00:00;0.109294049
2022-09-16 07:00:00;0.158600879
2022-09-16 08:00:00;0.174792484
2022-09-16 09:00:00;0.177958556
2022-09-16 10:00:00;0.18006272999999998
2022-09-16 11:00:00;0.179353743
2022-09-16 12:00:00;0.18978973700000001
2022-09-16 13:00:00;0.17717464100000002
2022-09-16 14:00:00;0.158458251
2022-09-16 15:00:00;0.161154023
2022-09-16 16:00:00;0.16750843399999998
2022-09-16 17:00:00;0.154584319
2022-09-16 18:00:00;0.22139800299999998
2022-09-16 19:00:00;0.208416518
2022-09-16 20:00:00;0.18402307099999998
2022-09-16 21:00:00;0.17386226899999999
2022-09-16 22:00:00;0.148896469
2022-09-16 23:00:00;0.109481138
2022-09-17 00:00:00;0.08981407699999999
2022-09-17 01:00:00;0.084258966
2022-09-17 02:00:00;0.07777375
2022-09-17 03:00:00;0.058738341
2022-09-17 04:00:00;0.09365994600000001
2022-09-17 05:00:00;0.073912064
2022-09-17 06:00:00;0.099589499
2022-09-17 07:00:00;0.118692486
2022-09-17 08:00:00;0.11680405299999999
2022-09-17 09:00:00;0.09076574100000001
2022-09-17 10:00:00;0.061247733
2022-09-17 11:00:00;0.122837818
2022-09-17 12:00:00;0.126332463
2022-09-17 13:00:00;0.12632596499999998
2022-09-17 14:00:00;0.125587051
2022-09-17 15:00:00;0.130013148
2022-09-17 16:00:00;0.066407184
2022-09-17 17:00:00;0.07370766000000001
2022-09-17 18:00:00;0.09134434500000001
2022-09-17 19:00:00;0.092633256
2022-09-17 20:00:00;0.086953204
2022-09-17 21:00:00;0.081764033
2022-09-17 22:00:00;0.065614894
2022-09-17 23:00:00;0.061536451
2022-09-18 00:00:00;0.078723022
2022-09-18 01:00:00;0.077815489
2022-09-18 02:00:00;0.08614614799999999
2022-09-18 03:00:00;0.07586416800000001
2022-09-18 04:00:00;0.060003787
2022-09-18 05:00:00;0.067984733
2022-09-18 06:00:00;0.086070099
2022-09-18 07:00:00;0.073103876
2022-09-18 08:00:00;0.083336667
2022-09-18 09:00:00;0.08607732
2022-09-18 10:00:00;0.07152461
2022-09-18 11:00:00;0.07911368899999999
2022-09-18 12:00:00;0.083662419
2022-09-18 13:00:00;0.085902662
2022-09-18 14:00:00;0.08296631600000001
2022-09-18 15:00:00;0.083439156
2022-09-18 16:00:00;0.084075522
2022-09-18 17:00:00;0.114491292
2022-09-18 18:00:00;0.135259296
2022-09-18 19:00:00;0.1289702
2022-09-18 20:00:00;0.133519699
2022-09-18 21:00:00;0.130351305
2022-09-18 22:00:00;0.144162437
2022-09-18 23:00:00;0.16157073500000002
2022-09-19 00:00:00;0.156676699
2022-09-19 01:00:00;0.154332121
2022-09-19 02:00:00;0.155803191
2022-09-19 03:00:00;0.153877465
2022-09-19 04:00:00;0.179713043
2022-09-19 05:00:00;0.19462831700000002
2022-09-19 06:00:00;0.218100023
2022-09-19 07:00:00;0.23167706000000002
2022-09-19 08:00:00;0.166885734
2022-09-19 09:00:00;0.276722333
2022-09-19 10:00:00;0.234314031
2022-09-19 11:00:00;0.236947068
2022-09-19 12:00:00;0.241456464
2022-09-19 13:00:00;0.22559454199999998
2022-09-19 14:00:00;0.20213183
2022-09-19 15:00:00;0.19568486899999998
2022-09-19 16:00:00;0.203937465
2022-09-19 17:00:00;0.161323526
2022-09-19 18:00:00;0.215236701
2022-09-19 19:00:00;0.201582562
2022-09-19 20:00:00;0.15283860000000002
2022-09-19 21:00:00;0.14684408999999998
2022-09-19 22:00:00;0.20869437700000001
2022-09-19 23:00:00;0.228777796
2022-09-20 00:00:00;0.2161996
2022-09-20 01:00:00;0.238522291
2022-09-20 02:00:00;0.28267959400000003
2022-09-20 03:00:00;0.24237054800000002
2022-09-20 04:00:00;0.185154047
2022-09-20 05:00:00;0.229707943
2022-09-20 06:00:00;0.151655352
2022-09-20 07:00:00;0.17278284500000002
2022-09-20 08:00:00;0.306948157
2022-09-20 09:00:00;0.331174984
2022-09-20 10:00:00;0.278553386
2022-09-20 11:00:00;0.290608522
2022-09-20 12:00:00;0.29631444
2022-09-20 13:00:00;0.27473292600000004
2022-09-20 14:00:00;0.28439322600000005
2022-09-20 15:00:00;0.292620239
2022-09-20 16:00:00;0.33415006799999997
2022-09-20 17:00:00;0.302294538
2022-09-20 18:00:00;0.25384352
2022-09-20 19:00:00;0.262227594
2022-09-20 20:00:00;0.28304415499999996
2022-09-20 21:00:00;0.27192952600000003
2022-09-20 22:00:00;0.32617607
2022-09-20 23:00:00;0.493115901
2022-09-21 00:00:00;0.43753178200000004
2022-09-21 01:00:00;0.44956756999999997
2022-09-21 02:00:00;0.450262068
2022-09-21 03:00:00;0.450606886
2022-09-21 04:00:00;0.446650619
2022-09-21 05:00:00;0.460548801
2022-09-21 06:00:00;0.34686259
2022-09-21 07:00:00;0.314395484
2022-09-21 08:00:00;0.329712937
2022-09-21 09:00:00;0.373967824
2022-09-21 10:00:00;0.38982392499999996
2022-09-21 11:00:00;0.367163749
2022-09-21 12:00:00;0.350855187
2022-09-21 13:00:00;0.33294302
2022-09-21 14:00:00;0.336698054
2022-09-21 15:00:00;0.355002441
2022-09-21 16:00:00;0.324819631
2022-09-21 17:00:00;0.304923273
2022-09-21 18:00:00;0.267596856
2022-09-21 19:00:00;0.238774024
2022-09-21 20:00:00;0.216125957
2022-09-21 21:00:00;0.287872
2022-09-21 22:00:00;0.318678753
2022-09-21 23:00:00;0.400386843
2022-09-22 00:00:00;0.41806665600000004
2022-09-22 01:00:00;0.408991004
2022-09-22 02:00:00;0.379228131
2022-09-22 03:00:00;0.356028357
2022-09-22 04:00:00;0.324590167
2022-09-22 05:00:00;0.251440494
2022-09-22 06:00:00;0.276048463
2022-09-22 07:00:00;0.247590464
2022-09-22 08:00:00;0.282146761
2022-09-22 09:00:00;0.304759836
2022-09-22 10:00:00;0.30181081
2022-09-22 11:00:00;0.227408388
2022-09-22 12:00:00;0.30563199300000005
2022-09-22 13:00:00;0.265251127
2022-09-22 14:00:00;0.284922111
2022-09-22 15:00:00;0.252303228
2022-09-22 16:00:00;0.22033024499999998
2022-09-22 17:00:00;0.210206159
2022-09-22 18:00:00;0.191170116
2022-09-22 19:00:00;0.175057669
2022-09-22 20:00:00;0.15016105200000002
2022-09-22 21:00:00;0.13544889100000002
2022-09-22 22:00:00;0.112727616
2022-09-22 23:00:00;0.10952130099999999
2022-09-23 00:00:00;0.115490936
2022-09-23 01:00:00;0.119369562
2022-09-23 02:00:00;0.11399709799999999
2022-09-23 03:00:00;0.115630074
2022-09-23 04:00:00;0.11673017799999999
2022-09-23 05:00:00;0.10142085
2022-09-23 06:00:00;0.114720633
2022-09-23 07:00:00;0.198341954
2022-09-23 08:00:00;0.119511388
2022-09-23 09:00:00;0.133427213
2022-09-23 10:00:00;0.226122444
2022-09-23 11:00:00;0.22083939
2022-09-23 12:00:00;0.193636211
2022-09-23 13:00:00;0.18901811799999998
2022-09-23 14:00:00;0.16043381199999998
2022-09-23 15:00:00;0.16691250500000002
2022-09-23 16:00:00;0.15642203799999999
2022-09-23 17:00:00;0.11449904999999999
2022-09-23 18:00:00;0.11746151399999999
2022-09-23 19:00:00;0.127000629
2022-09-23 20:00:00;0.125161396
2022-09-23 21:00:00;0.13660834
2022-09-23 22:00:00;0.112519544
2022-09-23 23:00:00;0.162462306
2022-09-24 00:00:00;0.13935251099999998
2022-09-24 01:00:00;0.189243988
2022-09-24 02:00:00;0.213039761
2022-09-24 03:00:00;0.179513104
2022-09-24 04:00:00;0.232290676
2022-09-24 05:00:00;0.180313424
2022-09-24 06:00:00;0.242703147
2022-09-24 07:00:00;0.143801028
2022-09-24 08:00:00;0.173953517
2022-09-24 09:00:00;0.200393625
2022-09-24 10:00:00;0.21470572100000002
2022-09-24 11:00:00;0.207864948
2022-09-24 12:00:00;0.17935459499999998
2022-09-24 13:00:00;0.240359347
2022-09-24 14:00:00;0.245721567
2022-09-24 15:00:00;0.264403102
2022-09-24 16:00:00;0.21987536700000002
2022-09-24 17:00:00;0.20747799900000002
2022-09-24 18:00:00;0.20451942399999998
2022-09-24 19:00:00;0.142130569
2022-09-24 20:00:00;0.156127026
2022-09-24 21:00:00;0.129933903
2022-09-24 22:00:00;0.189561341
2022-09-24 23:00:00;0.262410989
2022-09-25 00:00:00;0.3014675
2022-09-25 01:00:00;0.295272617
2022-09-25 02:00:00;0.361912341
2022-09-25 03:00:00;0.361570559
2022-09-25 04:00:00;0.381841763
2022-09-25 05:00:00;0.406837463
2022-09-25 06:00:00;0.398439539
2022-09-25 07:00:00;0.395000469
2022-09-25 08:00:00;0.341947518
2022-09-25 09:00:00;0.272571681
2022-09-25 10:00:00;0.287912347
2022-09-25 11:00:00;0.279872453
2022-09-25 12:00:00;0.275385316
2022-09-25 13:00:00;0.283724525
2022-09-25 14:00:00;0.28481895500000004
2022-09-25 15:00:00;0.306834271
2022-09-25 16:00:00;0.337132426
2022-09-25 17:00:00;0.247689017
2022-09-25 18:00:00;0.15668224
2022-09-25 19:00:00;0.12404000000000001
2022-09-25 20:00:00;0.10731025699999999
2022-09-25 21:00:00;0.105458043
2022-09-25 22:00:00;0.127964636
2022-09-25 23:00:00;0.125093018
2022-09-26 00:00:00;0.162170431
2022-09-26 01:00:00;0.08247243500000001
2022-09-26 02:00:00;0.20508433099999998
2022-09-26 03:00:00;0.170514037
2022-09-26 04:00:00;0.169203031
2022-09-26 05:00:00;0.170856818
2022-09-26 06:00:00;0.17927537799999999
2022-09-26 07:00:00;0.146735272
2022-09-26 08:00:00;0.15964980399999998
2022-09-26 09:00:00;0.119883665
2022-09-26 10:00:00;0.096426274
2022-09-26 11:00:00;0.099920574
2022-09-26 12:00:00;0.086743081
2022-09-26 13:00:00;0.091332783
2022-09-26 14:00:00;0.09411246300000001
2022-09-26 15:00:00;0.098614745
2022-09-26 16:00:00;0.108509378
2022-09-26 17:00:00;0.112340329
2022-09-26 18:00:00;0.11095058899999999
2022-09-26 19:00:00;0.09287566
2022-09-26 20:00:00;0.093893395
2022-09-26 21:00:00;0.082450933
2022-09-26 22:00:00;0.063187799
2022-09-26 23:00:00;0.105391282
2022-09-27 00:00:00;0.141599079
2022-09-27 01:00:00;0.187633544
2022-09-27 02:00:00;0.236705963
2022-09-27 03:00:00;0.234879087
2022-09-27 04:00:00;0.23331811
2022-09-27 05:00:00;0.256910894
2022-09-27 06:00:00;0.20568015399999998
2022-09-27 07:00:00;0.211974696
2022-09-27 08:00:00;0.16289382
2022-09-27 09:00:00;0.222033148
2022-09-27 10:00:00;0.223756164
2022-09-27 11:00:00;0.23023036
2022-09-27 12:00:00;0.234921839
2022-09-27 13:00:00;0.243503711
2022-09-27 14:00:00;0.238695489
2022-09-27 15:00:00;0.238985286
2022-09-27 16:00:00;0.157428639
2022-09-27 17:00:00;0.181627707
2022-09-27 18:00:00;0.171392546
2022-09-27 19:00:00;0.170509406
2022-09-27 20:00:00;0.14636554000000002
2022-09-27 21:00:00;0.165316058
2022-09-27 22:00:00;0.168675773
2022-09-27 23:00:00;0.140238718
2022-09-28 00:00:00;0.14287535399999998
2022-09-28 01:00:00;0.140487719
2022-09-28 02:00:00;0.13973263900000002
2022-09-28 03:00:00;0.129788152
2022-09-28 04:00:00;0.15065135799999999
2022-09-28 05:00:00;0.173408751
2022-09-28 06:00:00;0.203111694
2022-09-28 07:00:00;0.24730850599999998
2022-09-28 08:00:00;0.24743838299999998
2022-09-28 09:00:00;0.24993110799999999
2022-09-28 10:00:00;0.240842627
2022-09-28 11:00:00;0.216980866
2022-09-28 12:00:00;0.237881313
2022-09-28 13:00:00;0.23811480599999998
2022-09-28 14:00:00;0.243937895
2022-09-28 15:00:00;0.24414565
2022-09-28 16:00:00;0.235157855
2022-09-28 17:00:00;0.260238169
2022-09-28 18:00:00;0.261951247
2022-09-28 19:00:00;0.268577158
2022-09-28 20:00:00;0.238314058
2022-09-28 21:00:00;0.187262638
2022-09-28 22:00:00;0.110627266
2022-09-28 23:00:00;0.09647110499999999
2022-09-29 00:00:00;0.104126563
2022-09-29 01:00:00;0.093825942
2022-09-29 02:00:00;0.103564662
2022-09-29 03:00:00;0.103332215
2022-09-29 04:00:00;0.09643906099999999
2022-09-29 05:00:00;0.08257632300000001
2022-09-29 06:00:00;0.07582589199999999
2022-09-29 07:00:00;0.114681028
2022-09-29 08:00:00;0.127083124
2022-09-29 09:00:00;0.09358867700000001
2022-09-29 10:00:00;0.058973746
2022-09-29 11:00:00;0.066525288
2022-09-29 12:00:00;0.112505567
2022-09-29 13:00:00;0.07318435
2022-09-29 14:00:00;0.11761751200000001
2022-09-29 15:00:00;0.13973780300000002
2022-09-29 16:00:00;0.12303093300000001
2022-09-29 17:00:00;0.13991258199999998
2022-09-29 18:00:00;0.126074919
2022-09-29 19:00:00;0.078588723
2022-09-29 20:00:00;0.11326150900000001
2022-09-29 21:00:00;0.10341434499999999
2022-09-29 22:00:00;0.116199557
2022-09-29 23:00:00;0.130758956
2022-09-30 00:00:00;0.09994317100000001
2022-09-30 01:00:00;0.113912474
2022-09-30 02:00:00;0.120435522
2022-09-30 03:00:00;0.114574434
2022-09-30 04:00:00;0.16004274699999999
2022-09-30 05:00:00;0.159308489
2022-09-30 06:00:00;0.135726919
2022-09-30 07:00:00;0.150955715
2022-09-30 08:00:00;0.153294433
2022-09-30 09:00:00;0.227454387
2022-09-30 10:00:00;0.227763096
2022-09-30 11:00:00;0.218735612
2022-09-30 12:00:00;0.256636617
2022-09-30 13:00:00;0.268009929
2022-09-30 14:00:00;0.21336462599999997
2022-09-30 15:00:00;0.188926447
2022-09-30 16:00:00;0.161216144
2022-09-30 17:00:00;0.138057975
2022-09-30 18:00:00;0.14115016600000002
2022-09-30 19:00:00;0.132236199
2022-09-30 20:00:00;0.06494438599999999
2022-09-30 21:00:00;0.078695919
2022-09-30 22:00:00;0.067508054
2022-09-30 23:00:00;0.037955713
2022-10-01 00:00:00;0.043840169000000005
2022-10-01 01:00:00;0.033864797
2022-10-01 02:00:00;0.037573509
2022-10-01 03:00:00;0.070909008
2022-10-01 04:00:00;0.077417688
2022-10-01 05:00:00;0.04523511
2022-10-01 06:00:00;0.04018694
2022-10-01 07:00:00;0.046474485999999995
2022-10-01 08:00:00;0.04354332
2022-10-01 09:00:00;0.067601383
2022-10-01 10:00:00;0.08757553900000001
2022-10-01 11:00:00;0.08631565399999999
2022-10-01 12:00:00;0.103419234
2022-10-01 13:00:00;0.166190439
2022-10-01 14:00:00;0.167913182
2022-10-01 15:00:00;0.117349248
2022-10-01 16:00:00;0.14833433
2022-10-01 17:00:00;0.126811992
2022-10-01 18:00:00;0.133512743
2022-10-01 19:00:00;0.131199985
2022-10-01 20:00:00;0.135870149
2022-10-01 21:00:00;0.123612368
2022-10-01 22:00:00;0.112663785
2022-10-01 23:00:00;0.09836418899999999
2022-10-02 00:00:00;0.10329249900000001
2022-10-02 01:00:00;0.105395815
2022-10-02 02:00:00;0.094628848
2022-10-02 03:00:00;0.106527809
2022-10-02 04:00:00;0.116429493
2022-10-02 05:00:00;0.106408737
2022-10-02 06:00:00;0.10425113
2022-10-02 07:00:00;0.11146977599999999
2022-10-02 08:00:00;0.11629365
2022-10-02 09:00:00;0.109298565
2022-10-02 10:00:00;0.07999955
2022-10-02 11:00:00;0.08097781999999999
2022-10-02 12:00:00;0.055476222
2022-10-02 13:00:00;0.047736538
2022-10-02 14:00:00;0.038369903999999996
2022-10-02 15:00:00;0.044649805
2022-10-02 16:00:00;0.045104871000000005
2022-10-02 17:00:00;0.062045775
2022-10-02 18:00:00;0.072008894
2022-10-02 19:00:00;0.052360965
2022-10-02 20:00:00;0.064366117
2022-10-02 21:00:00;0.054949615
2022-10-02 22:00:00;0.056743255
2022-10-02 23:00:00;0.047074199
2022-10-03 00:00:00;0.054513598
2022-10-03 01:00:00;0.055320847
2022-10-03 02:00:00;0.064430685
2022-10-03 03:00:00;0.065097597
2022-10-03 04:00:00;0.069562608
2022-10-03 05:00:00;0.093735383
2022-10-03 06:00:00;0.14070559900000001
2022-10-03 07:00:00;0.15740802199999998
2022-10-03 08:00:00;0.16177572699999998
2022-10-03 09:00:00;0.163623392
2022-10-03 10:00:00;0.138070713
2022-10-03 11:00:00;0.109804124
2022-10-03 12:00:00;0.105696551
2022-10-03 13:00:00;0.122271117
2022-10-03 14:00:00;0.11690904399999999
2022-10-03 15:00:00;0.114924149
2022-10-03 16:00:00;0.115657443
2022-10-03 17:00:00;0.112443949
2022-10-03 18:00:00;0.107959037
2022-10-03 19:00:00;0.11684593
2022-10-03 20:00:00;0.107748124
2022-10-03 21:00:00;0.111811463
2022-10-03 22:00:00;0.124874514
2022-10-03 23:00:00;0.113928476
2022-10-04 00:00:00;0.102190664
2022-10-04 01:00:00;0.08171029
2022-10-04 02:00:00;0.09362700700000001
2022-10-04 03:00:00;0.090707204
2022-10-04 04:00:00;0.104929739
2022-10-04 05:00:00;0.113715338
2022-10-04 06:00:00;0.11906109299999999
2022-10-04 07:00:00;0.126668383
2022-10-04 08:00:00;0.12214481
2022-10-04 09:00:00;0.19070506599999998
2022-10-04 10:00:00;0.18308133599999998
2022-10-04 11:00:00;0.15410232
2022-10-04 12:00:00;0.149625868
2022-10-04 13:00:00;0.115396918
2022-10-04 14:00:00;0.033844556
2022-10-04 15:00:00;0.055443905
2022-10-04 16:00:00;0.045898083
2022-10-04 17:00:00;0.074352688
2022-10-04 18:00:00;0.059952245
2022-10-04 19:00:00;0.057924961000000004
2022-10-04 20:00:00;0.04099183
2022-10-04 21:00:00;0.039137490999999996
2022-10-04 22:00:00;0.046015859
2022-10-04 23:00:00;0.04677262
2022-10-05 00:00:00;0.056583236999999995
2022-10-05 01:00:00;0.05588087
2022-10-05 02:00:00;0.055001833
2022-10-05 03:00:00;0.058904766000000004
2022-10-05 04:00:00;0.054336765
2022-10-05 05:00:00;0.055474828000000004
2022-10-05 06:00:00;0.05335913
2022-10-05 07:00:00;0.050029991
2022-10-05 08:00:00;0.046401593
2022-10-05 09:00:00;0.055752959
2022-10-05 10:00:00;0.060902289000000005
2022-10-05 11:00:00;0.041579135
2022-10-05 12:00:00;0.044278388
2022-10-05 13:00:00;0.05532041
2022-10-05 14:00:00;0.051724988000000006
2022-10-05 15:00:00;0.040223629000000004
2022-10-05 16:00:00;0.027150636
2022-10-05 17:00:00;0.027180945999999997
2022-10-05 18:00:00;0.027286069
2022-10-05 19:00:00;0.027689482
2022-10-05 20:00:00;0.028102006
2022-10-05 21:00:00;0.035651654
2022-10-05 22:00:00;0.044899086
2022-10-05 23:00:00;0.049432791999999996
2022-10-06 00:00:00;0.054515862
2022-10-06 01:00:00;0.070226465
2022-10-06 02:00:00;0.094277373
2022-10-06 03:00:00;0.06403060499999999
2022-10-06 04:00:00;0.059860296
2022-10-06 05:00:00;0.029468878
2022-10-06 06:00:00;0.033738364
2022-10-06 07:00:00;0.028771069
2022-10-06 08:00:00;0.028278134
2022-10-06 09:00:00;0.028017077
2022-10-06 10:00:00;0.027069859
2022-10-06 11:00:00;0.039147121
2022-10-06 12:00:00;0.038457853
2022-10-06 13:00:00;0.042224454
2022-10-06 14:00:00;0.047917656999999995
2022-10-06 15:00:00;0.042619614
2022-10-06 16:00:00;0.044432976
2022-10-06 17:00:00;0.069529244
2022-10-06 18:00:00;0.06462870100000001
2022-10-06 19:00:00;0.030409357
2022-10-06 20:00:00;0.030955381
2022-10-06 21:00:00;0.03194069
2022-10-06 22:00:00;0.03155924
2022-10-06 23:00:00;0.033167178
2022-10-07 00:00:00;0.033562651000000006
2022-10-07 01:00:00;0.035628596
2022-10-07 02:00:00;0.035216164999999994
2022-10-07 03:00:00;0.03490235
2022-10-07 04:00:00;0.033929749
2022-10-07 05:00:00;0.032275635999999996
2022-10-07 06:00:00;0.030622755
2022-10-07 07:00:00;0.031026457
2022-10-07 08:00:00;0.031510283
2022-10-07 09:00:00;0.038615188
2022-10-07 10:00:00;0.031041032
2022-10-07 11:00:00;0.031037298
2022-10-07 12:00:00;0.029313984999999997
2022-10-07 13:00:00;0.027409051
2022-10-07 14:00:00;0.027739077
2022-10-07 15:00:00;0.027541434
2022-10-07 16:00:00;0.028909901000000002
2022-10-07 17:00:00;0.029996299
2022-10-07 18:00:00;0.030861459
2022-10-07 19:00:00;0.031381283
2022-10-07 20:00:00;0.033427860000000004
2022-10-07 21:00:00;0.041318603
2022-10-07 22:00:00;0.043854384
2022-10-07 23:00:00;0.042297425
2022-10-08 00:00:00;0.051028474000000004
2022-10-08 01:00:00;0.06831588999999999
2022-10-08 02:00:00;0.05692299
2022-10-08 03:00:00;0.046978368000000006
2022-10-08 04:00:00;0.046207938
2022-10-08 05:00:00;0.048039112
2022-10-08 06:00:00;0.05066362
2022-10-08 07:00:00;0.038443987
2022-10-08 08:00:00;0.049111027
2022-10-08 09:00:00;0.07770254900000001
2022-10-08 10:00:00;0.074134362
2022-10-08 11:00:00;0.062412171
2022-10-08 12:00:00;0.056010999
2022-10-08 13:00:00;0.043043605
2022-10-08 14:00:00;0.050773147000000005
2022-10-08 15:00:00;0.036978723000000005
2022-10-08 16:00:00;0.040022668000000004
2022-10-08 17:00:00;0.049295941999999995
2022-10-08 18:00:00;0.040754074
2022-10-08 19:00:00;0.039879596999999996
2022-10-08 20:00:00;0.037490479
2022-10-08 21:00:00;0.043896372
2022-10-08 22:00:00;0.043971936999999996
2022-10-08 23:00:00;0.050162137
2022-10-09 00:00:00;0.037173903
2022-10-09 01:00:00;0.033603364999999996
2022-10-09 02:00:00;0.030091963
2022-10-09 03:00:00;0.031996825
2022-10-09 04:00:00;0.036850642
2022-10-09 05:00:00;0.035679158
2022-10-09 06:00:00;0.039813492
2022-10-09 07:00:00;0.048458079
2022-10-09 08:00:00;0.045177653
2022-10-09 09:00:00;0.033026733
2022-10-09 10:00:00;0.034236705
2022-10-09 11:00:00;0.029354976
2022-10-09 12:00:00;0.028831876000000003
2022-10-09 13:00:00;0.034509144
2022-10-09 14:00:00;0.034069151
2022-10-09 15:00:00;0.022760452
2022-10-09 16:00:00;0.027894941
2022-10-09 17:00:00;0.032316384999999996
2022-10-09 18:00:00;0.042470713
2022-10-09 19:00:00;0.031956055
2022-10-09 20:00:00;0.035851813999999996
2022-10-09 21:00:00;0.018354508
2022-10-09 22:00:00;0.017746337
2022-10-09 23:00:00;0.019621379
2022-10-10 00:00:00;0.020129862
2022-10-10 01:00:00;0.022746575
2022-10-10 02:00:00;0.024910442
2022-10-10 03:00:00;0.023613990999999997
2022-10-10 04:00:00;0.023103984
2022-10-10 05:00:00;0.042723626
2022-10-10 06:00:00;0.046783725
2022-10-10 07:00:00;0.071317539
2022-10-10 08:00:00;0.092271477
2022-10-10 09:00:00;0.085044701
2022-10-10 10:00:00;0.070532975
2022-10-10 11:00:00;0.073133222
2022-10-10 12:00:00;0.07424292
2022-10-10 13:00:00;0.065389836
2022-10-10 14:00:00;0.084480884
2022-10-10 15:00:00;0.091805995
2022-10-10 16:00:00;0.092732914
2022-10-10 17:00:00;0.08225355899999999
2022-10-10 18:00:00;0.06340971100000001
2022-10-10 19:00:00;0.065817784
2022-10-10 20:00:00;0.064483055
2022-10-10 21:00:00;0.062441634
2022-10-10 22:00:00;0.056074878
2022-10-10 23:00:00;0.053048935
2022-10-11 00:00:00;0.059833545
2022-10-11 01:00:00;0.057921662
2022-10-11 02:00:00;0.06965307300000001
2022-10-11 03:00:00;0.056796942
2022-10-11 04:00:00;0.063890203
2022-10-11 05:00:00;0.062504894
2022-10-11 06:00:00;0.076820857
2022-10-11 07:00:00;0.0751675
2022-10-11 08:00:00;0.070539913
2022-10-11 09:00:00;0.078271383
2022-10-11 10:00:00;0.082542485
2022-10-11 11:00:00;0.11357176699999999
2022-10-11 12:00:00;0.079033885
2022-10-11 13:00:00;0.097658418
2022-10-11 14:00:00;0.11200002499999999
2022-10-11 15:00:00;0.109404265
2022-10-11 16:00:00;0.14646537499999998
2022-10-11 17:00:00;0.178198173
2022-10-11 18:00:00;0.169095074
2022-10-11 19:00:00;0.20078169099999998
2022-10-11 20:00:00;0.17284564700000002
2022-10-11 21:00:00;0.23681582399999998
2022-10-11 22:00:00;0.155651011
2022-10-11 23:00:00;0.19676704
2022-10-12 00:00:00;0.149104975
2022-10-12 01:00:00;0.174615297
2022-10-12 02:00:00;0.222500562
2022-10-12 03:00:00;0.182238428
2022-10-12 04:00:00;0.21867313200000002
2022-10-12 05:00:00;0.225851783
2022-10-12 06:00:00;0.247356169
2022-10-12 07:00:00;0.224794638
2022-10-12 08:00:00;0.24643584899999998
2022-10-12 09:00:00;0.244927251
2022-10-12 10:00:00;0.24814835500000001
2022-10-12 11:00:00;0.247872614
2022-10-12 12:00:00;0.207286486
2022-10-12 13:00:00;0.19161972800000002
2022-10-12 14:00:00;0.172364341
2022-10-12 15:00:00;0.157300694
2022-10-12 16:00:00;0.168961589
2022-10-12 17:00:00;0.19638893500000001
2022-10-12 18:00:00;0.142384575
2022-10-12 19:00:00;0.137268532
2022-10-12 20:00:00;0.172743505
2022-10-12 21:00:00;0.13802415099999998
2022-10-12 22:00:00;0.184814662
2022-10-12 23:00:00;0.175944177
2022-10-13 00:00:00;0.148032036
2022-10-13 01:00:00;0.150410541
2022-10-13 02:00:00;0.169354792
2022-10-13 03:00:00;0.130373727
2022-10-13 04:00:00;0.182164951
2022-10-13 05:00:00;0.172346756
2022-10-13 06:00:00;0.202587831
2022-10-13 07:00:00;0.20392259999999998
2022-10-13 08:00:00;0.201201549
2022-10-13 09:00:00;0.133307515
2022-10-13 10:00:00;0.22023168799999998
2022-10-13 11:00:00;0.21829221699999998
2022-10-13 12:00:00;0.20563067399999999
2022-10-13 13:00:00;0.21285039900000002
2022-10-13 14:00:00;0.153008648
2022-10-13 15:00:00;0.16717474000000002
2022-10-13 16:00:00;0.237941808
2022-10-13 17:00:00;0.148290425
2022-10-13 18:00:00;0.17184370200000001
2022-10-13 19:00:00;0.145598802
2022-10-13 20:00:00;0.202526703
2022-10-13 21:00:00;0.245948126
2022-10-13 22:00:00;0.240057487
2022-10-13 23:00:00;0.247143636
2022-10-14 00:00:00;0.15846000699999999
2022-10-14 01:00:00;0.169730872
2022-10-14 02:00:00;0.17461155199999998
2022-10-14 03:00:00;0.199354882
2022-10-14 04:00:00;0.218052756
2022-10-14 05:00:00;0.22267252099999998
2022-10-14 06:00:00;0.257921022
2022-10-14 07:00:00;0.249624694
2022-10-14 08:00:00;0.235730545
2022-10-14 09:00:00;0.14334849800000002
2022-10-14 10:00:00;0.144540888
2022-10-14 11:00:00;0.21158529999999998
2022-10-14 12:00:00;0.13845899499999997
2022-10-14 13:00:00;0.132949918
2022-10-14 14:00:00;0.134588889
2022-10-14 15:00:00;0.177679832
2022-10-14 16:00:00;0.163579379
2022-10-14 17:00:00;0.154283996
2022-10-14 18:00:00;0.155486936
2022-10-14 19:00:00;0.164271847
2022-10-14 20:00:00;0.10147805700000001
2022-10-14 21:00:00;0.12031367500000001
2022-10-14 22:00:00;0.114511717
2022-10-14 23:00:00;0.09230142
2022-10-15 00:00:00;0.09826311800000001
2022-10-15 01:00:00;0.116723125
2022-10-15 02:00:00;0.118667711
2022-10-15 03:00:00;0.101160821
2022-10-15 04:00:00;0.109536436
2022-10-15 05:00:00;0.12958888300000002
2022-10-15 06:00:00;0.137455004
2022-10-15 07:00:00;0.105495932
2022-10-15 08:00:00;0.12111607499999999
2022-10-15 09:00:00;0.12155102200000001
2022-10-15 10:00:00;0.184979475
2022-10-15 11:00:00;0.218076059
2022-10-15 12:00:00;0.219971115
2022-10-15 13:00:00;0.128026577
2022-10-15 14:00:00;0.122032387
2022-10-15 15:00:00;0.154673101
2022-10-15 16:00:00;0.13774373
2022-10-15 17:00:00;0.049804772
2022-10-15 18:00:00;0.035821069999999997
2022-10-15 19:00:00;0.034312246000000005
2022-10-15 20:00:00;0.040632074000000004
2022-10-15 21:00:00;0.044355094
2022-10-15 22:00:00;0.047587911
2022-10-15 23:00:00;0.07824102499999999
2022-10-16 00:00:00;0.120371545
2022-10-16 01:00:00;0.117498965
2022-10-16 02:00:00;0.09942218800000001
2022-10-16 03:00:00;0.116809852
2022-10-16 04:00:00;0.163859002
2022-10-16 05:00:00;0.165394911
2022-10-16 06:00:00;0.046435998
2022-10-16 07:00:00;0.044841307999999996
2022-10-16 08:00:00;0.036027836
2022-10-16 09:00:00;0.035530935
2022-10-16 10:00:00;0.029208444
2022-10-16 11:00:00;0.029178669
2022-10-16 12:00:00;0.056127181
2022-10-16 13:00:00;0.042913021
2022-10-16 14:00:00;0.036915869000000004
2022-10-16 15:00:00;0.026850213
2022-10-16 16:00:00;0.036459862999999995
2022-10-16 17:00:00;0.047408775
2022-10-16 18:00:00;0.044851315
2022-10-16 19:00:00;0.051743372999999995
2022-10-16 20:00:00;0.059335602
2022-10-16 21:00:00;0.07320436
2022-10-16 22:00:00;0.068131609
2022-10-16 23:00:00;0.06997825
2022-10-17 00:00:00;0.121609381
2022-10-17 01:00:00;0.168581739
2022-10-17 02:00:00;0.211586934
2022-10-17 03:00:00;0.195384802
2022-10-17 04:00:00;0.241782631
2022-10-17 05:00:00;0.177056876
2022-10-17 06:00:00;0.15241981899999998
2022-10-17 07:00:00;0.120412923
2022-10-17 08:00:00;0.061374327
2022-10-17 09:00:00;0.088112506
2022-10-17 10:00:00;0.053999749
2022-10-17 11:00:00;0.06731732
2022-10-17 12:00:00;0.071347601
2022-10-17 13:00:00;0.035809401000000005
2022-10-17 14:00:00;0.035876301
2022-10-17 15:00:00;0.071471464
2022-10-17 16:00:00;0.078776501
2022-10-17 17:00:00;0.07564012099999999
2022-10-17 18:00:00;0.06732848599999999
2022-10-17 19:00:00;0.056177418
2022-10-17 20:00:00;0.053672287
2022-10-17 21:00:00;0.055332926
2022-10-17 22:00:00;0.052734248
2022-10-17 23:00:00;0.046846676999999996
2022-10-18 00:00:00;0.067493576
2022-10-18 01:00:00;0.063825673
2022-10-18 02:00:00;0.047741089
2022-10-18 03:00:00;0.039417914000000005
2022-10-18 04:00:00;0.033917130000000004
2022-10-18 05:00:00;0.053401628
2022-10-18 06:00:00;0.057698166999999995
2022-10-18 07:00:00;0.07387576400000001
2022-10-18 08:00:00;0.09202979
2022-10-18 09:00:00;0.08586994799999999
2022-10-18 10:00:00;0.09385586600000001
2022-10-18 11:00:00;0.139878535
2022-10-18 12:00:00;0.1291695
2022-10-18 13:00:00;0.064491654
2022-10-18 14:00:00;0.097692275
2022-10-18 15:00:00;0.065546255
2022-10-18 16:00:00;0.128455618
2022-10-18 17:00:00;0.069804927
2022-10-18 18:00:00;0.082392431
2022-10-18 19:00:00;0.0886272
2022-10-18 20:00:00;0.07899218999999999
2022-10-18 21:00:00;0.12001152500000001
2022-10-18 22:00:00;0.150331523
2022-10-18 23:00:00;0.134758971
2022-10-19 00:00:00;0.147054336
2022-10-19 01:00:00;0.110258619
2022-10-19 02:00:00;0.158164093
2022-10-19 03:00:00;0.16570868100000002
2022-10-19 04:00:00;0.175377561
2022-10-19 05:00:00;0.19793655400000001
2022-10-19 06:00:00;0.214229296
2022-10-19 07:00:00;0.21474378200000002
2022-10-19 08:00:00;0.21521688
2022-10-19 09:00:00;0.200963454
2022-10-19 10:00:00;0.18691642100000003
2022-10-19 11:00:00;0.194307421
2022-10-19 12:00:00;0.225520929
2022-10-19 13:00:00;0.235388078
2022-10-19 14:00:00;0.221766773
2022-10-19 15:00:00;0.217005551
2022-10-19 16:00:00;0.216500722
2022-10-19 17:00:00;0.230424832
2022-10-19 18:00:00;0.224150563
2022-10-19 19:00:00;0.219933772
2022-10-19 20:00:00;0.204458858
2022-10-19 21:00:00;0.19149701
2022-10-19 22:00:00;0.168669391
2022-10-19 23:00:00;0.16339953299999999
2022-10-20 00:00:00;0.157489539
2022-10-20 01:00:00;0.167290516
2022-10-20 02:00:00;0.17829587
2022-10-20 03:00:00;0.20296883
2022-10-20 04:00:00;0.206531819
2022-10-20 05:00:00;0.17563575
2022-10-20 06:00:00;0.149492806
2022-10-20 07:00:00;0.149942223
2022-10-20 08:00:00;0.090010285
2022-10-20 09:00:00;0.136405748
2022-10-20 10:00:00;0.154753865
2022-10-20 11:00:00;0.153687997
2022-10-20 12:00:00;0.12169721900000001
2022-10-20 13:00:00;0.108880007
2022-10-20 14:00:00;0.10030816199999999
2022-10-20 15:00:00;0.097387305
2022-10-20 16:00:00;0.07758245700000001
2022-10-20 17:00:00;0.088244917
2022-10-20 18:00:00;0.075380939
2022-10-20 19:00:00;0.073647173
2022-10-20 20:00:00;0.052037458
2022-10-20 21:00:00;0.076115994
2022-10-20 22:00:00;0.087760271
2022-10-20 23:00:00;0.06409356
2022-10-21 00:00:00;0.075241676
2022-10-21 01:00:00;0.066621956
2022-10-21 02:00:00;0.071585636
2022-10-21 03:00:00;0.08552971599999999
2022-10-21 04:00:00;0.090345241
2022-10-21 05:00:00;0.122036442
2022-10-21 06:00:00;0.19361268999999998
2022-10-21 07:00:00;0.20142595700000002
2022-10-21 08:00:00;0.212957095
2022-10-21 09:00:00;0.201076649
2022-10-21 10:00:00;0.203774708
2022-10-21 11:00:00;0.22063652
2022-10-21 12:00:00;0.210760958
2022-10-21 13:00:00;0.203940914
2022-10-21 14:00:00;0.217546498
2022-10-21 15:00:00;0.219868856
2022-10-21 16:00:00;0.220309201
2022-10-21 17:00:00;0.20795048900000002
2022-10-21 18:00:00;0.202332236
2022-10-21 19:00:00;0.201846982
2022-10-21 20:00:00;0.20046403399999999
2022-10-21 21:00:00;0.197427926
2022-10-21 22:00:00;0.181272355
2022-10-21 23:00:00;0.16158881400000003
2022-10-22 00:00:00;0.181703971
2022-10-22 01:00:00;0.197084171
2022-10-22 02:00:00;0.21019636
2022-10-22 03:00:00;0.19725985
2022-10-22 04:00:00;0.181134597
2022-10-22 05:00:00;0.174246899
2022-10-22 06:00:00;0.176449287
2022-10-22 07:00:00;0.170281756
2022-10-22 08:00:00;0.214465203
2022-10-22 09:00:00;0.247491938
2022-10-22 10:00:00;0.25098674
2022-10-22 11:00:00;0.28619136900000003
2022-10-22 12:00:00;0.274765311
2022-10-22 13:00:00;0.26525722100000004
2022-10-22 14:00:00;0.265542732
2022-10-22 15:00:00;0.26850634300000004
2022-10-22 16:00:00;0.276866036
2022-10-22 17:00:00;0.19941450900000002
2022-10-22 18:00:00;0.17239003
2022-10-22 19:00:00;0.162439552
2022-10-22 20:00:00;0.179165058
2022-10-22 21:00:00;0.114908101
2022-10-22 22:00:00;0.238912003
2022-10-22 23:00:00;0.257946222
2022-10-23 00:00:00;0.283101086
2022-10-23 01:00:00;0.304799702
2022-10-23 02:00:00;0.301179953
2022-10-23 03:00:00;0.254730909
2022-10-23 04:00:00;0.268701147
2022-10-23 05:00:00;0.298645363
2022-10-23 06:00:00;0.298565281
2022-10-23 07:00:00;0.335904903
2022-10-23 08:00:00;0.337428889
2022-10-23 09:00:00;0.31382641499999997
2022-10-23 10:00:00;0.27751521100000004
2022-10-23 11:00:00;0.27732366
2022-10-23 12:00:00;0.252477838
2022-10-23 13:00:00;0.21827247800000002
2022-10-23 14:00:00;0.247604895
2022-10-23 15:00:00;0.282998329
2022-10-23 16:00:00;0.300134323
2022-10-23 17:00:00;0.26884241200000003
2022-10-23 18:00:00;0.229909022
2022-10-23 19:00:00;0.20173232100000002
2022-10-23 20:00:00;0.177635435
2022-10-23 21:00:00;0.161158106
2022-10-23 22:00:00;0.149081435
2022-10-23 23:00:00;0.122990319
2022-10-24 00:00:00;0.12132055900000001
2022-10-24 01:00:00;0.11864899
2022-10-24 02:00:00;0.10940280599999999
2022-10-24 03:00:00;0.120592049
2022-10-24 04:00:00;0.121190434
2022-10-24 05:00:00;0.125997871
2022-10-24 06:00:00;0.153270819
2022-10-24 07:00:00;0.15974612500000002
2022-10-24 08:00:00;0.159819701
2022-10-24 09:00:00;0.173096328
2022-10-24 10:00:00;0.158818673
2022-10-24 11:00:00;0.136137903
2022-10-24 12:00:00;0.110026241
2022-10-24 13:00:00;0.11288593
2022-10-24 14:00:00;0.109096105
2022-10-24 15:00:00;0.10226052
2022-10-24 16:00:00;0.07100337899999999
2022-10-24 17:00:00;0.098654592
2022-10-24 18:00:00;0.062147662
2022-10-24 19:00:00;0.044303412
2022-10-24 20:00:00;0.044808920999999995
2022-10-24 21:00:00;0.061949531999999995
2022-10-24 22:00:00;0.073108507
2022-10-24 23:00:00;0.03928103
2022-10-25 00:00:00;0.025538863
2022-10-25 01:00:00;0.032670627
2022-10-25 02:00:00;0.091782855
2022-10-25 03:00:00;0.08436624100000001
2022-10-25 04:00:00;0.081957433
2022-10-25 05:00:00;0.107060585
2022-10-25 06:00:00;0.108594707
2022-10-25 07:00:00;0.116631158
2022-10-25 08:00:00;0.08302271
2022-10-25 09:00:00;0.137313265
2022-10-25 10:00:00;0.136816032
2022-10-25 11:00:00;0.11595638
2022-10-25 12:00:00;0.12710264599999999
2022-10-25 13:00:00;0.113947858
2022-10-25 14:00:00;0.122235705
2022-10-25 15:00:00;0.114858058
2022-10-25 16:00:00;0.138120904
2022-10-25 17:00:00;0.152589224
2022-10-25 18:00:00;0.096700729
2022-10-25 19:00:00;0.074113782
2022-10-25 20:00:00;0.149981328
2022-10-25 21:00:00;0.152624132
2022-10-25 22:00:00;0.17105608
2022-10-25 23:00:00;0.154995335
2022-10-26 00:00:00;0.178188815
2022-10-26 01:00:00;0.188193862
2022-10-26 02:00:00;0.19734476799999998
2022-10-26 03:00:00;0.187888566
2022-10-26 04:00:00;0.187185353
2022-10-26 05:00:00;0.19016361
2022-10-26 06:00:00;0.18278710899999998
2022-10-26 07:00:00;0.181531313
2022-10-26 08:00:00;0.182470607
2022-10-26 09:00:00;0.188448262
2022-10-26 10:00:00;0.186454193
2022-10-26 11:00:00;0.216081568
2022-10-26 12:00:00;0.232792947
2022-10-26 13:00:00;0.20669768400000002
2022-10-26 14:00:00;0.21234461400000001
2022-10-26 15:00:00;0.172713255
2022-10-26 16:00:00;0.167152053
2022-10-26 17:00:00;0.14981006
2022-10-26 18:00:00;0.12657796000000002
2022-10-26 19:00:00;0.109825635
2022-10-26 20:00:00;0.15525565
2022-10-26 21:00:00;0.148266153
2022-10-26 22:00:00;0.121004381
2022-10-26 23:00:00;0.115931252
2022-10-27 00:00:00;0.061869019000000004
2022-10-27 01:00:00;0.096818415
2022-10-27 02:00:00;0.13961538999999998
2022-10-27 03:00:00;0.153923102
2022-10-27 04:00:00;0.11740622399999999
2022-10-27 05:00:00;0.10264284000000001
2022-10-27 06:00:00;0.125054588
2022-10-27 07:00:00;0.14712766
2022-10-27 08:00:00;0.146049822
2022-10-27 09:00:00;0.138592915
2022-10-27 10:00:00;0.137129358
2022-10-27 11:00:00;0.132124521
2022-10-27 12:00:00;0.124722296
2022-10-27 13:00:00;0.12890043
2022-10-27 14:00:00;0.12375036299999999
2022-10-27 15:00:00;0.126948827
2022-10-27 16:00:00;0.145866418
2022-10-27 17:00:00;0.106793612
2022-10-27 18:00:00;0.075887632
2022-10-27 19:00:00;0.063316755
2022-10-27 20:00:00;0.053569962
2022-10-27 21:00:00;0.052388748
2022-10-27 22:00:00;0.05088655
2022-10-27 23:00:00;0.042781666999999995
2022-10-28 00:00:00;0.115712642
2022-10-28 01:00:00;0.112551183
2022-10-28 02:00:00;0.12897952699999998
2022-10-28 03:00:00;0.129141337
2022-10-28 04:00:00;0.14332709600000001
2022-10-28 05:00:00;0.13270591099999998
2022-10-28 06:00:00;0.137183755
2022-10-28 07:00:00;0.144278519
2022-10-28 08:00:00;0.150647108
2022-10-28 09:00:00;0.148919365
2022-10-28 10:00:00;0.15305499
2022-10-28 11:00:00;0.14600385600000002
2022-10-28 12:00:00;0.14823727299999997
2022-10-28 13:00:00;0.15067107300000002
2022-10-28 14:00:00;0.14181622200000002
2022-10-28 15:00:00;0.1396842
2022-10-28 16:00:00;0.13637628100000002
2022-10-28 17:00:00;0.10944761
2022-10-28 18:00:00;0.054764846
2022-10-28 19:00:00;0.047311304
2022-10-28 20:00:00;0.048768303000000006
2022-10-28 21:00:00;0.06754655300000001
2022-10-28 22:00:00;0.04297785
2022-10-28 23:00:00;0.041828027
2022-10-29 00:00:00;0.047623493
2022-10-29 01:00:00;0.043900985
2022-10-29 02:00:00;0.046421553000000004
2022-10-29 03:00:00;0.04313641
2022-10-29 04:00:00;0.041009984000000006
2022-10-29 05:00:00;0.040015364
2022-10-29 06:00:00;0.044845081999999994
2022-10-29 07:00:00;0.048700928
2022-10-29 08:00:00;0.054870321
2022-10-29 09:00:00;0.050666939999999994
2022-10-29 10:00:00;0.060847898
2022-10-29 11:00:00;0.060921311000000006
2022-10-29 12:00:00;0.13066169400000002
2022-10-29 13:00:00;0.140644755
2022-10-29 14:00:00;0.14384591800000002
2022-10-29 15:00:00;0.14946218
2022-10-29 16:00:00;0.148503881
2022-10-29 17:00:00;0.158027411
2022-10-29 18:00:00;0.157302635
2022-10-29 19:00:00;0.158621073
2022-10-29 20:00:00;0.156216236
2022-10-29 21:00:00;0.11848415500000001
2022-10-29 22:00:00;0.164915077
2022-10-29 23:00:00;0.155308219
2022-10-30 00:00:00;0.072583749
2022-10-30 01:00:00;0.043625903
2022-10-30 02:00:00;0.047458779
2022-10-30 02:00:00;0.044478462
2022-10-30 03:00:00;0.032564948999999996
2022-10-30 04:00:00;0.039889327
2022-10-30 05:00:00;0.036204704
2022-10-30 06:00:00;0.056937564
2022-10-30 07:00:00;0.049589049
2022-10-30 08:00:00;0.08522197799999999
2022-10-30 09:00:00;0.11234087100000001
2022-10-30 10:00:00;0.1272808
2022-10-30 11:00:00;0.179531667
2022-10-30 12:00:00;0.196190383
2022-10-30 13:00:00;0.173498716
2022-10-30 14:00:00;0.099632069
2022-10-30 15:00:00;0.11488197800000001
2022-10-30 16:00:00;0.20618728
2022-10-30 17:00:00;0.152764982
2022-10-30 18:00:00;0.18472914199999999
2022-10-30 19:00:00;0.180132243
2022-10-30 20:00:00;0.17283078699999999
2022-10-30 21:00:00;0.166455565
2022-10-30 22:00:00;0.10149426099999999
2022-10-30 23:00:00;0.068735519
2022-10-31 00:00:00;0.150473751
2022-10-31 01:00:00;0.07676981100000001
2022-10-31 02:00:00;0.080433048
2022-10-31 03:00:00;0.07152076099999999
2022-10-31 04:00:00;0.043517793
2022-10-31 05:00:00;0.062337085
2022-10-31 06:00:00;0.048121702
2022-10-31 07:00:00;0.063669027
2022-10-31 08:00:00;0.09255527200000001
2022-10-31 09:00:00;0.10009433400000001
2022-10-31 10:00:00;0.08132769299999999
2022-10-31 11:00:00;0.046872777
2022-10-31 12:00:00;0.04451148
2022-10-31 13:00:00;0.053718558
2022-10-31 14:00:00;0.103298794
2022-10-31 15:00:00;0.082302883
2022-10-31 16:00:00;0.091723545
2022-10-31 17:00:00;0.089214693
2022-10-31 18:00:00;0.068711203
2022-10-31 19:00:00;0.081585782
2022-10-31 20:00:00;0.052839188
2022-10-31 21:00:00;0.052999505
2022-10-31 22:00:00;0.051858167999999996
2022-10-31 23:00:00;0.044355204999999995
2022-11-01 00:00:00;0.063080421
2022-11-01 01:00:00;0.039911479
2022-11-01 02:00:00;0.032219524
2022-11-01 03:00:00;0.024870797
2022-11-01 04:00:00;0.021546296000000003
2022-11-01 05:00:00;0.028199455000000002
2022-11-01 06:00:00;0.021163102
2022-11-01 07:00:00;0.019591595000000003
2022-11-01 08:00:00;0.025950980999999998
2022-11-01 09:00:00;0.037484540000000004
2022-11-01 10:00:00;0.038851391
2022-11-01 11:00:00;0.042774802
2022-11-01 12:00:00;0.045206047
2022-11-01 13:00:00;0.04538854
2022-11-01 14:00:00;0.042562924
2022-11-01 15:00:00;0.052107255000000005
2022-11-01 16:00:00;0.049147432000000005
2022-11-01 17:00:00;0.047901655
2022-11-01 18:00:00;0.039686384
2022-11-01 19:00:00;0.035840668
2022-11-01 20:00:00;0.054494914
2022-11-01 21:00:00;0.049245277999999996
2022-11-01 22:00:00;0.044735858999999996
2022-11-01 23:00:00;0.039512113999999994
2022-11-02 00:00:00;0.053728388
2022-11-02 01:00:00;0.050284221000000004
2022-11-02 02:00:00;0.046010157
2022-11-02 03:00:00;0.045786174000000006
2022-11-02 04:00:00;0.045812847
2022-11-02 05:00:00;0.059893601
2022-11-02 06:00:00;0.059810985000000004
2022-11-02 07:00:00;0.066745322
2022-11-02 08:00:00;0.061659218
2022-11-02 09:00:00;0.075007371
2022-11-02 10:00:00;0.075387462
2022-11-02 11:00:00;0.071697239
2022-11-02 12:00:00;0.076948325
2022-11-02 13:00:00;0.055818881
2022-11-02 14:00:00;0.078548587
2022-11-02 15:00:00;0.097009888
2022-11-02 16:00:00;0.067345629
2022-11-02 17:00:00;0.05046251
2022-11-02 18:00:00;0.051839661999999995
2022-11-02 19:00:00;0.040749547
2022-11-02 20:00:00;0.044222876
2022-11-02 21:00:00;0.055158875
2022-11-02 22:00:00;0.058255974
2022-11-02 23:00:00;0.043968775
2022-11-03 00:00:00;0.050515352
2022-11-03 01:00:00;0.040647350000000006
2022-11-03 02:00:00;0.037685599
2022-11-03 03:00:00;0.035949102000000004
2022-11-03 04:00:00;0.033448089
2022-11-03 05:00:00;0.030333169
2022-11-03 06:00:00;0.030567844
2022-11-03 07:00:00;0.038166175000000004
2022-11-03 08:00:00;0.053751331
2022-11-03 09:00:00;0.045725223
2022-11-03 10:00:00;0.048171655
2022-11-03 11:00:00;0.060753551
2022-11-03 12:00:00;0.066295728
2022-11-03 13:00:00;0.066409526
2022-11-03 14:00:00;0.069987454
2022-11-03 15:00:00;0.080567153
2022-11-03 16:00:00;0.074249347
2022-11-03 17:00:00;0.056300551
2022-11-03 18:00:00;0.048819411
2022-11-03 19:00:00;0.058056075
2022-11-03 20:00:00;0.050276536999999996
2022-11-03 21:00:00;0.045564477
2022-11-03 22:00:00;0.058065069999999996
2022-11-03 23:00:00;0.061859472
2022-11-04 00:00:00;0.07067620200000001
2022-11-04 01:00:00;0.055231411
2022-11-04 02:00:00;0.048189093
2022-11-04 03:00:00;0.047813541
2022-11-04 04:00:00;0.045025325000000005
2022-11-04 05:00:00;0.055070341
2022-11-04 06:00:00;0.045725935
2022-11-04 07:00:00;0.040065427
2022-11-04 08:00:00;0.045085566
2022-11-04 09:00:00;0.043989614
2022-11-04 10:00:00;0.042508712000000004
2022-11-04 11:00:00;0.060407925
2022-11-04 12:00:00;0.048591565
2022-11-04 13:00:00;0.050513793
2022-11-04 14:00:00;0.040688952
2022-11-04 15:00:00;0.038576932
2022-11-04 16:00:00;0.044183384
2022-11-04 17:00:00;0.03466034
2022-11-04 18:00:00;0.048191848
2022-11-04 19:00:00;0.045549799999999994
2022-11-04 20:00:00;0.034504368
2022-11-04 21:00:00;0.034830592
2022-11-04 22:00:00;0.034057891
2022-11-04 23:00:00;0.030069398
2022-11-05 00:00:00;0.020701462
2022-11-05 01:00:00;0.020367829
2022-11-05 02:00:00;0.020958865
2022-11-05 03:00:00;0.024004705999999997
2022-11-05 04:00:00;0.028412647
2022-11-05 05:00:00;0.031373836
2022-11-05 06:00:00;0.031488911
2022-11-05 07:00:00;0.034299047
2022-11-05 08:00:00;0.035219037
2022-11-05 09:00:00;0.032262791
2022-11-05 10:00:00;0.035153369
2022-11-05 11:00:00;0.034498998999999995
2022-11-05 12:00:00;0.031881262
2022-11-05 13:00:00;0.034096641
2022-11-05 14:00:00;0.033291218
2022-11-05 15:00:00;0.043397965
2022-11-05 16:00:00;0.047485045999999996
2022-11-05 17:00:00;0.038971487000000006
2022-11-05 18:00:00;0.033764847
2022-11-05 19:00:00;0.030004917
2022-11-05 20:00:00;0.027092652999999998
2022-11-05 21:00:00;0.042854785
2022-11-05 22:00:00;0.026967658
2022-11-05 23:00:00;0.029840076
2022-11-06 00:00:00;0.027567453
2022-11-06 01:00:00;0.027669854999999997
2022-11-06 02:00:00;0.023766242
2022-11-06 03:00:00;0.023262923
2022-11-06 04:00:00;0.022262758
2022-11-06 05:00:00;0.022834855
2022-11-06 06:00:00;0.02579278
2022-11-06 07:00:00;0.026817107
2022-11-06 08:00:00;0.041120191
2022-11-06 09:00:00;0.035632208
2022-11-06 10:00:00;0.02991093
2022-11-06 11:00:00;0.02803184
2022-11-06 12:00:00;0.027275999
2022-11-06 13:00:00;0.031757729
2022-11-06 14:00:00;0.035522955
2022-11-06 15:00:00;0.035498706
2022-11-06 16:00:00;0.029892248
2022-11-06 17:00:00;0.023676082
2022-11-06 18:00:00;0.023180759
2022-11-06 19:00:00;0.035374261
2022-11-06 20:00:00;0.028408377000000002
2022-11-06 21:00:00;0.02862754
2022-11-06 22:00:00;0.023920908
2022-11-06 23:00:00;0.025528804000000002
2022-11-07 00:00:00;0.024728718
2022-11-07 01:00:00;0.059679477
2022-11-07 02:00:00;0.069277402
2022-11-07 03:00:00;0.061847407
2022-11-07 04:00:00;0.050017569000000005
2022-11-07 05:00:00;0.051321846
2022-11-07 06:00:00;0.019758443
2022-11-07 07:00:00;0.029680683
2022-11-07 08:00:00;0.026969214000000002
2022-11-07 09:00:00;0.021307828
2022-11-07 10:00:00;0.02105601
2022-11-07 11:00:00;0.020665896
2022-11-07 12:00:00;0.022491012
2022-11-07 13:00:00;0.02778575
2022-11-07 14:00:00;0.026870436
2022-11-07 15:00:00;0.031905301999999996
2022-11-07 16:00:00;0.033120319
2022-11-07 17:00:00;0.046370621
2022-11-07 18:00:00;0.05489686
2022-11-07 19:00:00;0.046395622000000004
2022-11-07 20:00:00;0.052884423
2022-11-07 21:00:00;0.050042898
2022-11-07 22:00:00;0.046345939
2022-11-07 23:00:00;0.051626516000000004
2022-11-08 00:00:00;0.062655734
2022-11-08 01:00:00;0.056975658000000005
2022-11-08 02:00:00;0.05637104
2022-11-08 03:00:00;0.04999824
2022-11-08 04:00:00;0.046339976
2022-11-08 05:00:00;0.038521835000000004
2022-11-08 06:00:00;0.029864868000000003
2022-11-08 07:00:00;0.027824669
2022-11-08 08:00:00;0.035084631000000005
2022-11-08 09:00:00;0.042242342
2022-11-08 10:00:00;0.039727651
2022-11-08 11:00:00;0.043356993
2022-11-08 12:00:00;0.039866631
2022-11-08 13:00:00;0.035023351
2022-11-08 14:00:00;0.038463853
2022-11-08 15:00:00;0.031988069
2022-11-08 16:00:00;0.039962852
2022-11-08 17:00:00;0.034056601
2022-11-08 18:00:00;0.025659974
2022-11-08 19:00:00;0.036482945999999995
2022-11-08 20:00:00;0.037093342
2022-11-08 21:00:00;0.038873486
2022-11-08 22:00:00;0.034533967
2022-11-08 23:00:00;0.036371020999999996
2022-11-09 00:00:00;0.039081422000000005
2022-11-09 01:00:00;0.035196108000000004
2022-11-09 02:00:00;0.035630957000000005
2022-11-09 03:00:00;0.035768065999999994
2022-11-09 04:00:00;0.036120716000000004
2022-11-09 05:00:00;0.039292653999999996
2022-11-09 06:00:00;0.033939608999999996
2022-11-09 07:00:00;0.029587679000000002
2022-11-09 08:00:00;0.040405451999999994
2022-11-09 09:00:00;0.038103439
2022-11-09 10:00:00;0.027009529
2022-11-09 11:00:00;0.025447411
2022-11-09 12:00:00;0.028318656
2022-11-09 13:00:00;0.033948310999999995
2022-11-09 14:00:00;0.025569106
2022-11-09 15:00:00;0.046614424
2022-11-09 16:00:00;0.058242879000000004
2022-11-09 17:00:00;0.064516438
2022-11-09 18:00:00;0.07066396500000001
2022-11-09 19:00:00;0.064977143
2022-11-09 20:00:00;0.05989264
2022-11-09 21:00:00;0.063454267
2022-11-09 22:00:00;0.064637398
2022-11-09 23:00:00;0.054054397000000004
2022-11-10 00:00:00;0.052175221
2022-11-10 01:00:00;0.050362363
2022-11-10 02:00:00;0.050833260000000005
2022-11-10 03:00:00;0.060957017
2022-11-10 04:00:00;0.056322083
2022-11-10 05:00:00;0.061035907
2022-11-10 06:00:00;0.064352191
2022-11-10 07:00:00;0.068246403
2022-11-10 08:00:00;0.057381387
2022-11-10 09:00:00;0.057744145000000004
2022-11-10 10:00:00;0.047544198
2022-11-10 11:00:00;0.040078548
2022-11-10 12:00:00;0.033743535
2022-11-10 13:00:00;0.028805294
2022-11-10 14:00:00;0.025731895
2022-11-10 15:00:00;0.027671788
2022-11-10 16:00:00;0.02762289
2022-11-10 17:00:00;0.024961659
2022-11-10 18:00:00;0.026231515
2022-11-10 19:00:00;0.028847791999999997
2022-11-10 20:00:00;0.03201182
2022-11-10 21:00:00;0.029647501
2022-11-10 22:00:00;0.027668065
2022-11-10 23:00:00;0.02588435
2022-11-11 00:00:00;0.035583728
2022-11-11 01:00:00;0.028077345
2022-11-11 02:00:00;0.025598762
2022-11-11 03:00:00;0.025595205
2022-11-11 04:00:00;0.023624959
2022-11-11 05:00:00;0.031695405999999995
2022-11-11 06:00:00;0.021075293999999998
2022-11-11 07:00:00;0.018848735000000002
2022-11-11 08:00:00;0.028665875
2022-11-11 09:00:00;0.018543397
2022-11-11 10:00:00;0.019439806
2022-11-11 11:00:00;0.020264568
2022-11-11 12:00:00;0.019778735999999998
2022-11-11 13:00:00;0.018229928
2022-11-11 14:00:00;0.019372668000000003
2022-11-11 15:00:00;0.017642759
2022-11-11 16:00:00;0.01849777
2022-11-11 17:00:00;0.015756775
2022-11-11 18:00:00;0.01594829
2022-11-11 19:00:00;0.01697434
2022-11-11 20:00:00;0.018096109
2022-11-11 21:00:00;0.018456297
2022-11-11 22:00:00;0.01918433
2022-11-11 23:00:00;0.018067122
2022-11-12 00:00:00;0.019570963
2022-11-12 01:00:00;0.020561871
2022-11-12 02:00:00;0.023524859
2022-11-12 03:00:00;0.023672193
2022-11-12 04:00:00;0.032688803
2022-11-12 05:00:00;0.050734869
2022-11-12 06:00:00;0.072293054
2022-11-12 07:00:00;0.094251998
2022-11-12 08:00:00;0.113110491
2022-11-12 09:00:00;0.139068047
2022-11-12 10:00:00;0.132993734
2022-11-12 11:00:00;0.19651049499999998
2022-11-12 12:00:00;0.19794561
2022-11-12 13:00:00;0.196718434
2022-11-12 14:00:00;0.161793595
2022-11-12 15:00:00;0.232055288
2022-11-12 16:00:00;0.22809855099999998
2022-11-12 17:00:00;0.172072502
2022-11-12 18:00:00;0.176429471
2022-11-12 19:00:00;0.174810422
2022-11-12 20:00:00;0.166878657
2022-11-12 21:00:00;0.16534747200000002
2022-11-12 22:00:00;0.169725313
2022-11-12 23:00:00;0.173355678
2022-11-13 00:00:00;0.169703275
2022-11-13 01:00:00;0.162467418
2022-11-13 02:00:00;0.14628586699999999
2022-11-13 03:00:00;0.142484991
2022-11-13 04:00:00;0.152047873
2022-11-13 05:00:00;0.150416306
2022-11-13 06:00:00;0.158646041
2022-11-13 07:00:00;0.17201327800000002
2022-11-13 08:00:00;0.173388499
2022-11-13 09:00:00;0.16626898
2022-11-13 10:00:00;0.147465823
2022-11-13 11:00:00;0.14596706399999998
2022-11-13 12:00:00;0.139325338
2022-11-13 13:00:00;0.19202779
2022-11-13 14:00:00;0.143988259
2022-11-13 15:00:00;0.148464781
2022-11-13 16:00:00;0.144890643
2022-11-13 17:00:00;0.13681738200000002
2022-11-13 18:00:00;0.13162083200000002
2022-11-13 19:00:00;0.133574437
2022-11-13 20:00:00;0.13661182700000002
2022-11-13 21:00:00;0.119493669
2022-11-13 22:00:00;0.090150716
2022-11-13 23:00:00;0.063573216
2022-11-14 00:00:00;0.06448049
2022-11-14 01:00:00;0.060630541999999996
2022-11-14 02:00:00;0.066767826
2022-11-14 03:00:00;0.058289123
2022-11-14 04:00:00;0.06433195600000001
2022-11-14 05:00:00;0.062935023
2022-11-14 06:00:00;0.072058972
2022-11-14 07:00:00;0.062027827
2022-11-14 08:00:00;0.069117011
2022-11-14 09:00:00;0.06836782300000001
2022-11-14 10:00:00;0.064983843
2022-11-14 11:00:00;0.060284552
2022-11-14 12:00:00;0.06254679
2022-11-14 13:00:00;0.080675833
2022-11-14 14:00:00;0.099059574
2022-11-14 15:00:00;0.079170556
2022-11-14 16:00:00;0.08038840600000001
2022-11-14 17:00:00;0.066892781
2022-11-14 18:00:00;0.063807817
2022-11-14 19:00:00;0.070124541
2022-11-14 20:00:00;0.07074917
2022-11-14 21:00:00;0.094080757
2022-11-14 22:00:00;0.089077241
2022-11-14 23:00:00;0.093280059
2022-11-15 00:00:00;0.089162308
2022-11-15 01:00:00;0.068913895
2022-11-15 02:00:00;0.054964366
2022-11-15 03:00:00;0.052394959
2022-11-15 04:00:00;0.051911004
2022-11-15 05:00:00;0.06860181900000001
2022-11-15 06:00:00;0.080468948
2022-11-15 07:00:00;0.05659235000000001
2022-11-15 08:00:00;0.066685243
2022-11-15 09:00:00;0.077764551
2022-11-15 10:00:00;0.075155717
2022-11-15 11:00:00;0.07681028399999999
2022-11-15 12:00:00;0.056110221
2022-11-15 13:00:00;0.062703184
2022-11-15 14:00:00;0.052513108
2022-11-15 15:00:00;0.044846488000000004
2022-11-15 16:00:00;0.037848668
2022-11-15 17:00:00;0.053290296
2022-11-15 18:00:00;0.037750850999999995
2022-11-15 19:00:00;0.039849391
2022-11-15 20:00:00;0.039832463
2022-11-15 21:00:00;0.046406671000000004
2022-11-15 22:00:00;0.048020924
2022-11-15 23:00:00;0.04818927
2022-11-16 00:00:00;0.046838540000000005
2022-11-16 01:00:00;0.046564489
2022-11-16 02:00:00;0.045280161
2022-11-16 03:00:00;0.045761169000000004
2022-11-16 04:00:00;0.046467145
2022-11-16 05:00:00;0.051734349
2022-11-16 06:00:00;0.043046104999999994
2022-11-16 07:00:00;0.048066158000000005
2022-11-16 08:00:00;0.082745361
2022-11-16 09:00:00;0.057849328
2022-11-16 10:00:00;0.051462805
2022-11-16 11:00:00;0.056497298
2022-11-16 12:00:00;0.041886579
2022-11-16 13:00:00;0.043415798000000005
2022-11-16 14:00:00;0.048472631999999995
2022-11-16 15:00:00;0.040523694
2022-11-16 16:00:00;0.051528058
2022-11-16 17:00:00;0.044699389
2022-11-16 18:00:00;0.039125205999999996
2022-11-16 19:00:00;0.045236416
2022-11-16 20:00:00;0.041211476
2022-11-16 21:00:00;0.042699323
2022-11-16 22:00:00;0.045418311
2022-11-16 23:00:00;0.045825240999999996
2022-11-17 00:00:00;0.047299662
2022-11-17 01:00:00;0.054999369
2022-11-17 02:00:00;0.049856479
2022-11-17 03:00:00;0.049816442
2022-11-17 04:00:00;0.048100126
2022-11-17 05:00:00;0.051335188999999996
2022-11-17 06:00:00;0.051498396999999994
2022-11-17 07:00:00;0.058748099000000005
2022-11-17 08:00:00;0.086426978
2022-11-17 09:00:00;0.079624062
2022-11-17 10:00:00;0.058322634
2022-11-17 11:00:00;0.057138328
2022-11-17 12:00:00;0.060318474999999996
2022-11-17 13:00:00;0.050906691000000004
2022-11-17 14:00:00;0.053888992000000004
2022-11-17 15:00:00;0.055642677
2022-11-17 16:00:00;0.068546586
2022-11-17 17:00:00;0.059876447
2022-11-17 18:00:00;0.04715692
2022-11-17 19:00:00;0.039929766
2022-11-17 20:00:00;0.04163382
2022-11-17 21:00:00;0.042389821
2022-11-17 22:00:00;0.042749351
2022-11-17 23:00:00;0.044305210000000005
2022-11-18 00:00:00;0.043272007
2022-11-18 01:00:00;0.04180965
2022-11-18 02:00:00;0.042879931999999996
2022-11-18 03:00:00;0.054682957000000004
2022-11-18 04:00:00;0.051408831
2022-11-18 05:00:00;0.061030834
2022-11-18 06:00:00;0.053049664999999996
2022-11-18 07:00:00;0.06883728600000001
2022-11-18 08:00:00;0.091262432
2022-11-18 09:00:00;0.066259488
2022-11-18 10:00:00;0.050041384
2022-11-18 11:00:00;0.045408188
2022-11-18 12:00:00;0.053202024
2022-11-18 13:00:00;0.053504031
2022-11-18 14:00:00;0.060889987
2022-11-18 15:00:00;0.083878761
2022-11-18 16:00:00;0.078046252
2022-11-18 17:00:00;0.07614358900000001
2022-11-18 18:00:00;0.07964086899999999
2022-11-18 19:00:00;0.103906934
2022-11-18 20:00:00;0.091743724
2022-11-18 21:00:00;0.092737426
2022-11-18 22:00:00;0.12296785
2022-11-18 23:00:00;0.112119541
2022-11-19 00:00:00;0.12408385599999999
2022-11-19 01:00:00;0.103658742
2022-11-19 02:00:00;0.118033926
2022-11-19 03:00:00;0.107692003
2022-11-19 04:00:00;0.13513297800000001
2022-11-19 05:00:00;0.119619763
2022-11-19 06:00:00;0.09555048499999999
2022-11-19 07:00:00;0.096463451
2022-11-19 08:00:00;0.10698457
2022-11-19 09:00:00;0.133605625
2022-11-19 10:00:00;0.118464483
2022-11-19 11:00:00;0.111421271
2022-11-19 12:00:00;0.127866977
2022-11-19 13:00:00;0.134154247
2022-11-19 14:00:00;0.151886495
2022-11-19 15:00:00;0.138579321
2022-11-19 16:00:00;0.16105128300000002
2022-11-19 17:00:00;0.164333011
2022-11-19 18:00:00;0.147106953
2022-11-19 19:00:00;0.15219713799999998
2022-11-19 20:00:00;0.138356265
2022-11-19 21:00:00;0.142599846
2022-11-19 22:00:00;0.123759631
2022-11-19 23:00:00;0.115703003
2022-11-20 00:00:00;0.119062605
2022-11-20 01:00:00;0.112208983
2022-11-20 02:00:00;0.10171689499999999
2022-11-20 03:00:00;0.089023359
2022-11-20 04:00:00;0.081677417
2022-11-20 05:00:00;0.103610375
2022-11-20 06:00:00;0.095182188
2022-11-20 07:00:00;0.101866512
2022-11-20 08:00:00;0.140731307
2022-11-20 09:00:00;0.145550285
2022-11-20 10:00:00;0.165263347
2022-11-20 11:00:00;0.156373282
2022-11-20 12:00:00;0.154803841
2022-11-20 13:00:00;0.278317495
2022-11-20 14:00:00;0.255999777
2022-11-20 15:00:00;0.372992714
2022-11-20 16:00:00;0.38264488399999996
2022-11-20 17:00:00;0.34274181499999995
2022-11-20 18:00:00;0.34399588999999997
2022-11-20 19:00:00;0.38098868199999997
2022-11-20 20:00:00;0.370630785
2022-11-20 21:00:00;0.24321751900000002
2022-11-20 22:00:00;0.207119891
2022-11-20 23:00:00;0.196611245
2022-11-21 00:00:00;0.184815296
2022-11-21 01:00:00;0.155522931
2022-11-21 02:00:00;0.152505967
2022-11-21 03:00:00;0.13460581600000002
2022-11-21 04:00:00;0.130265951
2022-11-21 05:00:00;0.17234625299999998
2022-11-21 06:00:00;0.20932675699999997
2022-11-21 07:00:00;0.239723857
2022-11-21 08:00:00;0.282964379
2022-11-21 09:00:00;0.30681562500000004
2022-11-21 10:00:00;0.277190288
2022-11-21 11:00:00;0.301914734
2022-11-21 12:00:00;0.3054662
2022-11-21 13:00:00;0.30400820700000003
2022-11-21 14:00:00;0.246828037
2022-11-21 15:00:00;0.224902711
2022-11-21 16:00:00;0.23599149700000002
2022-11-21 17:00:00;0.24986274
2022-11-21 18:00:00;0.277048153
2022-11-21 19:00:00;0.23681010800000002
2022-11-21 20:00:00;0.196989547
2022-11-21 21:00:00;0.170882174
2022-11-21 22:00:00;0.151213079
2022-11-21 23:00:00;0.128509434
2022-11-22 00:00:00;0.16234514100000003
2022-11-22 01:00:00;0.209313168
2022-11-22 02:00:00;0.225116813
2022-11-22 03:00:00;0.200775066
2022-11-22 04:00:00;0.162826841
2022-11-22 05:00:00;0.119617331
2022-11-22 06:00:00;0.087702078
2022-11-22 07:00:00;0.123254431
2022-11-22 08:00:00;0.13723707999999998
2022-11-22 09:00:00;0.129450495
2022-11-22 10:00:00;0.11438820200000001
2022-11-22 11:00:00;0.11389453899999999
2022-11-22 12:00:00;0.108145875
2022-11-22 13:00:00;0.1084202
2022-11-22 14:00:00;0.116995133
2022-11-22 15:00:00;0.11702594499999999
2022-11-22 16:00:00;0.126659599
2022-11-22 17:00:00;0.138141851
2022-11-22 18:00:00;0.13058423300000002
2022-11-22 19:00:00;0.12597799399999998
2022-11-22 20:00:00;0.13084083000000002
2022-11-22 21:00:00;0.12593462
2022-11-22 22:00:00;0.096109163
2022-11-22 23:00:00;0.09699975899999999
2022-11-23 00:00:00;0.09755298000000001
2022-11-23 01:00:00;0.10252466
2022-11-23 02:00:00;0.109802829
2022-11-23 03:00:00;0.10755493699999999
2022-11-23 04:00:00;0.106026145
2022-11-23 05:00:00;0.117335865
2022-11-23 06:00:00;0.110538365
2022-11-23 07:00:00;0.114631382
2022-11-23 08:00:00;0.125476859
2022-11-23 09:00:00;0.122857525
2022-11-23 10:00:00;0.107265873
2022-11-23 11:00:00;0.11735179
2022-11-23 12:00:00;0.09759130299999999
2022-11-23 13:00:00;0.093108425
2022-11-23 14:00:00;0.10703872099999999
2022-11-23 15:00:00;0.125917887
2022-11-23 16:00:00;0.121625424
2022-11-23 17:00:00;0.132529424
2022-11-23 18:00:00;0.114191529
2022-11-23 19:00:00;0.086384114
2022-11-23 20:00:00;0.101213908
2022-11-23 21:00:00;0.108860991
2022-11-23 22:00:00;0.093957154
2022-11-23 23:00:00;0.08061900699999999
2022-11-24 00:00:00;0.08802112200000001
2022-11-24 01:00:00;0.098771493
2022-11-24 02:00:00;0.08770083599999999
2022-11-24 03:00:00;0.08111811000000001
2022-11-24 04:00:00;0.092923966
2022-11-24 05:00:00;0.117761541
2022-11-24 06:00:00;0.110621063
2022-11-24 07:00:00;0.13460201900000002
2022-11-24 08:00:00;0.15009915899999998
2022-11-24 09:00:00;0.158707102
2022-11-24 10:00:00;0.162372391
2022-11-24 11:00:00;0.180808026
2022-11-24 12:00:00;0.197691352
2022-11-24 13:00:00;0.19635746499999998
2022-11-24 14:00:00;0.203248927
2022-11-24 15:00:00;0.21972318999999998
2022-11-24 16:00:00;0.21702226400000002
2022-11-24 17:00:00;0.201831924
2022-11-24 18:00:00;0.18441438
2022-11-24 19:00:00;0.184344638
2022-11-24 20:00:00;0.167303865
2022-11-24 21:00:00;0.153008685
2022-11-24 22:00:00;0.137164897
2022-11-24 23:00:00;0.131377579
2022-11-25 00:00:00;0.107749391
2022-11-25 01:00:00;0.118459706
2022-11-25 02:00:00;0.093676562
2022-11-25 03:00:00;0.091629422
2022-11-25 04:00:00;0.08799549899999999
2022-11-25 05:00:00;0.084067457
2022-11-25 06:00:00;0.073794488
2022-11-25 07:00:00;0.079162945
2022-11-25 08:00:00;0.104657477
2022-11-25 09:00:00;0.107759436
2022-11-25 10:00:00;0.106653362
2022-11-25 11:00:00;0.127308374
2022-11-25 12:00:00;0.124688889
2022-11-25 13:00:00;0.127695164
2022-11-25 14:00:00;0.127504196
2022-11-25 15:00:00;0.143574279
2022-11-25 16:00:00;0.152154227
2022-11-25 17:00:00;0.13265206100000002
2022-11-25 18:00:00;0.126312059
2022-11-25 19:00:00;0.136109345
2022-11-25 20:00:00;0.14173968199999998
2022-11-25 21:00:00;0.144564575
2022-11-25 22:00:00;0.136398743
2022-11-25 23:00:00;0.14208534
2022-11-26 00:00:00;0.156261752
2022-11-26 01:00:00;0.14196905899999998
2022-11-26 02:00:00;0.147911106
2022-11-26 03:00:00;0.14004263700000003
2022-11-26 04:00:00;0.135546852
2022-11-26 05:00:00;0.152236715
2022-11-26 06:00:00;0.158093975
2022-11-26 07:00:00;0.160478827
2022-11-26 08:00:00;0.159953352
2022-11-26 09:00:00;0.160509601
2022-11-26 10:00:00;0.157936025
2022-11-26 11:00:00;0.160148938
2022-11-26 12:00:00;0.147883773
2022-11-26 13:00:00;0.181292349
2022-11-26 14:00:00;0.172470091
2022-11-26 15:00:00;0.185241176
2022-11-26 16:00:00;0.197147672
2022-11-26 17:00:00;0.1721936
2022-11-26 18:00:00;0.154647816
2022-11-26 19:00:00;0.152255749
2022-11-26 20:00:00;0.14689200500000002
2022-11-26 21:00:00;0.12811799
2022-11-26 22:00:00;0.117961896
2022-11-26 23:00:00;0.12955318
2022-11-27 00:00:00;0.106538669
2022-11-27 01:00:00;0.095542107
2022-11-27 02:00:00;0.086259749
2022-11-27 03:00:00;0.111400758
2022-11-27 04:00:00;0.10753971699999999
2022-11-27 05:00:00;0.09139228
2022-11-27 06:00:00;0.091453676
2022-11-27 07:00:00;0.084557024
2022-11-27 08:00:00;0.10947425
2022-11-27 09:00:00;0.121992394
2022-11-27 10:00:00;0.114786412
2022-11-27 11:00:00;0.13405881400000003
2022-11-27 12:00:00;0.146209922
2022-11-27 13:00:00;0.150983295
2022-11-27 14:00:00;0.14557540900000002
2022-11-27 15:00:00;0.116634007
2022-11-27 16:00:00;0.12000190999999999
2022-11-27 17:00:00;0.136269386
2022-11-27 18:00:00;0.127837312
2022-11-27 19:00:00;0.1488091
2022-11-27 20:00:00;0.147799753
2022-11-27 21:00:00;0.117608135
2022-11-27 22:00:00;0.13056376
2022-11-27 23:00:00;0.136765106
2022-11-28 00:00:00;0.114924903
2022-11-28 01:00:00;0.12376759
2022-11-28 02:00:00;0.10990229700000001
2022-11-28 03:00:00;0.08713265199999999
2022-11-28 04:00:00;0.087254777
2022-11-28 05:00:00;0.075976855
2022-11-28 06:00:00;0.081791396
2022-11-28 07:00:00;0.07910318499999999
2022-11-28 08:00:00;0.10069982799999999
2022-11-28 09:00:00;0.09496779100000001
2022-11-28 10:00:00;0.08431192
2022-11-28 11:00:00;0.083065086
2022-11-28 12:00:00;0.077086078
2022-11-28 13:00:00;0.08723075300000001
2022-11-28 14:00:00;0.10116837499999999
2022-11-28 15:00:00;0.101542117
2022-11-28 16:00:00;0.089154673
2022-11-28 17:00:00;0.10341931700000001
2022-11-28 18:00:00;0.08966173399999999
2022-11-28 19:00:00;0.105913911
2022-11-28 20:00:00;0.118510488
2022-11-28 21:00:00;0.12882984
2022-11-28 22:00:00;0.11939143099999999
2022-11-28 23:00:00;0.114468106
2022-11-29 00:00:00;0.100894386
2022-11-29 01:00:00;0.124975534
2022-11-29 02:00:00;0.131137214
2022-11-29 03:00:00;0.14188377800000002
2022-11-29 04:00:00;0.145590372
2022-11-29 05:00:00;0.13875048799999998
2022-11-29 06:00:00;0.139283995
2022-11-29 07:00:00;0.13679311100000002
2022-11-29 08:00:00;0.154271226
2022-11-29 09:00:00;0.15552049199999998
2022-11-29 10:00:00;0.143260322
2022-11-29 11:00:00;0.14066156100000002
2022-11-29 12:00:00;0.156780238
2022-11-29 13:00:00;0.161511936
2022-11-29 14:00:00;0.163339616
2022-11-29 15:00:00;0.169163645
2022-11-29 16:00:00;0.17822314600000003
2022-11-29 17:00:00;0.178260271
2022-11-29 18:00:00;0.16577025699999998
2022-11-29 19:00:00;0.145486447
2022-11-29 20:00:00;0.138092637
2022-11-29 21:00:00;0.135583348
2022-11-29 22:00:00;0.135580759
2022-11-29 23:00:00;0.131301556
2022-11-30 00:00:00;0.13736066700000002
2022-11-30 01:00:00;0.132054536
2022-11-30 02:00:00;0.140493183
2022-11-30 03:00:00;0.132666184
2022-11-30 04:00:00;0.142820543
2022-11-30 05:00:00;0.14204402500000002
2022-11-30 06:00:00;0.14939754500000002
2022-11-30 07:00:00;0.16926854800000002
2022-11-30 08:00:00;0.193238273
2022-11-30 09:00:00;0.193083141
2022-11-30 10:00:00;0.20079107300000001
2022-11-30 11:00:00;0.208058268
2022-11-30 12:00:00;0.214058027
2022-11-30 13:00:00;0.22028888
2022-11-30 14:00:00;0.221866792
2022-11-30 15:00:00;0.21536924400000002
2022-11-30 16:00:00;0.21787576
2022-11-30 17:00:00;0.20979439500000002
2022-11-30 18:00:00;0.197603907
2022-11-30 19:00:00;0.176553122
2022-11-30 20:00:00;0.15961703700000002
2022-11-30 21:00:00;0.141989061
2022-11-30 22:00:00;0.142765511
2022-11-30 23:00:00;0.14106187499999998
2022-12-01 00:00:00;0.14150416400000002
2022-12-01 01:00:00;0.14758672
2022-12-01 02:00:00;0.146015559
2022-12-01 03:00:00;0.137972652
2022-12-01 04:00:00;0.133166452
2022-12-01 05:00:00;0.132586341
2022-12-01 06:00:00;0.146034578
2022-12-01 07:00:00;0.159319516
2022-12-01 08:00:00;0.173825811
2022-12-01 09:00:00;0.180813965
2022-12-01 10:00:00;0.183432009
2022-12-01 11:00:00;0.20076833
2022-12-01 12:00:00;0.20736770799999998
2022-12-01 13:00:00;0.215563882
2022-12-01 14:00:00;0.231263193
2022-12-01 15:00:00;0.202955867
2022-12-01 16:00:00;0.207083721
2022-12-01 17:00:00;0.194087277
2022-12-01 18:00:00;0.187090708
2022-12-01 19:00:00;0.175006858
2022-12-01 20:00:00;0.158395114
2022-12-01 21:00:00;0.152894654
2022-12-01 22:00:00;0.14928899899999998
2022-12-01 23:00:00;0.148529085
2022-12-02 00:00:00;0.146822644
2022-12-02 01:00:00;0.152228177
2022-12-02 02:00:00;0.137973554
2022-12-02 03:00:00;0.13564852200000002
2022-12-02 04:00:00;0.141759868
2022-12-02 05:00:00;0.139161198
2022-12-02 06:00:00;0.132109015
2022-12-02 07:00:00;0.146094433
2022-12-02 08:00:00;0.157767197
2022-12-02 09:00:00;0.15133469400000002
2022-12-02 10:00:00;0.143958419
2022-12-02 11:00:00;0.143304124
2022-12-02 12:00:00;0.149795734
2022-12-02 13:00:00;0.14354603
2022-12-02 14:00:00;0.160483509
2022-12-02 15:00:00;0.14717136300000003
2022-12-02 16:00:00;0.135448223
2022-12-02 17:00:00;0.128491105
2022-12-02 18:00:00;0.123255959
2022-12-02 19:00:00;0.14780769900000001
2022-12-02 20:00:00;0.144533715
2022-12-02 21:00:00;0.161102804
2022-12-02 22:00:00;0.13786284399999998
2022-12-02 23:00:00;0.13131963200000002
2022-12-03 00:00:00;0.124436189
2022-12-03 01:00:00;0.15008327800000001
2022-12-03 02:00:00;0.14711571799999998
2022-12-03 03:00:00;0.13377161
2022-12-03 04:00:00;0.117299667
2022-12-03 05:00:00;0.119170079
2022-12-03 06:00:00;0.111984499
2022-12-03 07:00:00;0.12865945199999998
2022-12-03 08:00:00;0.13316329500000001
2022-12-03 09:00:00;0.158394643
2022-12-03 10:00:00;0.16770743899999999
2022-12-03 11:00:00;0.18089143100000002
2022-12-03 12:00:00;0.159263293
2022-12-03 13:00:00;0.170798138
2022-12-03 14:00:00;0.155564601
2022-12-03 15:00:00;0.149786543
2022-12-03 16:00:00;0.16469413700000002
2022-12-03 17:00:00;0.156435372
2022-12-03 18:00:00;0.13917096599999998
2022-12-03 19:00:00;0.148953088
2022-12-03 20:00:00;0.151970531
2022-12-03 21:00:00;0.116512534
2022-12-03 22:00:00;0.106710505
2022-12-03 23:00:00;0.10213222500000001
2022-12-04 00:00:00;0.134031017
2022-12-04 01:00:00;0.122748075
2022-12-04 02:00:00;0.128647302
2022-12-04 03:00:00;0.126070037
2022-12-04 04:00:00;0.126447533
2022-12-04 05:00:00;0.128627485
2022-12-04 06:00:00;0.125684006
2022-12-04 07:00:00;0.131473019
2022-12-04 08:00:00;0.143269538
2022-12-04 09:00:00;0.150858361
2022-12-04 10:00:00;0.14379187200000002
2022-12-04 11:00:00;0.152960273
2022-12-04 12:00:00;0.144234752
2022-12-04 13:00:00;0.149645949
2022-12-04 14:00:00;0.15383138600000001
2022-12-04 15:00:00;0.165832965
2022-12-04 16:00:00;0.12718114
2022-12-04 17:00:00;0.129164789
2022-12-04 18:00:00;0.143690446
2022-12-04 19:00:00;0.140456029
2022-12-04 20:00:00;0.134106071
2022-12-04 21:00:00;0.15169732300000002
2022-12-04 22:00:00;0.132151882
2022-12-04 23:00:00;0.119172404
2022-12-05 00:00:00;0.10312336700000001
2022-12-05 01:00:00;0.113648022
2022-12-05 02:00:00;0.121759089
2022-12-05 03:00:00;0.101425081
2022-12-05 04:00:00;0.10474111000000001
2022-12-05 05:00:00;0.105763082
2022-12-05 06:00:00;0.123024656
2022-12-05 07:00:00;0.10107825599999999
2022-12-05 08:00:00;0.105701496
2022-12-05 09:00:00;0.106710367
2022-12-05 10:00:00;0.122870145
2022-12-05 11:00:00;0.134087244
2022-12-05 12:00:00;0.148632735
2022-12-05 13:00:00;0.139026021
2022-12-05 14:00:00;0.138550159
2022-12-05 15:00:00;0.165224689
2022-12-05 16:00:00;0.178488064
2022-12-05 17:00:00;0.173291272
2022-12-05 18:00:00;0.17442444000000001
2022-12-05 19:00:00;0.194569719
2022-12-05 20:00:00;0.190737603
2022-12-05 21:00:00;0.200628216
2022-12-05 22:00:00;0.184188038
2022-12-05 23:00:00;0.17308412999999997
2022-12-06 00:00:00;0.162705611
2022-12-06 01:00:00;0.163183306
2022-12-06 02:00:00;0.16379735
2022-12-06 03:00:00;0.155584723
2022-12-06 04:00:00;0.165083454
2022-12-06 05:00:00;0.17403439399999998
2022-12-06 06:00:00;0.18697293199999998
2022-12-06 07:00:00;0.209001922
2022-12-06 08:00:00;0.23453904499999997
2022-12-06 09:00:00;0.226286426
2022-12-06 10:00:00;0.21242236
2022-12-06 11:00:00;0.211355173
2022-12-06 12:00:00;0.214513073
2022-12-06 13:00:00;0.231817836
2022-12-06 14:00:00;0.224629779
2022-12-06 15:00:00;0.21826478800000002
2022-12-06 16:00:00;0.244919564
2022-12-06 17:00:00;0.235347621
2022-12-06 18:00:00;0.24062832
2022-12-06 19:00:00;0.244326075
2022-12-06 20:00:00;0.20137168500000002
2022-12-06 21:00:00;0.22228690499999998
2022-12-06 22:00:00;0.21940365499999998
2022-12-06 23:00:00;0.246231724
2022-12-07 00:00:00;0.247888611
2022-12-07 01:00:00;0.268067062
2022-12-07 02:00:00;0.25922013299999996
2022-12-07 03:00:00;0.264903672
2022-12-07 04:00:00;0.206243088
2022-12-07 05:00:00;0.150019167
2022-12-07 06:00:00;0.18287252699999998
2022-12-07 07:00:00;0.14050702999999998
2022-12-07 08:00:00;0.151054506
2022-12-07 09:00:00;0.152477719
2022-12-07 10:00:00;0.227396682
2022-12-07 11:00:00;0.2914276
2022-12-07 12:00:00;0.29154319900000003
2022-12-07 13:00:00;0.262687542
2022-12-07 14:00:00;0.27108291500000004
2022-12-07 15:00:00;0.296913254
2022-12-07 16:00:00;0.312487792
2022-12-07 17:00:00;0.300255257
2022-12-07 18:00:00;0.275158471
2022-12-07 19:00:00;0.27265885100000004
2022-12-07 20:00:00;0.261429613
2022-12-07 21:00:00;0.234311712
2022-12-07 22:00:00;0.21406878499999998
2022-12-07 23:00:00;0.21799823799999998
2022-12-08 00:00:00;0.302398617
2022-12-08 01:00:00;0.39453967
2022-12-08 02:00:00;0.407322274
2022-12-08 03:00:00;0.397113671
2022-12-08 04:00:00;0.340575784
2022-12-08 05:00:00;0.315413347
2022-12-08 06:00:00;0.297174856
2022-12-08 07:00:00;0.280946794
2022-12-08 08:00:00;0.295991059
2022-12-08 09:00:00;0.256761996
2022-12-08 10:00:00;0.237479166
2022-12-08 11:00:00;0.21690014800000001
2022-12-08 12:00:00;0.197220902
2022-12-08 13:00:00;0.184439546
2022-12-08 14:00:00;0.16551969600000002
2022-12-08 15:00:00;0.168343899
2022-12-08 16:00:00;0.154815934
2022-12-08 17:00:00;0.151699555
2022-12-08 18:00:00;0.16075096
2022-12-08 19:00:00;0.169392925
2022-12-08 20:00:00;0.16185351499999998
2022-12-08 21:00:00;0.168882158
2022-12-08 22:00:00;0.15352956599999998
2022-12-08 23:00:00;0.169958022
2022-12-09 00:00:00;0.165934513
2022-12-09 01:00:00;0.183791449
2022-12-09 02:00:00;0.18403487200000002
2022-12-09 03:00:00;0.17138811
2022-12-09 04:00:00;0.177240325
2022-12-09 05:00:00;0.18716245799999998
2022-12-09 06:00:00;0.22154907299999999
2022-12-09 07:00:00;0.24470468
2022-12-09 08:00:00;0.243914093
2022-12-09 09:00:00;0.26199663900000003
2022-12-09 10:00:00;0.263198485
2022-12-09 11:00:00;0.24141042799999998
2022-12-09 12:00:00;0.234366127
2022-12-09 13:00:00;0.23100646800000002
2022-12-09 14:00:00;0.222829762
2022-12-09 15:00:00;0.233632061
2022-12-09 16:00:00;0.214282318
2022-12-09 17:00:00;0.21239264900000002
2022-12-09 18:00:00;0.198600687
2022-12-09 19:00:00;0.189663749
2022-12-09 20:00:00;0.194092441
2022-12-09 21:00:00;0.198427133
2022-12-09 22:00:00;0.211354792
2022-12-09 23:00:00;0.228908055
2022-12-10 00:00:00;0.16975729
2022-12-10 01:00:00;0.176147445
2022-12-10 02:00:00;0.156239208
2022-12-10 03:00:00;0.155988622
2022-12-10 04:00:00;0.16468903399999998
2022-12-10 05:00:00;0.17740895699999998
2022-12-10 06:00:00;0.189405146
2022-12-10 07:00:00;0.173302672
2022-12-10 08:00:00;0.170121733
2022-12-10 09:00:00;0.183157652
2022-12-10 10:00:00;0.191005784
2022-12-10 11:00:00;0.189155995
2022-12-10 12:00:00;0.18967584199999998
2022-12-10 13:00:00;0.191477813
2022-12-10 14:00:00;0.209443629
2022-12-10 15:00:00;0.208058642
2022-12-10 16:00:00;0.207634058
2022-12-10 17:00:00;0.208024573
2022-12-10 18:00:00;0.222308268
2022-12-10 19:00:00;0.21042582899999998
2022-12-10 20:00:00;0.226443456
2022-12-10 21:00:00;0.234559449
2022-12-10 22:00:00;0.23270422500000001
2022-12-10 23:00:00;0.226955425
2022-12-11 00:00:00;0.236884235
2022-12-11 01:00:00;0.248429191
2022-12-11 02:00:00;0.242863477
2022-12-11 03:00:00;0.262556156
2022-12-11 04:00:00;0.23993019499999999
2022-12-11 05:00:00;0.21531061199999998
2022-12-11 06:00:00;0.208319702
2022-12-11 07:00:00;0.228144727
2022-12-11 08:00:00;0.216642268
2022-12-11 09:00:00;0.22796492599999998
2022-12-11 10:00:00;0.22703252000000002
2022-12-11 11:00:00;0.210358499
2022-12-11 12:00:00;0.234667596
2022-12-11 13:00:00;0.252054769
2022-12-11 14:00:00;0.24340767600000002
2022-12-11 15:00:00;0.225324106
2022-12-11 16:00:00;0.22065295299999999
2022-12-11 17:00:00;0.193734981
2022-12-11 18:00:00;0.183371359
2022-12-11 19:00:00;0.17675097199999998
2022-12-11 20:00:00;0.19117815
2022-12-11 21:00:00;0.178262856
2022-12-11 22:00:00;0.172841684
2022-12-11 23:00:00;0.187913805
2022-12-12 00:00:00;0.215000113
2022-12-12 01:00:00;0.233245139
2022-12-12 02:00:00;0.22652971400000002
2022-12-12 03:00:00;0.222936114
2022-12-12 04:00:00;0.22607518
2022-12-12 05:00:00;0.20017757800000002
2022-12-12 06:00:00;0.184597242
2022-12-12 07:00:00;0.209197661
2022-12-12 08:00:00;0.232677527
2022-12-12 09:00:00;0.215888159
2022-12-12 10:00:00;0.220044871
2022-12-12 11:00:00;0.19809608
2022-12-12 12:00:00;0.19492828299999998
2022-12-12 13:00:00;0.20495813599999999
2022-12-12 14:00:00;0.19674761200000002
2022-12-12 15:00:00;0.189494192
2022-12-12 16:00:00;0.18540500099999999
2022-12-12 17:00:00;0.18494975600000002
2022-12-12 18:00:00;0.18054790499999998
2022-12-12 19:00:00;0.18695273599999998
2022-12-12 20:00:00;0.187189362
2022-12-12 21:00:00;0.186606493
2022-12-12 22:00:00;0.17648076699999998
2022-12-12 23:00:00;0.177634296
2022-12-13 00:00:00;0.20745980700000002
2022-12-13 01:00:00;0.208016223
2022-12-13 02:00:00;0.223595049
2022-12-13 03:00:00;0.26280321199999995
2022-12-13 04:00:00;0.217890399
2022-12-13 05:00:00;0.246693223
2022-12-13 06:00:00;0.212129355
2022-12-13 07:00:00;0.23492509
2022-12-13 08:00:00;0.292393442
2022-12-13 09:00:00;0.218431397
2022-12-13 10:00:00;0.317501411
2022-12-13 11:00:00;0.36311611
2022-12-13 12:00:00;0.409706568
2022-12-13 13:00:00;0.435369592
2022-12-13 14:00:00;0.357338655
2022-12-13 15:00:00;0.279412122
2022-12-13 16:00:00;0.322684323
2022-12-13 17:00:00;0.297856893
2022-12-13 18:00:00;0.281842172
2022-12-13 19:00:00;0.23513558599999998
2022-12-13 20:00:00;0.25618046
2022-12-13 21:00:00;0.278178596
2022-12-13 22:00:00;0.26182337
2022-12-13 23:00:00;0.216566622
2022-12-14 00:00:00;0.21514415
2022-12-14 01:00:00;0.18331923900000002
2022-12-14 02:00:00;0.195390394
2022-12-14 03:00:00;0.180510214
2022-12-14 04:00:00;0.192181826
2022-12-14 05:00:00;0.211797453
2022-12-14 06:00:00;0.231984473
2022-12-14 07:00:00;0.24287682100000002
2022-12-14 08:00:00;0.206574084
2022-12-14 09:00:00;0.239695996
2022-12-14 10:00:00;0.22421490700000002
2022-12-14 11:00:00;0.26365706499999997
2022-12-14 12:00:00;0.272760132
2022-12-14 13:00:00;0.274882108
2022-12-14 14:00:00;0.28388236899999997
2022-12-14 15:00:00;0.245736206
2022-12-14 16:00:00;0.265558745
2022-12-14 17:00:00;0.212834889
2022-12-14 18:00:00;0.208688065
2022-12-14 19:00:00;0.217835221
2022-12-14 20:00:00;0.224950655
2022-12-14 21:00:00;0.241119776
2022-12-14 22:00:00;0.245639216
2022-12-14 23:00:00;0.287723642
2022-12-15 00:00:00;0.280105549
2022-12-15 01:00:00;0.290301014
2022-12-15 02:00:00;0.303013264
2022-12-15 03:00:00;0.363454222
2022-12-15 04:00:00;0.30269531
2022-12-15 05:00:00;0.32608723900000003
2022-12-15 06:00:00;0.302264366
2022-12-15 07:00:00;0.294419612
2022-12-15 08:00:00;0.28107425999999996
2022-12-15 09:00:00;0.283163727
2022-12-15 10:00:00;0.323373593
2022-12-15 11:00:00;0.303628198
2022-12-15 12:00:00;0.307388731
2022-12-15 13:00:00;0.309557973
2022-12-15 14:00:00;0.289583981
2022-12-15 15:00:00;0.269239069
2022-12-15 16:00:00;0.295478267
2022-12-15 17:00:00;0.36019272799999996
2022-12-15 18:00:00;0.3694888
2022-12-15 19:00:00;0.320811446
2022-12-15 20:00:00;0.324552216
2022-12-15 21:00:00;0.29131764
2022-12-15 22:00:00;0.30824661800000003
2022-12-15 23:00:00;0.294386886
2022-12-16 00:00:00;0.259171188
2022-12-16 01:00:00;0.30423222099999997
2022-12-16 02:00:00;0.31629886399999996
2022-12-16 03:00:00;0.346391462
2022-12-16 04:00:00;0.316500324
2022-12-16 05:00:00;0.327997722
2022-12-16 06:00:00;0.31583525100000004
2022-12-16 07:00:00;0.343754913
2022-12-16 08:00:00;0.362167884
2022-12-16 09:00:00;0.394396396
2022-12-16 10:00:00;0.334210709
2022-12-16 11:00:00;0.341647947
2022-12-16 12:00:00;0.30583687400000004
2022-12-16 13:00:00;0.285086889
2022-12-16 14:00:00;0.267678135
2022-12-16 15:00:00;0.2209461
2022-12-16 16:00:00;0.200940695
2022-12-16 17:00:00;0.212012225
2022-12-16 18:00:00;0.234251149
2022-12-16 19:00:00;0.22671964
2022-12-16 20:00:00;0.180831786
2022-12-16 21:00:00;0.204407119
2022-12-16 22:00:00;0.195728644
2022-12-16 23:00:00;0.138060137
2022-12-17 00:00:00;0.14133307
2022-12-17 01:00:00;0.14443746799999999
2022-12-17 02:00:00;0.15980070100000002
2022-12-17 03:00:00;0.170646823
2022-12-17 04:00:00;0.163187205
2022-12-17 05:00:00;0.14259703999999998
2022-12-17 06:00:00;0.143527365
2022-12-17 07:00:00;0.13335759100000003
2022-12-17 08:00:00;0.14976000099999998
2022-12-17 09:00:00;0.134252773
2022-12-17 10:00:00;0.122012971
2022-12-17 11:00:00;0.1233089
2022-12-17 12:00:00;0.125152091
2022-12-17 13:00:00;0.144524094
2022-12-17 14:00:00;0.128185732
2022-12-17 15:00:00;0.12089747099999999
2022-12-17 16:00:00;0.125905846
2022-12-17 17:00:00;0.1177164
2022-12-17 18:00:00;0.116606148
2022-12-17 19:00:00;0.130162444
2022-12-17 20:00:00;0.12378089099999999
2022-12-17 21:00:00;0.10370947
2022-12-17 22:00:00;0.110937251
2022-12-17 23:00:00;0.119365109
2022-12-18 00:00:00;0.109304527
2022-12-18 01:00:00;0.13939726
2022-12-18 02:00:00;0.11771287999999999
2022-12-18 03:00:00;0.101790857
2022-12-18 04:00:00;0.118244434
2022-12-18 05:00:00;0.13068227799999999
2022-12-18 06:00:00;0.119281819
2022-12-18 07:00:00;0.105873391
2022-12-18 08:00:00;0.130108217
2022-12-18 09:00:00;0.119661115
2022-12-18 10:00:00;0.126276827
2022-12-18 11:00:00;0.131250642
2022-12-18 12:00:00;0.172768357
2022-12-18 13:00:00;0.165400747
2022-12-18 14:00:00;0.17134648100000002
2022-12-18 15:00:00;0.189459585
2022-12-18 16:00:00;0.21396590399999998
2022-12-18 17:00:00;0.211153125
2022-12-18 18:00:00;0.19656369
2022-12-18 19:00:00;0.172425778
2022-12-18 20:00:00;0.18033007799999998
2022-12-18 21:00:00;0.164972454
2022-12-18 22:00:00;0.145311305
2022-12-18 23:00:00;0.131978352
2022-12-19 00:00:00;0.12329106199999999
2022-12-19 01:00:00;0.13433805000000001
2022-12-19 02:00:00;0.135265676
2022-12-19 03:00:00;0.131768546
2022-12-19 04:00:00;0.133336346
2022-12-19 05:00:00;0.134985638
2022-12-19 06:00:00;0.15153508
2022-12-19 07:00:00;0.15137432999999997
2022-12-19 08:00:00;0.151920052
2022-12-19 09:00:00;0.172536839
2022-12-19 10:00:00;0.192946071
2022-12-19 11:00:00;0.164163583
2022-12-19 12:00:00;0.14021076999999998
2022-12-19 13:00:00;0.14414195000000002
2022-12-19 14:00:00;0.162907639
2022-12-19 15:00:00;0.186212817
2022-12-19 16:00:00;0.181849935
2022-12-19 17:00:00;0.178552688
2022-12-19 18:00:00;0.167013197
2022-12-19 19:00:00;0.168415816
2022-12-19 20:00:00;0.159156408
2022-12-19 21:00:00;0.13884486599999998
2022-12-19 22:00:00;0.121161846
2022-12-19 23:00:00;0.112395982
2022-12-20 00:00:00;0.09375976400000001
2022-12-20 01:00:00;0.100104893
2022-12-20 02:00:00;0.09658675100000001
2022-12-20 03:00:00;0.123836725
2022-12-20 04:00:00;0.132511279
2022-12-20 05:00:00;0.150515563
2022-12-20 06:00:00;0.13208546599999998
2022-12-20 07:00:00;0.126937275
2022-12-20 08:00:00;0.129679737
2022-12-20 09:00:00;0.133971953
2022-12-20 10:00:00;0.11481224
2022-12-20 11:00:00;0.12396144099999999
2022-12-20 12:00:00;0.099121922
2022-12-20 13:00:00;0.09982879200000001
2022-12-20 14:00:00;0.109877246
2022-12-20 15:00:00;0.09508636799999999
2022-12-20 16:00:00;0.10372597500000001
2022-12-20 17:00:00;0.143561805
2022-12-20 18:00:00;0.146484426
2022-12-20 19:00:00;0.159416875
2022-12-20 20:00:00;0.131409328
2022-12-20 21:00:00;0.146052241
2022-12-20 22:00:00;0.149640949
2022-12-20 23:00:00;0.150940829
2022-12-21 00:00:00;0.14140861899999999
2022-12-21 01:00:00;0.155431707
2022-12-21 02:00:00;0.164060092
2022-12-21 03:00:00;0.17163873799999999
2022-12-21 04:00:00;0.15930217200000002
2022-12-21 05:00:00;0.160412453
2022-12-21 06:00:00;0.149393489
2022-12-21 07:00:00;0.145759425
2022-12-21 08:00:00;0.174655226
2022-12-21 09:00:00;0.17129463
2022-12-21 10:00:00;0.162496507
2022-12-21 11:00:00;0.203413959
2022-12-21 12:00:00;0.183363028
2022-12-21 13:00:00;0.173617994
2022-12-21 14:00:00;0.128276463
2022-12-21 15:00:00;0.12037186
2022-12-21 16:00:00;0.124070677
2022-12-21 17:00:00;0.108394576
2022-12-21 18:00:00;0.134332393
2022-12-21 19:00:00;0.12696697
2022-12-21 20:00:00;0.127097933
2022-12-21 21:00:00;0.143391536
2022-12-21 22:00:00;0.128667397
2022-12-21 23:00:00;0.124593042
2022-12-22 00:00:00;0.116872283
2022-12-22 01:00:00;0.126802997
2022-12-22 02:00:00;0.133578228
2022-12-22 03:00:00;0.154418748
2022-12-22 04:00:00;0.11145030199999999
2022-12-22 05:00:00;0.111214207
2022-12-22 06:00:00;0.130337932
2022-12-22 07:00:00;0.115591138
2022-12-22 08:00:00;0.134840938
2022-12-22 09:00:00;0.14933911
2022-12-22 10:00:00;0.12359445100000001
2022-12-22 11:00:00;0.123592532
2022-12-22 12:00:00;0.115268033
2022-12-22 13:00:00;0.128508341
2022-12-22 14:00:00;0.12833516
2022-12-22 15:00:00;0.123293562
2022-12-22 16:00:00;0.122997482
2022-12-22 17:00:00;0.131210524
2022-12-22 18:00:00;0.134359643
2022-12-22 19:00:00;0.132572672
2022-12-22 20:00:00;0.145861945
2022-12-22 21:00:00;0.157369354
2022-12-22 22:00:00;0.169713141
2022-12-22 23:00:00;0.196244575
2022-12-23 00:00:00;0.22884422699999998
2022-12-23 01:00:00;0.22689029600000002
2022-12-23 02:00:00;0.250731741
2022-12-23 03:00:00;0.255477474
2022-12-23 04:00:00;0.20452488600000002
2022-12-23 05:00:00;0.197730446
2022-12-23 06:00:00;0.20709473399999997
2022-12-23 07:00:00;0.159166467
2022-12-23 08:00:00;0.165094732
2022-12-23 09:00:00;0.149816028
2022-12-23 10:00:00;0.138132813
2022-12-23 11:00:00;0.161584836
2022-12-23 12:00:00;0.172674141
2022-12-23 13:00:00;0.256558324
2022-12-23 14:00:00;0.209392185
2022-12-23 15:00:00;0.270838044
2022-12-23 16:00:00;0.255485329
2022-12-23 17:00:00;0.257159627
2022-12-23 18:00:00;0.320544455
2022-12-23 19:00:00;0.324348968
2022-12-23 20:00:00;0.32474292200000004
2022-12-23 21:00:00;0.34347171
2022-12-23 22:00:00;0.320893033
2022-12-23 23:00:00;0.294400226
2022-12-24 00:00:00;0.251578927
2022-12-24 01:00:00;0.24680111500000002
2022-12-24 02:00:00;0.237260436
2022-12-24 03:00:00;0.252067759
2022-12-24 04:00:00;0.248253704
2022-12-24 05:00:00;0.233756772
2022-12-24 06:00:00;0.239485801
2022-12-24 07:00:00;0.256650581
2022-12-24 08:00:00;0.283344421
2022-12-24 09:00:00;0.309121594
2022-12-24 10:00:00;0.292358585
2022-12-24 11:00:00;0.305236084
2022-12-24 12:00:00;0.298931962
2022-12-24 13:00:00;0.293065305
2022-12-24 14:00:00;0.304471875
2022-12-24 15:00:00;0.29030938300000003
2022-12-24 16:00:00;0.282018755
2022-12-24 17:00:00;0.285874817
2022-12-24 18:00:00;0.260469041
2022-12-24 19:00:00;0.284104327
2022-12-24 20:00:00;0.273765749
2022-12-24 21:00:00;0.26519777800000005
2022-12-24 22:00:00;0.28427002
2022-12-24 23:00:00;0.28332033100000004
2022-12-25 00:00:00;0.264609097
2022-12-25 01:00:00;0.25105383
2022-12-25 02:00:00;0.239415997
2022-12-25 03:00:00;0.19918021
2022-12-25 04:00:00;0.178130465
2022-12-25 05:00:00;0.171017627
2022-12-25 06:00:00;0.160685552
2022-12-25 07:00:00;0.148815877
2022-12-25 08:00:00;0.140324647
2022-12-25 09:00:00;0.14764790400000002
2022-12-25 10:00:00;0.142474524
2022-12-25 11:00:00;0.135998781
2022-12-25 12:00:00;0.133677573
2022-12-25 13:00:00;0.135484825
2022-12-25 14:00:00;0.147203474
2022-12-25 15:00:00;0.174890781
2022-12-25 16:00:00;0.20454408799999999
2022-12-25 17:00:00;0.185128353
2022-12-25 18:00:00;0.1659207
2022-12-25 19:00:00;0.139915062
2022-12-25 20:00:00;0.13317771099999998
2022-12-25 21:00:00;0.129618998
2022-12-25 22:00:00;0.13547452100000001
2022-12-25 23:00:00;0.14072609
2022-12-26 00:00:00;0.154998319
2022-12-26 01:00:00;0.137535552
2022-12-26 02:00:00;0.14540198599999998
2022-12-26 03:00:00;0.155504
2022-12-26 04:00:00;0.168377528
2022-12-26 05:00:00;0.16408758
2022-12-26 06:00:00;0.15892984899999998
2022-12-26 07:00:00;0.145604141
2022-12-26 08:00:00;0.105481355
2022-12-26 09:00:00;0.097922405
2022-12-26 10:00:00;0.084248308
2022-12-26 11:00:00;0.080452962
2022-12-26 12:00:00;0.07516036
2022-12-26 13:00:00;0.07452304800000001
2022-12-26 14:00:00;0.067670978
2022-12-26 15:00:00;0.065304123
2022-12-26 16:00:00;0.064367521
2022-12-26 17:00:00;0.06919919899999999
2022-12-26 18:00:00;0.060608196999999996
2022-12-26 19:00:00;0.06880117599999999
2022-12-26 20:00:00;0.073301923
2022-12-26 21:00:00;0.07902955
2022-12-26 22:00:00;0.077016431
2022-12-26 23:00:00;0.072035069
2022-12-27 00:00:00;0.07587535200000001
2022-12-27 01:00:00;0.08409992499999999
2022-12-27 02:00:00;0.089507483
2022-12-27 03:00:00;0.11840132099999999
2022-12-27 04:00:00;0.125991103
2022-12-27 05:00:00;0.11129631999999999
2022-12-27 06:00:00;0.095304189
2022-12-27 07:00:00;0.097942246
2022-12-27 08:00:00;0.10561698300000001
2022-12-27 09:00:00;0.11726629499999999
2022-12-27 10:00:00;0.11100129800000001
2022-12-27 11:00:00;0.127142181
2022-12-27 12:00:00;0.130571136
2022-12-27 13:00:00;0.130284897
2022-12-27 14:00:00;0.126087405
2022-12-27 15:00:00;0.15908019999999998
2022-12-27 16:00:00;0.179867557
2022-12-27 17:00:00;0.179521776
2022-12-27 18:00:00;0.198396989
2022-12-27 19:00:00;0.204366153
2022-12-27 20:00:00;0.18891248200000002
2022-12-27 21:00:00;0.148721539
2022-12-27 22:00:00;0.148676047
2022-12-27 23:00:00;0.144919099
2022-12-28 00:00:00;0.13358936
2022-12-28 01:00:00;0.121293862
2022-12-28 02:00:00;0.10484922899999999
2022-12-28 03:00:00;0.114311378
2022-12-28 04:00:00;0.10207925500000001
2022-12-28 05:00:00;0.094239318
2022-12-28 06:00:00;0.07218300000000001
2022-12-28 07:00:00;0.103269706
2022-12-28 08:00:00;0.154484049
2022-12-28 09:00:00;0.164072707
2022-12-28 10:00:00;0.097643672
2022-12-28 11:00:00;0.099465597
2022-12-28 12:00:00;0.10583704799999999
2022-12-28 13:00:00;0.113699326
2022-12-28 14:00:00;0.142644001
2022-12-28 15:00:00;0.15422158300000002
2022-12-28 16:00:00;0.15196945199999998
2022-12-28 17:00:00;0.157443472
2022-12-28 18:00:00;0.142138297
2022-12-28 19:00:00;0.142909392
2022-12-28 20:00:00;0.125989416
2022-12-28 21:00:00;0.123529942
2022-12-28 22:00:00;0.112164153
2022-12-28 23:00:00;0.090056984
2022-12-29 00:00:00;0.082424077
2022-12-29 01:00:00;0.070944253
2022-12-29 02:00:00;0.05933649
2022-12-29 03:00:00;0.06286876500000001
2022-12-29 04:00:00;0.06413086900000001
2022-12-29 05:00:00;0.075506371
2022-12-29 06:00:00;0.06378872
2022-12-29 07:00:00;0.061851692
2022-12-29 08:00:00;0.104705033
2022-12-29 09:00:00;0.12352001
2022-12-29 10:00:00;0.07833995299999999
2022-12-29 11:00:00;0.084724969
2022-12-29 12:00:00;0.118832888
2022-12-29 13:00:00;0.12384324599999999
2022-12-29 14:00:00;0.126176726
2022-12-29 15:00:00;0.115718543
2022-12-29 16:00:00;0.058640195
2022-12-29 17:00:00;0.057908659
2022-12-29 18:00:00;0.057882377
2022-12-29 19:00:00;0.061949522
2022-12-29 20:00:00;0.061713579000000005
2022-12-29 21:00:00;0.06836461199999999
2022-12-29 22:00:00;0.062364433
2022-12-29 23:00:00;0.063020824
2022-12-30 00:00:00;0.041308659
2022-12-30 01:00:00;0.035412484
2022-12-30 02:00:00;0.030832046
2022-12-30 03:00:00;0.047215381
2022-12-30 04:00:00;0.080727608
2022-12-30 05:00:00;0.080876605
2022-12-30 06:00:00;0.10246994599999999
2022-12-30 07:00:00;0.12797508999999999
2022-12-30 08:00:00;0.138743153
2022-12-30 09:00:00;0.138904811
2022-12-30 10:00:00;0.141836472
2022-12-30 11:00:00;0.130324377
2022-12-30 12:00:00;0.100264474
2022-12-30 13:00:00;0.10315506
2022-12-30 14:00:00;0.098327196
2022-12-30 15:00:00;0.10111730099999999
2022-12-30 16:00:00;0.133864587
2022-12-30 17:00:00;0.13101301799999998
2022-12-30 18:00:00;0.124110336
2022-12-30 19:00:00;0.122411934
2022-12-30 20:00:00;0.114125973
2022-12-30 21:00:00;0.10559753999999999
2022-12-30 22:00:00;0.071448777
2022-12-30 23:00:00;0.07455664299999999
2022-12-31 00:00:00;0.06647204100000001
2022-12-31 01:00:00;0.07269402999999999
2022-12-31 02:00:00;0.08194594
2022-12-31 03:00:00;0.07825863200000001
2022-12-31 04:00:00;0.078416973
2022-12-31 05:00:00;0.077633316
2022-12-31 06:00:00;0.07829552099999999
2022-12-31 07:00:00;0.12810455999999998
2022-12-31 08:00:00;0.073083928
2022-12-31 09:00:00;0.07702842200000001
2022-12-31 10:00:00;0.082674757
2022-12-31 11:00:00;0.08302523499999999
2022-12-31 12:00:00;0.08154047199999999
2022-12-31 13:00:00;0.089430833
2022-12-31 14:00:00;0.107209293
2022-12-31 15:00:00;0.120139083
2022-12-31 16:00:00;0.123439443
2022-12-31 17:00:00;0.1251247
2022-12-31 18:00:00;0.12498870399999999
2022-12-31 19:00:00;0.128386786
2022-12-31 20:00:00;0.131842282
2022-12-31 21:00:00;0.187587957
2022-12-31 22:00:00;0.220469374
2022-12-31 23:00:00;0.22263518899999998
