HourDK;CO2PerMWh
2025-01-01 00:00:00;0.005712513999999999
2025-01-01 01:00:00;0.020001882
2025-01-01 02:00:00;0.006548052
2025-01-01 03:00:00;0.014685875
2025-01-01 04:00:00;0.008968382
2025-01-01 05:00:00;0.019557036
2025-01-01 06:00:00;0.020675287
2025-01-01 07:00:00;0.024696465
2025-01-01 08:00:00;0.009284152
2025-01-01 09:00:00;0.0152641
2025-01-01 10:00:00;0.033845657
2025-01-01 11:00:00;0.038959425000000006
2025-01-01 12:00:00;0.038142041999999994
2025-01-01 13:00:00;0.037892139
2025-01-01 14:00:00;0.040688256000000006
2025-01-01 15:00:00;0.042751
2025-01-01 16:00:00;0.047563661
2025-01-01 17:00:00;0.050276888
2025-01-01 18:00:00;0.049757785
2025-01-01 19:00:00;0.054811664999999996
2025-01-01 20:00:00;0.05913722
2025-01-01 21:00:00;0.059885609
2025-01-01 22:00:00;0.055960665
2025-01-01 23:00:00;0.058258214
2025-01-02 00:00:00;0.06569072799999999
2025-01-02 01:00:00;0.067252566
2025-01-02 02:00:00;0.063087537
2025-01-02 03:00:00;0.06941023199999999
2025-01-02 04:00:00;0.08311430900000001
2025-01-02 05:00:00;0.056931587
2025-01-02 06:00:00;0.049290748999999995
2025-01-02 07:00:00;0.066707882
2025-01-02 08:00:00;0.07551318
2025-01-02 09:00:00;0.047946706
2025-01-02 10:00:00;0.055291212
2025-01-02 11:00:00;0.032042299999999996
2025-01-02 12:00:00;0.019084997000000003
2025-01-02 13:00:00;0.018004076
2025-01-02 14:00:00;0.018360074
2025-01-02 15:00:00;0.018297477
2025-01-02 16:00:00;0.059769122
2025-01-02 17:00:00;0.041210497
2025-01-02 18:00:00;0.0184811
2025-01-02 19:00:00;0.019048014999999998
2025-01-02 20:00:00;0.029082395
2025-01-02 21:00:00;0.029901249
2025-01-02 22:00:00;0.034025855
2025-01-02 23:00:00;0.035859561
2025-01-03 00:00:00;0.031716075
2025-01-03 01:00:00;0.018689765
2025-01-03 02:00:00;0.014239928
2025-01-03 03:00:00;0.013717548000000001
2025-01-03 04:00:00;0.016192387
2025-01-03 05:00:00;0.023898047
2025-01-03 06:00:00;0.019525892
2025-01-03 07:00:00;0.031798627
2025-01-03 08:00:00;0.02658795
2025-01-03 09:00:00;0.027552983
2025-01-03 10:00:00;0.017557966
2025-01-03 11:00:00;0.008275406
2025-01-03 12:00:00;0.006209677
2025-01-03 13:00:00;0.009812326
2025-01-03 14:00:00;0.012431823
2025-01-03 15:00:00;0.01597216
2025-01-03 16:00:00;0.038812807
2025-01-03 17:00:00;0.034096643999999995
2025-01-03 18:00:00;0.050453708
2025-01-03 19:00:00;0.063482897
2025-01-03 20:00:00;0.045026829
2025-01-03 21:00:00;0.039681905
2025-01-03 22:00:00;0.056455781000000003
2025-01-03 23:00:00;0.061088353
2025-01-04 00:00:00;0.064955694
2025-01-04 01:00:00;0.062588018
2025-01-04 02:00:00;0.059508082000000004
2025-01-04 03:00:00;0.058433838
2025-01-04 04:00:00;0.045794148
2025-01-04 05:00:00;0.03967868
2025-01-04 06:00:00;0.037485975000000005
2025-01-04 07:00:00;0.046443542
2025-01-04 08:00:00;0.055775393
2025-01-04 09:00:00;0.057571724000000005
2025-01-04 10:00:00;0.058225644
2025-01-04 11:00:00;0.052760035999999996
2025-01-04 12:00:00;0.054822571
2025-01-04 13:00:00;0.053662002
2025-01-04 14:00:00;0.055068641999999994
2025-01-04 15:00:00;0.074062657
2025-01-04 16:00:00;0.126390383
2025-01-04 17:00:00;0.129455485
2025-01-04 18:00:00;0.097641188
2025-01-04 19:00:00;0.065169854
2025-01-04 20:00:00;0.066417034
2025-01-04 21:00:00;0.060265412
2025-01-04 22:00:00;0.057372895
2025-01-04 23:00:00;0.055813813000000004
2025-01-05 00:00:00;0.078469066
2025-01-05 01:00:00;0.10988212900000001
2025-01-05 02:00:00;0.10658796499999999
2025-01-05 03:00:00;0.102263677
2025-01-05 04:00:00;0.09461204
2025-01-05 05:00:00;0.106950237
2025-01-05 06:00:00;0.070245844
2025-01-05 07:00:00;0.059635963
2025-01-05 08:00:00;0.05782331
2025-01-05 09:00:00;0.06647236200000001
2025-01-05 10:00:00;0.118303333
2025-01-05 11:00:00;0.091976649
2025-01-05 12:00:00;0.105419895
2025-01-05 13:00:00;0.098440683
2025-01-05 14:00:00;0.106673634
2025-01-05 15:00:00;0.08504540299999999
2025-01-05 16:00:00;0.066186362
2025-01-05 17:00:00;0.07227555499999999
2025-01-05 18:00:00;0.051612696
2025-01-05 19:00:00;0.043281046000000004
2025-01-05 20:00:00;0.028395316
2025-01-05 21:00:00;0.018383198
2025-01-05 22:00:00;0.01681732
2025-01-05 23:00:00;0.039315064
2025-01-06 00:00:00;0.032831142
2025-01-06 01:00:00;0.039667054
2025-01-06 02:00:00;0.044887515
2025-01-06 03:00:00;0.041946192
2025-01-06 04:00:00;0.041229729
2025-01-06 05:00:00;0.04229502
2025-01-06 06:00:00;0.037081891
2025-01-06 07:00:00;0.039265401
2025-01-06 08:00:00;0.037496214
2025-01-06 09:00:00;0.034607898
2025-01-06 10:00:00;0.034132138
2025-01-06 11:00:00;0.03147178
2025-01-06 12:00:00;0.03074717
2025-01-06 13:00:00;0.030832520999999998
2025-01-06 14:00:00;0.031426327000000004
2025-01-06 15:00:00;0.03303718
2025-01-06 16:00:00;0.031603083000000004
2025-01-06 17:00:00;0.029824404000000002
2025-01-06 18:00:00;0.031368652000000004
2025-01-06 19:00:00;0.032359164
2025-01-06 20:00:00;0.028925717
2025-01-06 21:00:00;0.035455626000000004
2025-01-06 22:00:00;0.016880043
2025-01-06 23:00:00;0.025213408
2025-01-07 00:00:00;0.028308216
2025-01-07 01:00:00;0.022461963999999997
2025-01-07 02:00:00;0.026705725
2025-01-07 03:00:00;0.031041561000000002
2025-01-07 04:00:00;0.030385438
2025-01-07 05:00:00;0.032449372
2025-01-07 06:00:00;0.018612342
2025-01-07 07:00:00;0.014286141
2025-01-07 08:00:00;0.017260401
2025-01-07 09:00:00;0.028465933
2025-01-07 10:00:00;0.03591788
2025-01-07 11:00:00;0.037376520999999996
2025-01-07 12:00:00;0.035688936
2025-01-07 13:00:00;0.035167321
2025-01-07 14:00:00;0.034742043
2025-01-07 15:00:00;0.034740296999999996
2025-01-07 16:00:00;0.035468618
2025-01-07 17:00:00;0.018931273000000002
2025-01-07 18:00:00;0.011894202999999999
2025-01-07 19:00:00;0.011719512
2025-01-07 20:00:00;0.012057191
2025-01-07 21:00:00;0.012961236
2025-01-07 22:00:00;0.011017326000000001
2025-01-07 23:00:00;0.011627077
2025-01-08 00:00:00;0.014900895
2025-01-08 01:00:00;0.013808782
2025-01-08 02:00:00;0.012237725
2025-01-08 03:00:00;0.012343374
2025-01-08 04:00:00;0.018544061
2025-01-08 05:00:00;0.020658455
2025-01-08 06:00:00;0.019927268999999997
2025-01-08 07:00:00;0.018933032000000002
2025-01-08 08:00:00;0.016381853
2025-01-08 09:00:00;0.026363015
2025-01-08 10:00:00;0.029329179
2025-01-08 11:00:00;0.024945939
2025-01-08 12:00:00;0.042427673
2025-01-08 13:00:00;0.021542145999999998
2025-01-08 14:00:00;0.021987091
2025-01-08 15:00:00;0.029872188
2025-01-08 16:00:00;0.043739787
2025-01-08 17:00:00;0.049544026000000005
2025-01-08 18:00:00;0.064398455
2025-01-08 19:00:00;0.045509576
2025-01-08 20:00:00;0.044766644999999994
2025-01-08 21:00:00;0.034488678999999994
2025-01-08 22:00:00;0.02659125
2025-01-08 23:00:00;0.027896511
2025-01-09 00:00:00;0.086397055
2025-01-09 01:00:00;0.07819730800000001
2025-01-09 02:00:00;0.074215222
2025-01-09 03:00:00;0.096783759
2025-01-09 04:00:00;0.126654731
2025-01-09 05:00:00;0.113924944
2025-01-09 06:00:00;0.113861223
2025-01-09 07:00:00;0.158046316
2025-01-09 08:00:00;0.102364835
2025-01-09 09:00:00;0.13993536499999998
2025-01-09 10:00:00;0.09013868100000001
2025-01-09 11:00:00;0.16418716800000002
2025-01-09 12:00:00;0.120148038
2025-01-09 13:00:00;0.182497762
2025-01-09 14:00:00;0.169295489
2025-01-09 15:00:00;0.192239281
2025-01-09 16:00:00;0.259235991
2025-01-09 17:00:00;0.255080106
2025-01-09 18:00:00;0.212559068
2025-01-09 19:00:00;0.150385763
2025-01-09 20:00:00;0.14268788000000002
2025-01-09 21:00:00;0.147643731
2025-01-09 22:00:00;0.1171319
2025-01-09 23:00:00;0.10370862800000001
2025-01-10 00:00:00;0.08259050700000001
2025-01-10 01:00:00;0.072977027
2025-01-10 02:00:00;0.076350137
2025-01-10 03:00:00;0.07454025
2025-01-10 04:00:00;0.08123871099999999
2025-01-10 05:00:00;0.082154425
2025-01-10 06:00:00;0.068004109
2025-01-10 07:00:00;0.11427237
2025-01-10 08:00:00;0.11727235400000001
2025-01-10 09:00:00;0.097267352
2025-01-10 10:00:00;0.09126867500000001
2025-01-10 11:00:00;0.07811700999999999
2025-01-10 12:00:00;0.049455595000000005
2025-01-10 13:00:00;0.032576957000000004
2025-01-10 14:00:00;0.036787917
2025-01-10 15:00:00;0.047071662
2025-01-10 16:00:00;0.040463589
2025-01-10 17:00:00;0.0339136
2025-01-10 18:00:00;0.027996919
2025-01-10 19:00:00;0.031648562
2025-01-10 20:00:00;0.034823239
2025-01-10 21:00:00;0.023664551
2025-01-10 22:00:00;0.034087335
2025-01-10 23:00:00;0.042542171000000004
2025-01-11 00:00:00;0.032496833
2025-01-11 01:00:00;0.025571949
2025-01-11 02:00:00;0.024652014
2025-01-11 03:00:00;0.027120273
2025-01-11 04:00:00;0.028910468999999998
2025-01-11 05:00:00;0.028632769
2025-01-11 06:00:00;0.028711801000000002
2025-01-11 07:00:00;0.026886365000000002
2025-01-11 08:00:00;0.023640966
2025-01-11 09:00:00;0.024589482
2025-01-11 10:00:00;0.024501058
2025-01-11 11:00:00;0.02304078
2025-01-11 12:00:00;0.022674707000000002
2025-01-11 13:00:00;0.023758108
2025-01-11 14:00:00;0.026402726
2025-01-11 15:00:00;0.043538569
2025-01-11 16:00:00;0.059044655
2025-01-11 17:00:00;0.051015786
2025-01-11 18:00:00;0.050313176
2025-01-11 19:00:00;0.053561331000000004
2025-01-11 20:00:00;0.052984572
2025-01-11 21:00:00;0.04593329
2025-01-11 22:00:00;0.032032833
2025-01-11 23:00:00;0.028549873
2025-01-12 00:00:00;0.038995994000000006
2025-01-12 01:00:00;0.026545120000000002
2025-01-12 02:00:00;0.026158756000000002
2025-01-12 03:00:00;0.027095262000000002
2025-01-12 04:00:00;0.028476012999999998
2025-01-12 05:00:00;0.034425755
2025-01-12 06:00:00;0.039544269
2025-01-12 07:00:00;0.046877505
2025-01-12 08:00:00;0.057868903000000006
2025-01-12 09:00:00;0.061993977
2025-01-12 10:00:00;0.056550551
2025-01-12 11:00:00;0.048896926
2025-01-12 12:00:00;0.046674664
2025-01-12 13:00:00;0.046892348
2025-01-12 14:00:00;0.087607936
2025-01-12 15:00:00;0.099538136
2025-01-12 16:00:00;0.13223765499999998
2025-01-12 17:00:00;0.152352624
2025-01-12 18:00:00;0.142857404
2025-01-12 19:00:00;0.11589965499999999
2025-01-12 20:00:00;0.119572126
2025-01-12 21:00:00;0.15123345
2025-01-12 22:00:00;0.10729904
2025-01-12 23:00:00;0.089683569
2025-01-13 00:00:00;0.047030477
2025-01-13 01:00:00;0.059857268
2025-01-13 02:00:00;0.034519461
2025-01-13 03:00:00;0.025778016
2025-01-13 04:00:00;0.025264654
2025-01-13 05:00:00;0.039555173000000006
2025-01-13 06:00:00;0.028142518
2025-01-13 07:00:00;0.056150667
2025-01-13 08:00:00;0.06390557499999999
2025-01-13 09:00:00;0.053371559
2025-01-13 10:00:00;0.051926900000000005
2025-01-13 11:00:00;0.05873804
2025-01-13 12:00:00;0.050458477
2025-01-13 13:00:00;0.048781538
2025-01-13 14:00:00;0.045805281
2025-01-13 15:00:00;0.038339244
2025-01-13 16:00:00;0.032808357
2025-01-13 17:00:00;0.026437603
2025-01-13 18:00:00;0.01624116
2025-01-13 19:00:00;0.023873778000000002
2025-01-13 20:00:00;0.011468301
2025-01-13 21:00:00;0.0075558990000000005
2025-01-13 22:00:00;0.012926783
2025-01-13 23:00:00;0.006350265
2025-01-14 00:00:00;0.005655365
2025-01-14 01:00:00;0.005510215
2025-01-14 02:00:00;0.006365129
2025-01-14 03:00:00;0.006197111
2025-01-14 04:00:00;0.006352852
2025-01-14 05:00:00;0.007531123
2025-01-14 06:00:00;0.009881185
2025-01-14 07:00:00;0.006858472
2025-01-14 08:00:00;0.007475338
2025-01-14 09:00:00;0.00820475
2025-01-14 10:00:00;0.006321626
2025-01-14 11:00:00;0.006952839
2025-01-14 12:00:00;0.006003902
2025-01-14 13:00:00;0.006643164
2025-01-14 14:00:00;0.01210548
2025-01-14 15:00:00;0.007067589
2025-01-14 16:00:00;0.009608471
2025-01-14 17:00:00;0.007253228
2025-01-14 18:00:00;0.007430885
2025-01-14 19:00:00;0.007719867
2025-01-14 20:00:00;0.008294323000000001
2025-01-14 21:00:00;0.010320416
2025-01-14 22:00:00;0.008824012
2025-01-14 23:00:00;0.010585252
2025-01-15 00:00:00;0.013253335
2025-01-15 01:00:00;0.010707039
2025-01-15 02:00:00;0.0114617
2025-01-15 03:00:00;0.013625919
2025-01-15 04:00:00;0.014263161
2025-01-15 05:00:00;0.026371102
2025-01-15 06:00:00;0.072439038
2025-01-15 07:00:00;0.09449977300000001
2025-01-15 08:00:00;0.11179857
2025-01-15 09:00:00;0.124064681
2025-01-15 10:00:00;0.132879279
2025-01-15 11:00:00;0.167170619
2025-01-15 12:00:00;0.201294779
2025-01-15 13:00:00;0.192583698
2025-01-15 14:00:00;0.145027914
2025-01-15 15:00:00;0.11949075299999999
2025-01-15 16:00:00;0.104414699
2025-01-15 17:00:00;0.107581532
2025-01-15 18:00:00;0.10360154
2025-01-15 19:00:00;0.094094995
2025-01-15 20:00:00;0.08996611900000001
2025-01-15 21:00:00;0.067607011
2025-01-15 22:00:00;0.072076611
2025-01-15 23:00:00;0.058832584
2025-01-16 00:00:00;0.053529787
2025-01-16 01:00:00;0.013998502
2025-01-16 02:00:00;0.014573524000000001
2025-01-16 03:00:00;0.012155708000000001
2025-01-16 04:00:00;0.019931090999999998
2025-01-16 05:00:00;0.046485627
2025-01-16 06:00:00;0.061477027999999996
2025-01-16 07:00:00;0.036493114
2025-01-16 08:00:00;0.034501354
2025-01-16 09:00:00;0.042893567
2025-01-16 10:00:00;0.024182464
2025-01-16 11:00:00;0.029794967
2025-01-16 12:00:00;0.035875532
2025-01-16 13:00:00;0.021714074
2025-01-16 14:00:00;0.022074846000000002
2025-01-16 15:00:00;0.039720852
2025-01-16 16:00:00;0.041898200000000003
2025-01-16 17:00:00;0.029013103999999998
2025-01-16 18:00:00;0.032341521
2025-01-16 19:00:00;0.026818354
2025-01-16 20:00:00;0.024986554
2025-01-16 21:00:00;0.023183132000000002
2025-01-16 22:00:00;0.020938376
2025-01-16 23:00:00;0.018011268
2025-01-17 00:00:00;0.012917567999999999
2025-01-17 01:00:00;0.017246623
2025-01-17 02:00:00;0.016335352
2025-01-17 03:00:00;0.015165985
2025-01-17 04:00:00;0.012451893
2025-01-17 05:00:00;0.01293768
2025-01-17 06:00:00;0.021169754000000002
2025-01-17 07:00:00;0.030709098
2025-01-17 08:00:00;0.034134088
2025-01-17 09:00:00;0.038217846
2025-01-17 10:00:00;0.019097235
2025-01-17 11:00:00;0.01710266
2025-01-17 12:00:00;0.022689954000000002
2025-01-17 13:00:00;0.010591554
2025-01-17 14:00:00;0.010824958
2025-01-17 15:00:00;0.020786011
2025-01-17 16:00:00;0.027956465
2025-01-17 17:00:00;0.049589373
2025-01-17 18:00:00;0.0656603
2025-01-17 19:00:00;0.0612958
2025-01-17 20:00:00;0.058918752
2025-01-17 21:00:00;0.021115662
2025-01-17 22:00:00;0.021381318
2025-01-17 23:00:00;0.049607485
2025-01-18 00:00:00;0.016583953000000002
2025-01-18 01:00:00;0.017496462999999997
2025-01-18 02:00:00;0.017286287
2025-01-18 03:00:00;0.015578396
2025-01-18 04:00:00;0.021834058
2025-01-18 05:00:00;0.025126535000000002
2025-01-18 06:00:00;0.034532856
2025-01-18 07:00:00;0.064297566
2025-01-18 08:00:00;0.082838696
2025-01-18 09:00:00;0.063387216
2025-01-18 10:00:00;0.062367905
2025-01-18 11:00:00;0.06693206600000001
2025-01-18 12:00:00;0.063443291
2025-01-18 13:00:00;0.07437718099999999
2025-01-18 14:00:00;0.065937938
2025-01-18 15:00:00;0.08334795099999999
2025-01-18 16:00:00;0.121343006
2025-01-18 17:00:00;0.131222188
2025-01-18 18:00:00;0.085279339
2025-01-18 19:00:00;0.072214244
2025-01-18 20:00:00;0.08944094200000001
2025-01-18 21:00:00;0.099830533
2025-01-18 22:00:00;0.103123608
2025-01-18 23:00:00;0.086288815
2025-01-19 00:00:00;0.082305403
2025-01-19 01:00:00;0.08305748199999999
2025-01-19 02:00:00;0.084821753
2025-01-19 03:00:00;0.092107044
2025-01-19 04:00:00;0.101791096
2025-01-19 05:00:00;0.11094508500000001
2025-01-19 06:00:00;0.11225263099999999
2025-01-19 07:00:00;0.112817598
2025-01-19 08:00:00;0.132039717
2025-01-19 09:00:00;0.106972676
2025-01-19 10:00:00;0.102392624
2025-01-19 11:00:00;0.09660831
2025-01-19 12:00:00;0.092013598
2025-01-19 13:00:00;0.096401567
2025-01-19 14:00:00;0.096563552
2025-01-19 15:00:00;0.125314691
2025-01-19 16:00:00;0.14439607699999998
2025-01-19 17:00:00;0.186186424
2025-01-19 18:00:00;0.142175725
2025-01-19 19:00:00;0.11852419
2025-01-19 20:00:00;0.11141436299999999
2025-01-19 21:00:00;0.105334779
2025-01-19 22:00:00;0.109362484
2025-01-19 23:00:00;0.105416153
2025-01-20 00:00:00;0.111417044
2025-01-20 01:00:00;0.111024629
2025-01-20 02:00:00;0.10815204799999999
2025-01-20 03:00:00;0.117450903
2025-01-20 04:00:00;0.106912352
2025-01-20 05:00:00;0.15021953899999999
2025-01-20 06:00:00;0.202883906
2025-01-20 07:00:00;0.21196607
2025-01-20 08:00:00;0.227146319
2025-01-20 09:00:00;0.22110471
2025-01-20 10:00:00;0.168359444
2025-01-20 11:00:00;0.176413246
2025-01-20 12:00:00;0.12929682
2025-01-20 13:00:00;0.14397354999999998
2025-01-20 14:00:00;0.174149085
2025-01-20 15:00:00;0.18691332900000002
2025-01-20 16:00:00;0.182763903
2025-01-20 17:00:00;0.18008306200000002
2025-01-20 18:00:00;0.149214069
2025-01-20 19:00:00;0.161960205
2025-01-20 20:00:00;0.153484707
2025-01-20 21:00:00;0.13959361999999997
2025-01-20 22:00:00;0.12796169000000002
2025-01-20 23:00:00;0.13275499899999998
2025-01-21 00:00:00;0.169839712
2025-01-21 01:00:00;0.15607763800000002
2025-01-21 02:00:00;0.152574094
2025-01-21 03:00:00;0.150911372
2025-01-21 04:00:00;0.132914023
2025-01-21 05:00:00;0.14547095899999998
2025-01-21 06:00:00;0.134569501
2025-01-21 07:00:00;0.16102386999999999
2025-01-21 08:00:00;0.15520578299999999
2025-01-21 09:00:00;0.116931024
2025-01-21 10:00:00;0.110889071
2025-01-21 11:00:00;0.088568051
2025-01-21 12:00:00;0.07145581799999999
2025-01-21 13:00:00;0.069595294
2025-01-21 14:00:00;0.07090558500000001
2025-01-21 15:00:00;0.084980953
2025-01-21 16:00:00;0.103231642
2025-01-21 17:00:00;0.109524975
2025-01-21 18:00:00;0.109372154
2025-01-21 19:00:00;0.113157081
2025-01-21 20:00:00;0.100873601
2025-01-21 21:00:00;0.086703305
2025-01-21 22:00:00;0.09469305
2025-01-21 23:00:00;0.106912958
2025-01-22 00:00:00;0.13384933100000002
2025-01-22 01:00:00;0.1337338
2025-01-22 02:00:00;0.138224802
2025-01-22 03:00:00;0.13065365399999998
2025-01-22 04:00:00;0.13017989600000002
2025-01-22 05:00:00;0.147443952
2025-01-22 06:00:00;0.194821002
2025-01-22 07:00:00;0.23819446
2025-01-22 08:00:00;0.194263352
2025-01-22 09:00:00;0.16675860599999998
2025-01-22 10:00:00;0.18952873
2025-01-22 11:00:00;0.18452385799999999
2025-01-22 12:00:00;0.149024598
2025-01-22 13:00:00;0.149737509
2025-01-22 14:00:00;0.200890088
2025-01-22 15:00:00;0.212820439
2025-01-22 16:00:00;0.210833994
2025-01-22 17:00:00;0.185846084
2025-01-22 18:00:00;0.157126955
2025-01-22 19:00:00;0.120274261
2025-01-22 20:00:00;0.09308743300000001
2025-01-22 21:00:00;0.08192527
2025-01-22 22:00:00;0.08908680599999999
2025-01-22 23:00:00;0.087757244
2025-01-23 00:00:00;0.079940135
2025-01-23 01:00:00;0.063472365
2025-01-23 02:00:00;0.05538544
2025-01-23 03:00:00;0.05819844
2025-01-23 04:00:00;0.079818634
2025-01-23 05:00:00;0.090360058
2025-01-23 06:00:00;0.105917826
2025-01-23 07:00:00;0.15700988100000002
2025-01-23 08:00:00;0.13108668599999998
2025-01-23 09:00:00;0.162813924
2025-01-23 10:00:00;0.133981427
2025-01-23 11:00:00;0.110377855
2025-01-23 12:00:00;0.059551609
2025-01-23 13:00:00;0.045654915000000004
2025-01-23 14:00:00;0.034510183
2025-01-23 15:00:00;0.034343021
2025-01-23 16:00:00;0.036615059000000005
2025-01-23 17:00:00;0.056496839
2025-01-23 18:00:00;0.062430632
2025-01-23 19:00:00;0.070807683
2025-01-23 20:00:00;0.07946958
2025-01-23 21:00:00;0.057151427
2025-01-23 22:00:00;0.046482975
2025-01-23 23:00:00;0.047886243999999994
2025-01-24 00:00:00;0.030875777
2025-01-24 01:00:00;0.031799964
2025-01-24 02:00:00;0.032255071999999996
2025-01-24 03:00:00;0.049477657
2025-01-24 04:00:00;0.034929611
2025-01-24 05:00:00;0.034734569
2025-01-24 06:00:00;0.031711915
2025-01-24 07:00:00;0.051441814
2025-01-24 08:00:00;0.056950561999999996
2025-01-24 09:00:00;0.052418311
2025-01-24 10:00:00;0.044343584
2025-01-24 11:00:00;0.032756198
2025-01-24 12:00:00;0.030239795
2025-01-24 13:00:00;0.031471240000000004
2025-01-24 14:00:00;0.028696002
2025-01-24 15:00:00;0.020725999000000002
2025-01-24 16:00:00;0.019758144000000002
2025-01-24 17:00:00;0.01285608
2025-01-24 18:00:00;0.012017399
2025-01-24 19:00:00;0.012215127000000001
2025-01-24 20:00:00;0.012247552
2025-01-24 21:00:00;0.012196666
2025-01-24 22:00:00;0.015735747
2025-01-24 23:00:00;0.012609275999999999
2025-01-25 00:00:00;0.013066262
2025-01-25 01:00:00;0.016339453
2025-01-25 02:00:00;0.021123855
2025-01-25 03:00:00;0.019331775
2025-01-25 04:00:00;0.019662006000000003
2025-01-25 05:00:00;0.018518439999999997
2025-01-25 06:00:00;0.018334624
2025-01-25 07:00:00;0.02422681
2025-01-25 08:00:00;0.024308897000000003
2025-01-25 09:00:00;0.023450512
2025-01-25 10:00:00;0.022372753
2025-01-25 11:00:00;0.021069681
2025-01-25 12:00:00;0.022055994
2025-01-25 13:00:00;0.02068859
2025-01-25 14:00:00;0.022709157
2025-01-25 15:00:00;0.02952705
2025-01-25 16:00:00;0.048842332
2025-01-25 17:00:00;0.050694302999999996
2025-01-25 18:00:00;0.052112966
2025-01-25 19:00:00;0.051982872
2025-01-25 20:00:00;0.047901846
2025-01-25 21:00:00;0.040593471
2025-01-25 22:00:00;0.048995366
2025-01-25 23:00:00;0.052675172000000006
2025-01-26 00:00:00;0.112409863
2025-01-26 01:00:00;0.119089216
2025-01-26 02:00:00;0.13496463
2025-01-26 03:00:00;0.141458957
2025-01-26 04:00:00;0.150999539
2025-01-26 05:00:00;0.153624458
2025-01-26 06:00:00;0.154113846
2025-01-26 07:00:00;0.168218309
2025-01-26 08:00:00;0.12808129299999998
2025-01-26 09:00:00;0.107923533
2025-01-26 10:00:00;0.10341612
2025-01-26 11:00:00;0.094124082
2025-01-26 12:00:00;0.07922325399999999
2025-01-26 13:00:00;0.079249313
2025-01-26 14:00:00;0.077747823
2025-01-26 15:00:00;0.10409051
2025-01-26 16:00:00;0.119991011
2025-01-26 17:00:00;0.126003177
2025-01-26 18:00:00;0.12202847800000001
2025-01-26 19:00:00;0.102564911
2025-01-26 20:00:00;0.075125517
2025-01-26 21:00:00;0.055683359
2025-01-26 22:00:00;0.057550927
2025-01-26 23:00:00;0.051223695
2025-01-27 00:00:00;0.045748324
2025-01-27 01:00:00;0.039534623000000005
2025-01-27 02:00:00;0.063440987
2025-01-27 03:00:00;0.044838791999999995
2025-01-27 04:00:00;0.052932533999999996
2025-01-27 05:00:00;0.042187388
2025-01-27 06:00:00;0.023006529
2025-01-27 07:00:00;0.032962311
2025-01-27 08:00:00;0.039766761000000005
2025-01-27 09:00:00;0.046639742
2025-01-27 10:00:00;0.068017963
2025-01-27 11:00:00;0.072118491
2025-01-27 12:00:00;0.052360901
2025-01-27 13:00:00;0.046879277999999996
2025-01-27 14:00:00;0.05644081
2025-01-27 15:00:00;0.060171107999999994
2025-01-27 16:00:00;0.055437128
2025-01-27 17:00:00;0.060709603
2025-01-27 18:00:00;0.056693085000000004
2025-01-27 19:00:00;0.063402798
2025-01-27 20:00:00;0.05582967
2025-01-27 21:00:00;0.038311697000000006
2025-01-27 22:00:00;0.037435975999999996
2025-01-27 23:00:00;0.025783931
2025-01-28 00:00:00;0.031376987
2025-01-28 01:00:00;0.045710810000000004
2025-01-28 02:00:00;0.037586919999999996
2025-01-28 03:00:00;0.04018016
2025-01-28 04:00:00;0.034494704
2025-01-28 05:00:00;0.046159542000000005
2025-01-28 06:00:00;0.085263604
2025-01-28 07:00:00;0.082858746
2025-01-28 08:00:00;0.097846124
2025-01-28 09:00:00;0.107830983
2025-01-28 10:00:00;0.108524181
2025-01-28 11:00:00;0.095672356
2025-01-28 12:00:00;0.094555797
2025-01-28 13:00:00;0.101049175
2025-01-28 14:00:00;0.12746391199999998
2025-01-28 15:00:00;0.13529295400000002
2025-01-28 16:00:00;0.147195344
2025-01-28 17:00:00;0.14385055700000002
2025-01-28 18:00:00;0.13192498800000002
2025-01-28 19:00:00;0.135952371
2025-01-28 20:00:00;0.107749684
2025-01-28 21:00:00;0.120566676
2025-01-28 22:00:00;0.081968313
2025-01-28 23:00:00;0.062347493
2025-01-29 00:00:00;0.06290717800000001
2025-01-29 01:00:00;0.059826475999999996
2025-01-29 02:00:00;0.057775474
2025-01-29 03:00:00;0.057727475
2025-01-29 04:00:00;0.057680252
2025-01-29 05:00:00;0.068267237
2025-01-29 06:00:00;0.093344659
2025-01-29 07:00:00;0.13463002599999999
2025-01-29 08:00:00;0.14013277400000002
2025-01-29 09:00:00;0.136733672
2025-01-29 10:00:00;0.084633109
2025-01-29 11:00:00;0.06264445099999999
2025-01-29 12:00:00;0.07061720699999999
2025-01-29 13:00:00;0.07694144300000001
2025-01-29 14:00:00;0.080314477
2025-01-29 15:00:00;0.087574049
2025-01-29 16:00:00;0.127480209
2025-01-29 17:00:00;0.12802946199999998
2025-01-29 18:00:00;0.13732981
2025-01-29 19:00:00;0.101349369
2025-01-29 20:00:00;0.076567556
2025-01-29 21:00:00;0.045678002
2025-01-29 22:00:00;0.048615771
2025-01-29 23:00:00;0.058125855000000004
2025-01-30 00:00:00;0.041206812999999995
2025-01-30 01:00:00;0.035738355
2025-01-30 02:00:00;0.038012218
2025-01-30 03:00:00;0.028073941
2025-01-30 04:00:00;0.027085453000000002
2025-01-30 05:00:00;0.067255543
2025-01-30 06:00:00;0.063537447
2025-01-30 07:00:00;0.06908443800000001
2025-01-30 08:00:00;0.088648052
2025-01-30 09:00:00;0.084506205
2025-01-30 10:00:00;0.093909819
2025-01-30 11:00:00;0.07871542399999999
2025-01-30 12:00:00;0.08196755
2025-01-30 13:00:00;0.063651428
2025-01-30 14:00:00;0.10536177399999999
2025-01-30 15:00:00;0.128919307
2025-01-30 16:00:00;0.143992015
2025-01-30 17:00:00;0.088808048
2025-01-30 18:00:00;0.076465607
2025-01-30 19:00:00;0.072676682
2025-01-30 20:00:00;0.09428597000000001
2025-01-30 21:00:00;0.092364605
2025-01-30 22:00:00;0.073778799
2025-01-30 23:00:00;0.06801030799999999
2025-01-31 00:00:00;0.064154931
2025-01-31 01:00:00;0.097739776
2025-01-31 02:00:00;0.098219776
2025-01-31 03:00:00;0.093483683
2025-01-31 04:00:00;0.100042436
2025-01-31 05:00:00;0.10035602299999999
2025-01-31 06:00:00;0.102137816
2025-01-31 07:00:00;0.14473292499999998
2025-01-31 08:00:00;0.139029775
2025-01-31 09:00:00;0.13459025600000002
2025-01-31 10:00:00;0.104093669
2025-01-31 11:00:00;0.086039235
2025-01-31 12:00:00;0.07424282
2025-01-31 13:00:00;0.095652691
2025-01-31 14:00:00;0.132456643
2025-01-31 15:00:00;0.1426892
2025-01-31 16:00:00;0.17249194299999998
2025-01-31 17:00:00;0.164600754
2025-01-31 18:00:00;0.146648752
2025-01-31 19:00:00;0.100297005
2025-01-31 20:00:00;0.121574427
2025-01-31 21:00:00;0.09902309599999999
2025-01-31 22:00:00;0.137813914
2025-01-31 23:00:00;0.096433511
2025-02-01 00:00:00;0.097408868
2025-02-01 01:00:00;0.1007543
2025-02-01 02:00:00;0.09090838100000001
2025-02-01 03:00:00;0.163897561
2025-02-01 04:00:00;0.165918355
2025-02-01 05:00:00;0.169756056
2025-02-01 06:00:00;0.191007194
2025-02-01 07:00:00;0.202143308
2025-02-01 08:00:00;0.188387024
2025-02-01 09:00:00;0.140612945
2025-02-01 10:00:00;0.104644362
2025-02-01 11:00:00;0.140901116
2025-02-01 12:00:00;0.122493138
2025-02-01 13:00:00;0.127924533
2025-02-01 14:00:00;0.135087545
2025-02-01 15:00:00;0.187082629
2025-02-01 16:00:00;0.22246544000000001
2025-02-01 17:00:00;0.241745031
2025-02-01 18:00:00;0.195918023
2025-02-01 19:00:00;0.137216798
2025-02-01 20:00:00;0.198183967
2025-02-01 21:00:00;0.138771714
2025-02-01 22:00:00;0.123513118
2025-02-01 23:00:00;0.115619985
2025-02-02 00:00:00;0.125571457
2025-02-02 01:00:00;0.115406306
2025-02-02 02:00:00;0.10382137899999999
2025-02-02 03:00:00;0.104937308
2025-02-02 04:00:00;0.101691273
2025-02-02 05:00:00;0.106937302
2025-02-02 06:00:00;0.124936323
2025-02-02 07:00:00;0.133151894
2025-02-02 08:00:00;0.122351335
2025-02-02 09:00:00;0.125436618
2025-02-02 10:00:00;0.117020362
2025-02-02 11:00:00;0.148163311
2025-02-02 12:00:00;0.126666253
2025-02-02 13:00:00;0.12225816399999999
2025-02-02 14:00:00;0.176063308
2025-02-02 15:00:00;0.183664035
2025-02-02 16:00:00;0.21969644
2025-02-02 17:00:00;0.20145016899999998
2025-02-02 18:00:00;0.19931583800000002
2025-02-02 19:00:00;0.149339959
2025-02-02 20:00:00;0.180307249
2025-02-02 21:00:00;0.163973929
2025-02-02 22:00:00;0.16657457199999998
2025-02-02 23:00:00;0.16391654500000002
2025-02-03 00:00:00;0.158211093
2025-02-03 01:00:00;0.11842876599999999
2025-02-03 02:00:00;0.10327984999999999
2025-02-03 03:00:00;0.106848042
2025-02-03 04:00:00;0.16105772899999998
2025-02-03 05:00:00;0.170830567
2025-02-03 06:00:00;0.193241299
2025-02-03 07:00:00;0.234080072
2025-02-03 08:00:00;0.213650948
2025-02-03 09:00:00;0.258973253
2025-02-03 10:00:00;0.2228882
2025-02-03 11:00:00;0.21286828900000002
2025-02-03 12:00:00;0.206510158
2025-02-03 13:00:00;0.207025427
2025-02-03 14:00:00;0.18778700599999998
2025-02-03 15:00:00;0.18380950100000001
2025-02-03 16:00:00;0.196482602
2025-02-03 17:00:00;0.190891879
2025-02-03 18:00:00;0.14415805
2025-02-03 19:00:00;0.183168793
2025-02-03 20:00:00;0.182698112
2025-02-03 21:00:00;0.166861168
2025-02-03 22:00:00;0.137684753
2025-02-03 23:00:00;0.125049216
2025-02-04 00:00:00;0.125570841
2025-02-04 01:00:00;0.116671863
2025-02-04 02:00:00;0.106472356
2025-02-04 03:00:00;0.103353741
2025-02-04 04:00:00;0.10352682299999999
2025-02-04 05:00:00;0.106469271
2025-02-04 06:00:00;0.110991405
2025-02-04 07:00:00;0.132302324
2025-02-04 08:00:00;0.13681216599999999
2025-02-04 09:00:00;0.11717029
2025-02-04 10:00:00;0.119409795
2025-02-04 11:00:00;0.10759780499999999
2025-02-04 12:00:00;0.096663534
2025-02-04 13:00:00;0.096447649
2025-02-04 14:00:00;0.111445217
2025-02-04 15:00:00;0.09854099499999999
2025-02-04 16:00:00;0.108246228
2025-02-04 17:00:00;0.115032889
2025-02-04 18:00:00;0.111140797
2025-02-04 19:00:00;0.105667281
2025-02-04 20:00:00;0.09723096099999999
2025-02-04 21:00:00;0.08583655500000001
2025-02-04 22:00:00;0.079050252
2025-02-04 23:00:00;0.068219522
2025-02-05 00:00:00;0.03815997
2025-02-05 01:00:00;0.026515085
2025-02-05 02:00:00;0.025679177
2025-02-05 03:00:00;0.026884731
2025-02-05 04:00:00;0.027647445
2025-02-05 05:00:00;0.034552411
2025-02-05 06:00:00;0.036864401
2025-02-05 07:00:00;0.057197533
2025-02-05 08:00:00;0.06816955699999999
2025-02-05 09:00:00;0.07526599299999999
2025-02-05 10:00:00;0.08722917499999999
2025-02-05 11:00:00;0.051705925
2025-02-05 12:00:00;0.046023562
2025-02-05 13:00:00;0.045702126999999995
2025-02-05 14:00:00;0.078296785
2025-02-05 15:00:00;0.050584233
2025-02-05 16:00:00;0.085715899
2025-02-05 17:00:00;0.101789776
2025-02-05 18:00:00;0.081400812
2025-02-05 19:00:00;0.11008821299999999
2025-02-05 20:00:00;0.097768544
2025-02-05 21:00:00;0.140305962
2025-02-05 22:00:00;0.142540785
2025-02-05 23:00:00;0.151209978
2025-02-06 00:00:00;0.141457536
2025-02-06 01:00:00;0.139985925
2025-02-06 02:00:00;0.13848576199999998
2025-02-06 03:00:00;0.145664329
2025-02-06 04:00:00;0.147729312
2025-02-06 05:00:00;0.148257157
2025-02-06 06:00:00;0.159250459
2025-02-06 07:00:00;0.18364103299999998
2025-02-06 08:00:00;0.169525507
2025-02-06 09:00:00;0.15763779
2025-02-06 10:00:00;0.14551164800000002
2025-02-06 11:00:00;0.13443295900000002
2025-02-06 12:00:00;0.134598525
2025-02-06 13:00:00;0.140742654
2025-02-06 14:00:00;0.14272966299999998
2025-02-06 15:00:00;0.153309101
2025-02-06 16:00:00;0.162935867
2025-02-06 17:00:00;0.161697335
2025-02-06 18:00:00;0.120011123
2025-02-06 19:00:00;0.121068877
2025-02-06 20:00:00;0.121502064
2025-02-06 21:00:00;0.118948191
2025-02-06 22:00:00;0.11722668
2025-02-06 23:00:00;0.116813342
2025-02-07 00:00:00;0.120304534
2025-02-07 01:00:00;0.11374896
2025-02-07 02:00:00;0.116507143
2025-02-07 03:00:00;0.10391255599999999
2025-02-07 04:00:00;0.102955863
2025-02-07 05:00:00;0.104697599
2025-02-07 06:00:00;0.088051487
2025-02-07 07:00:00;0.135610317
2025-02-07 08:00:00;0.119322317
2025-02-07 09:00:00;0.12729849299999998
2025-02-07 10:00:00;0.138338665
2025-02-07 11:00:00;0.099874318
2025-02-07 12:00:00;0.087845495
2025-02-07 13:00:00;0.07616088600000001
2025-02-07 14:00:00;0.075918618
2025-02-07 15:00:00;0.090242173
2025-02-07 16:00:00;0.113801766
2025-02-07 17:00:00;0.122802832
2025-02-07 18:00:00;0.122246767
2025-02-07 19:00:00;0.093264384
2025-02-07 20:00:00;0.090620284
2025-02-07 21:00:00;0.093044788
2025-02-07 22:00:00;0.09757178999999999
2025-02-07 23:00:00;0.08158702300000001
2025-02-08 00:00:00;0.057805874
2025-02-08 01:00:00;0.04776211700000001
2025-02-08 02:00:00;0.034813491
2025-02-08 03:00:00;0.040680371
2025-02-08 04:00:00;0.033959989
2025-02-08 05:00:00;0.039278211
2025-02-08 06:00:00;0.034666147
2025-02-08 07:00:00;0.037876457
2025-02-08 08:00:00;0.075225349
2025-02-08 09:00:00;0.066430438
2025-02-08 10:00:00;0.056642012
2025-02-08 11:00:00;0.059185777
2025-02-08 12:00:00;0.051600073
2025-02-08 13:00:00;0.053741878
2025-02-08 14:00:00;0.044843461
2025-02-08 15:00:00;0.04088003
2025-02-08 16:00:00;0.103631527
2025-02-08 17:00:00;0.120590693
2025-02-08 18:00:00;0.12073931
2025-02-08 19:00:00;0.120467362
2025-02-08 20:00:00;0.129574426
2025-02-08 21:00:00;0.133556116
2025-02-08 22:00:00;0.105810806
2025-02-08 23:00:00;0.082837196
2025-02-09 00:00:00;0.098439789
2025-02-09 01:00:00;0.09226433
2025-02-09 02:00:00;0.090290003
2025-02-09 03:00:00;0.08639756300000001
2025-02-09 04:00:00;0.13466281
2025-02-09 05:00:00;0.151432558
2025-02-09 06:00:00;0.148847029
2025-02-09 07:00:00;0.145505615
2025-02-09 08:00:00;0.147363176
2025-02-09 09:00:00;0.09058488099999999
2025-02-09 10:00:00;0.073773222
2025-02-09 11:00:00;0.069256616
2025-02-09 12:00:00;0.10780832700000001
2025-02-09 13:00:00;0.094163577
2025-02-09 14:00:00;0.111934685
2025-02-09 15:00:00;0.115027363
2025-02-09 16:00:00;0.08807297800000001
2025-02-09 17:00:00;0.097418202
2025-02-09 18:00:00;0.094988669
2025-02-09 19:00:00;0.073269473
2025-02-09 20:00:00;0.050390898999999996
2025-02-09 21:00:00;0.035584279
2025-02-09 22:00:00;0.035047117999999995
2025-02-09 23:00:00;0.03456304
2025-02-10 00:00:00;0.033956581
2025-02-10 01:00:00;0.032355949
2025-02-10 02:00:00;0.032125292
2025-02-10 03:00:00;0.032430303
2025-02-10 04:00:00;0.032821705
2025-02-10 05:00:00;0.03902673
2025-02-10 06:00:00;0.060770741
2025-02-10 07:00:00;0.06954131599999999
2025-02-10 08:00:00;0.071071687
2025-02-10 09:00:00;0.06729980299999999
2025-02-10 10:00:00;0.057325678000000005
2025-02-10 11:00:00;0.055388586
2025-02-10 12:00:00;0.047108409000000004
2025-02-10 13:00:00;0.050809518
2025-02-10 14:00:00;0.049302123999999996
2025-02-10 15:00:00;0.044472422000000005
2025-02-10 16:00:00;0.054892766
2025-02-10 17:00:00;0.053572665
2025-02-10 18:00:00;0.057542698
2025-02-10 19:00:00;0.051306427
2025-02-10 20:00:00;0.031809662
2025-02-10 21:00:00;0.034419652
2025-02-10 22:00:00;0.040605681
2025-02-10 23:00:00;0.044618952999999996
2025-02-11 00:00:00;0.041867266
2025-02-11 01:00:00;0.04957938
2025-02-11 02:00:00;0.041685197
2025-02-11 03:00:00;0.06305825200000001
2025-02-11 04:00:00;0.054803885999999996
2025-02-11 05:00:00;0.051083822
2025-02-11 06:00:00;0.062899257
2025-02-11 07:00:00;0.072708207
2025-02-11 08:00:00;0.069646182
2025-02-11 09:00:00;0.066077805
2025-02-11 10:00:00;0.045242484
2025-02-11 11:00:00;0.039590656
2025-02-11 12:00:00;0.038056203
2025-02-11 13:00:00;0.039290327
2025-02-11 14:00:00;0.047318547
2025-02-11 15:00:00;0.054567543999999996
2025-02-11 16:00:00;0.079382378
2025-02-11 17:00:00;0.075282158
2025-02-11 18:00:00;0.092814302
2025-02-11 19:00:00;0.066007289
2025-02-11 20:00:00;0.063990943
2025-02-11 21:00:00;0.058405576
2025-02-11 22:00:00;0.046872944
2025-02-11 23:00:00;0.050888803
2025-02-12 00:00:00;0.048217321
2025-02-12 01:00:00;0.039580242
2025-02-12 02:00:00;0.032058647999999995
2025-02-12 03:00:00;0.03230813
2025-02-12 04:00:00;0.041902019000000006
2025-02-12 05:00:00;0.048012727
2025-02-12 06:00:00;0.07165569399999999
2025-02-12 07:00:00;0.083688762
2025-02-12 08:00:00;0.090685736
2025-02-12 09:00:00;0.119518508
2025-02-12 10:00:00;0.09397356899999999
2025-02-12 11:00:00;0.07419379499999999
2025-02-12 12:00:00;0.065733482
2025-02-12 13:00:00;0.087235858
2025-02-12 14:00:00;0.094707452
2025-02-12 15:00:00;0.10335565599999999
2025-02-12 16:00:00;0.106982595
2025-02-12 17:00:00;0.121733084
2025-02-12 18:00:00;0.117228662
2025-02-12 19:00:00;0.124658816
2025-02-12 20:00:00;0.117036159
2025-02-12 21:00:00;0.113008127
2025-02-12 22:00:00;0.098603615
2025-02-12 23:00:00;0.15175038000000002
2025-02-13 00:00:00;0.143692838
2025-02-13 01:00:00;0.152402046
2025-02-13 02:00:00;0.15126253399999998
2025-02-13 03:00:00;0.139266953
2025-02-13 04:00:00;0.132851586
2025-02-13 05:00:00;0.13605526599999998
2025-02-13 06:00:00;0.170452326
2025-02-13 07:00:00;0.192427722
2025-02-13 08:00:00;0.198903247
2025-02-13 09:00:00;0.20531739200000002
2025-02-13 10:00:00;0.196130124
2025-02-13 11:00:00;0.1905836
2025-02-13 12:00:00;0.16495358
2025-02-13 13:00:00;0.15634205399999998
2025-02-13 14:00:00;0.15909937999999998
2025-02-13 15:00:00;0.17427419
2025-02-13 16:00:00;0.18911930100000002
2025-02-13 17:00:00;0.186536249
2025-02-13 18:00:00;0.185704343
2025-02-13 19:00:00;0.184946432
2025-02-13 20:00:00;0.160446534
2025-02-13 21:00:00;0.160600717
2025-02-13 22:00:00;0.16069602
2025-02-13 23:00:00;0.156801107
2025-02-14 00:00:00;0.150811016
2025-02-14 01:00:00;0.167969605
2025-02-14 02:00:00;0.171643863
2025-02-14 03:00:00;0.1723089
2025-02-14 04:00:00;0.15760495900000002
2025-02-14 05:00:00;0.156612353
2025-02-14 06:00:00;0.19195927599999998
2025-02-14 07:00:00;0.22850747899999999
2025-02-14 08:00:00;0.23966746
2025-02-14 09:00:00;0.181725366
2025-02-14 10:00:00;0.163592504
2025-02-14 11:00:00;0.192432672
2025-02-14 12:00:00;0.198602272
2025-02-14 13:00:00;0.15205259599999998
2025-02-14 14:00:00;0.14343509499999998
2025-02-14 15:00:00;0.161515799
2025-02-14 16:00:00;0.16855184399999998
2025-02-14 17:00:00;0.201942097
2025-02-14 18:00:00;0.20691865999999998
2025-02-14 19:00:00;0.20308828099999998
2025-02-14 20:00:00;0.17580971199999998
2025-02-14 21:00:00;0.209091617
2025-02-14 22:00:00;0.14716037499999998
2025-02-14 23:00:00;0.138146112
2025-02-15 00:00:00;0.182955757
2025-02-15 01:00:00;0.179877002
2025-02-15 02:00:00;0.17112317500000002
2025-02-15 03:00:00;0.169209001
2025-02-15 04:00:00;0.17597058200000001
2025-02-15 05:00:00;0.178116463
2025-02-15 06:00:00;0.16255565000000002
2025-02-15 07:00:00;0.168277224
2025-02-15 08:00:00;0.15116914
2025-02-15 09:00:00;0.134522893
2025-02-15 10:00:00;0.083178246
2025-02-15 11:00:00;0.07332701900000001
2025-02-15 12:00:00;0.103828214
2025-02-15 13:00:00;0.142498088
2025-02-15 14:00:00;0.138078653
2025-02-15 15:00:00;0.13942722000000002
2025-02-15 16:00:00;0.120454168
2025-02-15 17:00:00;0.123032394
2025-02-15 18:00:00;0.103578986
2025-02-15 19:00:00;0.086666819
2025-02-15 20:00:00;0.07004429799999999
2025-02-15 21:00:00;0.065592349
2025-02-15 22:00:00;0.064488778
2025-02-15 23:00:00;0.06145133
2025-02-16 00:00:00;0.065640045
2025-02-16 01:00:00;0.074706944
2025-02-16 02:00:00;0.074492822
2025-02-16 03:00:00;0.07856018000000001
2025-02-16 04:00:00;0.079247235
2025-02-16 05:00:00;0.084977031
2025-02-16 06:00:00;0.086879948
2025-02-16 07:00:00;0.100162593
2025-02-16 08:00:00;0.12033249
2025-02-16 09:00:00;0.17934929
2025-02-16 10:00:00;0.173365011
2025-02-16 11:00:00;0.16047872000000002
2025-02-16 12:00:00;0.15190836200000002
2025-02-16 13:00:00;0.142630965
2025-02-16 14:00:00;0.150293513
2025-02-16 15:00:00;0.174312149
2025-02-16 16:00:00;0.219188097
2025-02-16 17:00:00;0.223761248
2025-02-16 18:00:00;0.22575427199999998
2025-02-16 19:00:00;0.210077768
2025-02-16 20:00:00;0.159386172
2025-02-16 21:00:00;0.136456221
2025-02-16 22:00:00;0.167478468
2025-02-16 23:00:00;0.173263654
2025-02-17 00:00:00;0.176591421
2025-02-17 01:00:00;0.12229768799999999
2025-02-17 02:00:00;0.107068761
2025-02-17 03:00:00;0.169052936
2025-02-17 04:00:00;0.167229722
2025-02-17 05:00:00;0.15604995400000002
2025-02-17 06:00:00;0.139806251
2025-02-17 07:00:00;0.151071195
2025-02-17 08:00:00;0.14621252699999998
2025-02-17 09:00:00;0.139290931
2025-02-17 10:00:00;0.116862625
2025-02-17 11:00:00;0.113723718
2025-02-17 12:00:00;0.11015356300000001
2025-02-17 13:00:00;0.087276945
2025-02-17 14:00:00;0.14097031799999998
2025-02-17 15:00:00;0.162320202
2025-02-17 16:00:00;0.171597648
2025-02-17 17:00:00;0.19345866
2025-02-17 18:00:00;0.187005044
2025-02-17 19:00:00;0.15957101
2025-02-17 20:00:00;0.150882468
2025-02-17 21:00:00;0.160012693
2025-02-17 22:00:00;0.150149284
2025-02-17 23:00:00;0.12923614
2025-02-18 00:00:00;0.134910738
2025-02-18 01:00:00;0.123198209
2025-02-18 02:00:00;0.117302667
2025-02-18 03:00:00;0.172205096
2025-02-18 04:00:00;0.169120047
2025-02-18 05:00:00;0.17262576000000002
2025-02-18 06:00:00;0.19870891499999999
2025-02-18 07:00:00;0.21162935100000002
2025-02-18 08:00:00;0.18931046399999998
2025-02-18 09:00:00;0.186585027
2025-02-18 10:00:00;0.155019145
2025-02-18 11:00:00;0.088965213
2025-02-18 12:00:00;0.12120380900000001
2025-02-18 13:00:00;0.086358394
2025-02-18 14:00:00;0.113697596
2025-02-18 15:00:00;0.133017272
2025-02-18 16:00:00;0.184532877
2025-02-18 17:00:00;0.201852112
2025-02-18 18:00:00;0.206812915
2025-02-18 19:00:00;0.19191040799999998
2025-02-18 20:00:00;0.17520809399999998
2025-02-18 21:00:00;0.162133531
2025-02-18 22:00:00;0.147744384
2025-02-18 23:00:00;0.12458267499999999
2025-02-19 00:00:00;0.09620684900000001
2025-02-19 01:00:00;0.069202505
2025-02-19 02:00:00;0.111321795
2025-02-19 03:00:00;0.115094555
2025-02-19 04:00:00;0.114713137
2025-02-19 05:00:00;0.126931725
2025-02-19 06:00:00;0.134956371
2025-02-19 07:00:00;0.168311524
2025-02-19 08:00:00;0.17059909099999998
2025-02-19 09:00:00;0.12904991200000002
2025-02-19 10:00:00;0.106241874
2025-02-19 11:00:00;0.080528583
2025-02-19 12:00:00;0.06662865999999999
2025-02-19 13:00:00;0.053349333
2025-02-19 14:00:00;0.064447394
2025-02-19 15:00:00;0.052047605
2025-02-19 16:00:00;0.091670449
2025-02-19 17:00:00;0.108195656
2025-02-19 18:00:00;0.09708856
2025-02-19 19:00:00;0.09237242999999999
2025-02-19 20:00:00;0.078503741
2025-02-19 21:00:00;0.07393725000000001
2025-02-19 22:00:00;0.067226782
2025-02-19 23:00:00;0.06511165699999999
2025-02-20 00:00:00;0.056671974
2025-02-20 01:00:00;0.047798805
2025-02-20 02:00:00;0.048441329000000005
2025-02-20 03:00:00;0.049483514
2025-02-20 04:00:00;0.042740163000000005
2025-02-20 05:00:00;0.049250841999999996
2025-02-20 06:00:00;0.056578494
2025-02-20 07:00:00;0.071307262
2025-02-20 08:00:00;0.075180076
2025-02-20 09:00:00;0.054484494
2025-02-20 10:00:00;0.025265423
2025-02-20 11:00:00;0.030084938999999998
2025-02-20 12:00:00;0.019754413
2025-02-20 13:00:00;0.025374165
2025-02-20 14:00:00;0.024626625
2025-02-20 15:00:00;0.025457705
2025-02-20 16:00:00;0.030228627
2025-02-20 17:00:00;0.029219232
2025-02-20 18:00:00;0.022007085
2025-02-20 19:00:00;0.020193985
2025-02-20 20:00:00;0.020217848
2025-02-20 21:00:00;0.019241579999999998
2025-02-20 22:00:00;0.018951779999999998
2025-02-20 23:00:00;0.027607433
2025-02-21 00:00:00;0.028967023
2025-02-21 01:00:00;0.028479304
2025-02-21 02:00:00;0.026763625000000003
2025-02-21 03:00:00;0.025232849999999998
2025-02-21 04:00:00;0.037804484
2025-02-21 05:00:00;0.055453538999999996
2025-02-21 06:00:00;0.06764261
2025-02-21 07:00:00;0.070447082
2025-02-21 08:00:00;0.083316074
2025-02-21 09:00:00;0.066787959
2025-02-21 10:00:00;0.07602802
2025-02-21 11:00:00;0.053442671
2025-02-21 12:00:00;0.046241791
2025-02-21 13:00:00;0.051566488
2025-02-21 14:00:00;0.036509619
2025-02-21 15:00:00;0.029672280000000002
2025-02-21 16:00:00;0.029662085999999997
2025-02-21 17:00:00;0.027127371
2025-02-21 18:00:00;0.025004501000000002
2025-02-21 19:00:00;0.020367167
2025-02-21 20:00:00;0.021635840000000003
2025-02-21 21:00:00;0.021438476999999997
2025-02-21 22:00:00;0.022986865000000002
2025-02-21 23:00:00;0.024206371
2025-02-22 00:00:00;0.026974671000000002
2025-02-22 01:00:00;0.024347525000000002
2025-02-22 02:00:00;0.026273794
2025-02-22 03:00:00;0.026879072
2025-02-22 04:00:00;0.028967175999999997
2025-02-22 05:00:00;0.028458622
2025-02-22 06:00:00;0.029618677000000003
2025-02-22 07:00:00;0.031758394
2025-02-22 08:00:00;0.039317596999999996
2025-02-22 09:00:00;0.036176424
2025-02-22 10:00:00;0.025908814
2025-02-22 11:00:00;0.025232742
2025-02-22 12:00:00;0.023723477
2025-02-22 13:00:00;0.022570829
2025-02-22 14:00:00;0.021879206
2025-02-22 15:00:00;0.029306934
2025-02-22 16:00:00;0.033603858
2025-02-22 17:00:00;0.051732827999999995
2025-02-22 18:00:00;0.063198793
2025-02-22 19:00:00;0.057727707
2025-02-22 20:00:00;0.065475795
2025-02-22 21:00:00;0.060499273
2025-02-22 22:00:00;0.046580072
2025-02-22 23:00:00;0.03301067
2025-02-23 00:00:00;0.031387346999999996
2025-02-23 01:00:00;0.032011621
2025-02-23 02:00:00;0.033854168999999996
2025-02-23 03:00:00;0.069008806
2025-02-23 04:00:00;0.058199901
2025-02-23 05:00:00;0.051889981
2025-02-23 06:00:00;0.057314695
2025-02-23 07:00:00;0.052023522
2025-02-23 08:00:00;0.053393037
2025-02-23 09:00:00;0.045207719
2025-02-23 10:00:00;0.040927610999999996
2025-02-23 11:00:00;0.028843535
2025-02-23 12:00:00;0.041862655
2025-02-23 13:00:00;0.056541034000000004
2025-02-23 14:00:00;0.054489592
2025-02-23 15:00:00;0.019866358
2025-02-23 16:00:00;0.02229238
2025-02-23 17:00:00;0.02420659
2025-02-23 18:00:00;0.023338308000000002
2025-02-23 19:00:00;0.021305644999999998
2025-02-23 20:00:00;0.021109012
2025-02-23 21:00:00;0.015961358000000002
2025-02-23 22:00:00;0.014911657
2025-02-23 23:00:00;0.015445371
2025-02-24 00:00:00;0.018408345
2025-02-24 01:00:00;0.015652938
2025-02-24 02:00:00;0.016277166000000003
2025-02-24 03:00:00;0.016183516999999998
2025-02-24 04:00:00;0.016366757
2025-02-24 05:00:00;0.018339984
2025-02-24 06:00:00;0.027558897000000002
2025-02-24 07:00:00;0.044505752
2025-02-24 08:00:00;0.035896211000000004
2025-02-24 09:00:00;0.026029866999999998
2025-02-24 10:00:00;0.036415546
2025-02-24 11:00:00;0.040404224999999995
2025-02-24 12:00:00;0.035913908999999994
2025-02-24 13:00:00;0.029451003
2025-02-24 14:00:00;0.022855042000000002
2025-02-24 15:00:00;0.021316709
2025-02-24 16:00:00;0.025444718999999998
2025-02-24 17:00:00;0.023906876
2025-02-24 18:00:00;0.029086433
2025-02-24 19:00:00;0.026918407
2025-02-24 20:00:00;0.039853385000000005
2025-02-24 21:00:00;0.03818416
2025-02-24 22:00:00;0.051768919
2025-02-24 23:00:00;0.055251345
2025-02-25 00:00:00;0.047245144
2025-02-25 01:00:00;0.044424392
2025-02-25 02:00:00;0.037103947
2025-02-25 03:00:00;0.038688013
2025-02-25 04:00:00;0.058576357
2025-02-25 05:00:00;0.08489747
2025-02-25 06:00:00;0.119229169
2025-02-25 07:00:00;0.109457834
2025-02-25 08:00:00;0.103089738
2025-02-25 09:00:00;0.10897348999999999
2025-02-25 10:00:00;0.096477723
2025-02-25 11:00:00;0.075424689
2025-02-25 12:00:00;0.074655266
2025-02-25 13:00:00;0.075530902
2025-02-25 14:00:00;0.084471197
2025-02-25 15:00:00;0.093762623
2025-02-25 16:00:00;0.10245753
2025-02-25 17:00:00;0.114277798
2025-02-25 18:00:00;0.13391578
2025-02-25 19:00:00;0.133126516
2025-02-25 20:00:00;0.129285751
2025-02-25 21:00:00;0.149750677
2025-02-25 22:00:00;0.160397176
2025-02-25 23:00:00;0.141839393
2025-02-26 00:00:00;0.180660378
2025-02-26 01:00:00;0.175615342
2025-02-26 02:00:00;0.18009072599999998
2025-02-26 03:00:00;0.176109051
2025-02-26 04:00:00;0.16711209800000001
2025-02-26 05:00:00;0.175248703
2025-02-26 06:00:00;0.150652659
2025-02-26 07:00:00;0.163268069
2025-02-26 08:00:00;0.168097419
2025-02-26 09:00:00;0.153098261
2025-02-26 10:00:00;0.175362142
2025-02-26 11:00:00;0.16080762999999998
2025-02-26 12:00:00;0.152942928
2025-02-26 13:00:00;0.151522209
2025-02-26 14:00:00;0.14962191000000002
2025-02-26 15:00:00;0.154435578
2025-02-26 16:00:00;0.169400676
2025-02-26 17:00:00;0.156180407
2025-02-26 18:00:00;0.180925703
2025-02-26 19:00:00;0.172029289
2025-02-26 20:00:00;0.155025331
2025-02-26 21:00:00;0.150225636
2025-02-26 22:00:00;0.09732964200000001
2025-02-26 23:00:00;0.099383128
2025-02-27 00:00:00;0.08940667299999999
2025-02-27 01:00:00;0.095395541
2025-02-27 02:00:00;0.158214901
2025-02-27 03:00:00;0.14402378999999998
2025-02-27 04:00:00;0.16322409400000001
2025-02-27 05:00:00;0.170431824
2025-02-27 06:00:00;0.167460511
2025-02-27 07:00:00;0.186303772
2025-02-27 08:00:00;0.146390356
2025-02-27 09:00:00;0.179607846
2025-02-27 10:00:00;0.15037375700000002
2025-02-27 11:00:00;0.164785685
2025-02-27 12:00:00;0.153800591
2025-02-27 13:00:00;0.134550434
2025-02-27 14:00:00;0.1563251
2025-02-27 15:00:00;0.166166855
2025-02-27 16:00:00;0.17664236
2025-02-27 17:00:00;0.19438371599999998
2025-02-27 18:00:00;0.19103723
2025-02-27 19:00:00;0.194571956
2025-02-27 20:00:00;0.18786480900000002
2025-02-27 21:00:00;0.18923493
2025-02-27 22:00:00;0.186081788
2025-02-27 23:00:00;0.161720461
2025-02-28 00:00:00;0.156920973
2025-02-28 01:00:00;0.126876754
2025-02-28 02:00:00;0.14713476
2025-02-28 03:00:00;0.15413997399999999
2025-02-28 04:00:00;0.179517176
2025-02-28 05:00:00;0.186253309
2025-02-28 06:00:00;0.180907609
2025-02-28 07:00:00;0.196157611
2025-02-28 08:00:00;0.166975118
2025-02-28 09:00:00;0.161367596
2025-02-28 10:00:00;0.163977115
2025-02-28 11:00:00;0.154443967
2025-02-28 12:00:00;0.134938048
2025-02-28 13:00:00;0.08823176599999999
2025-02-28 14:00:00;0.07819269300000001
2025-02-28 15:00:00;0.110960873
2025-02-28 16:00:00;0.165129031
2025-02-28 17:00:00;0.202033898
2025-02-28 18:00:00;0.189172698
2025-02-28 19:00:00;0.19575008800000002
2025-02-28 20:00:00;0.181626236
2025-02-28 21:00:00;0.19951532
2025-02-28 22:00:00;0.206167881
2025-02-28 23:00:00;0.186207905
2025-03-01 00:00:00;0.18558746099999998
2025-03-01 01:00:00;0.186940092
2025-03-01 02:00:00;0.167664951
2025-03-01 03:00:00;0.17368239800000002
2025-03-01 04:00:00;0.175362825
2025-03-01 05:00:00;0.178043801
2025-03-01 06:00:00;0.147692936
2025-03-01 07:00:00;0.16088958299999997
2025-03-01 08:00:00;0.166340481
2025-03-01 09:00:00;0.151060487
2025-03-01 10:00:00;0.137237064
2025-03-01 11:00:00;0.129393347
2025-03-01 12:00:00;0.11119986400000001
2025-03-01 13:00:00;0.053282047
2025-03-01 14:00:00;0.045095723
2025-03-01 15:00:00;0.07866922200000001
2025-03-01 16:00:00;0.101747833
2025-03-01 17:00:00;0.061464529
2025-03-01 18:00:00;0.10692904
2025-03-01 19:00:00;0.111715938
2025-03-01 20:00:00;0.09232565599999999
2025-03-01 21:00:00;0.052250804000000005
2025-03-01 22:00:00;0.049239477999999996
2025-03-01 23:00:00;0.048545571
2025-03-02 00:00:00;0.04775499
2025-03-02 01:00:00;0.048566422000000005
2025-03-02 02:00:00;0.05014167
2025-03-02 03:00:00;0.046790073
2025-03-02 04:00:00;0.026032160000000002
2025-03-02 05:00:00;0.027760158
2025-03-02 06:00:00;0.042816763
2025-03-02 07:00:00;0.040302242
2025-03-02 08:00:00;0.026324488
2025-03-02 09:00:00;0.020311353
2025-03-02 10:00:00;0.014257751
2025-03-02 11:00:00;0.013431872999999999
2025-03-02 12:00:00;0.021711766
2025-03-02 13:00:00;0.062054087
2025-03-02 14:00:00;0.014192736
2025-03-02 15:00:00;0.015491759999999999
2025-03-02 16:00:00;0.019291317
2025-03-02 17:00:00;0.022513506
2025-03-02 18:00:00;0.035223861
2025-03-02 19:00:00;0.031987661
2025-03-02 20:00:00;0.022257175
2025-03-02 21:00:00;0.01835783
2025-03-02 22:00:00;0.017428069
2025-03-02 23:00:00;0.017426721
2025-03-03 00:00:00;0.017574551
2025-03-03 01:00:00;0.017997779000000002
2025-03-03 02:00:00;0.018714584
2025-03-03 03:00:00;0.018941894
2025-03-03 04:00:00;0.018002432999999998
2025-03-03 05:00:00;0.017765649
2025-03-03 06:00:00;0.017842622
2025-03-03 07:00:00;0.018940540999999998
2025-03-03 08:00:00;0.025606432999999998
2025-03-03 09:00:00;0.021117854000000002
2025-03-03 10:00:00;0.016232751
2025-03-03 11:00:00;0.013894152
2025-03-03 12:00:00;0.015383588
2025-03-03 13:00:00;0.01635046
2025-03-03 14:00:00;0.012982932999999999
2025-03-03 15:00:00;0.018831063000000002
2025-03-03 16:00:00;0.025673162000000003
2025-03-03 17:00:00;0.045501665000000004
2025-03-03 18:00:00;0.043407926000000006
2025-03-03 19:00:00;0.04457331
2025-03-03 20:00:00;0.043275572
2025-03-03 21:00:00;0.04199987
2025-03-03 22:00:00;0.038078933999999995
2025-03-03 23:00:00;0.019529981
2025-03-04 00:00:00;0.018963415
2025-03-04 01:00:00;0.020857561
2025-03-04 02:00:00;0.025922415
2025-03-04 03:00:00;0.019397427000000002
2025-03-04 04:00:00;0.018613503
2025-03-04 05:00:00;0.025941265999999998
2025-03-04 06:00:00;0.021633796
2025-03-04 07:00:00;0.041649104
2025-03-04 08:00:00;0.038131568000000005
2025-03-04 09:00:00;0.024984125
2025-03-04 10:00:00;0.017776759
2025-03-04 11:00:00;0.015731087
2025-03-04 12:00:00;0.013849394999999999
2025-03-04 13:00:00;0.013952599
2025-03-04 14:00:00;0.012624090000000001
2025-03-04 15:00:00;0.017127541
2025-03-04 16:00:00;0.019887342
2025-03-04 17:00:00;0.030502275000000002
2025-03-04 18:00:00;0.028615682
2025-03-04 19:00:00;0.017471996
2025-03-04 20:00:00;0.01632414
2025-03-04 21:00:00;0.013429292
2025-03-04 22:00:00;0.012577023
2025-03-04 23:00:00;0.012990659000000002
2025-03-05 00:00:00;0.01403319
2025-03-05 01:00:00;0.013402431999999999
2025-03-05 02:00:00;0.014046991
2025-03-05 03:00:00;0.014257788
2025-03-05 04:00:00;0.014094428
2025-03-05 05:00:00;0.014284066
2025-03-05 06:00:00;0.013294228
2025-03-05 07:00:00;0.014018062000000001
2025-03-05 08:00:00;0.020973095
2025-03-05 09:00:00;0.013371095999999999
2025-03-05 10:00:00;0.03164973
2025-03-05 11:00:00;0.074373212
2025-03-05 12:00:00;0.06866201100000001
2025-03-05 13:00:00;0.056661426
2025-03-05 14:00:00;0.024004504
2025-03-05 15:00:00;0.014082749
2025-03-05 16:00:00;0.013738276
2025-03-05 17:00:00;0.018095021
2025-03-05 18:00:00;0.017955506
2025-03-05 19:00:00;0.016914377
2025-03-05 20:00:00;0.016678672
2025-03-05 21:00:00;0.016564153
2025-03-05 22:00:00;0.016782270000000002
2025-03-05 23:00:00;0.017596544000000002
2025-03-06 00:00:00;0.022957842
2025-03-06 01:00:00;0.018637558999999998
2025-03-06 02:00:00;0.018581946
2025-03-06 03:00:00;0.018953986
2025-03-06 04:00:00;0.021058281999999998
2025-03-06 05:00:00;0.026680981
2025-03-06 06:00:00;0.041725530999999996
2025-03-06 07:00:00;0.043022067
2025-03-06 08:00:00;0.040407227
2025-03-06 09:00:00;0.026833485
2025-03-06 10:00:00;0.018346825
2025-03-06 11:00:00;0.021445238
2025-03-06 12:00:00;0.063577592
2025-03-06 13:00:00;0.062885893
2025-03-06 14:00:00;0.016164598000000002
2025-03-06 15:00:00;0.021529437999999998
2025-03-06 16:00:00;0.049975834999999996
2025-03-06 17:00:00;0.08409230300000001
2025-03-06 18:00:00;0.091495695
2025-03-06 19:00:00;0.090329675
2025-03-06 20:00:00;0.08867185000000001
2025-03-06 21:00:00;0.096988659
2025-03-06 22:00:00;0.036765462
2025-03-06 23:00:00;0.031698782
2025-03-07 00:00:00;0.034308950000000005
2025-03-07 01:00:00;0.049762618
2025-03-07 02:00:00;0.05388796
2025-03-07 03:00:00;0.074825613
2025-03-07 04:00:00;0.065372871
2025-03-07 05:00:00;0.068440423
2025-03-07 06:00:00;0.087567665
2025-03-07 07:00:00;0.092032826
2025-03-07 08:00:00;0.061652873
2025-03-07 09:00:00;0.056420526000000006
2025-03-07 10:00:00;0.035234666
2025-03-07 11:00:00;0.02944392
2025-03-07 12:00:00;0.041966161
2025-03-07 13:00:00;0.036267654
2025-03-07 14:00:00;0.046889389000000004
2025-03-07 15:00:00;0.081423209
2025-03-07 16:00:00;0.13767232999999998
2025-03-07 17:00:00;0.154903445
2025-03-07 18:00:00;0.15669697500000002
2025-03-07 19:00:00;0.133144711
2025-03-07 20:00:00;0.138140558
2025-03-07 21:00:00;0.13326438999999998
2025-03-07 22:00:00;0.176401777
2025-03-07 23:00:00;0.170207258
2025-03-08 00:00:00;0.17287545499999998
2025-03-08 01:00:00;0.164057357
2025-03-08 02:00:00;0.16250252599999998
2025-03-08 03:00:00;0.16801577499999998
2025-03-08 04:00:00;0.16922746900000002
2025-03-08 05:00:00;0.17893928399999998
2025-03-08 06:00:00;0.169743754
2025-03-08 07:00:00;0.14259270599999999
2025-03-08 08:00:00;0.052394396999999995
2025-03-08 09:00:00;0.046303957
2025-03-08 10:00:00;0.088074288
2025-03-08 11:00:00;0.09081138799999999
2025-03-08 12:00:00;0.093224337
2025-03-08 13:00:00;0.077903992
2025-03-08 14:00:00;0.102435336
2025-03-08 15:00:00;0.088778147
2025-03-08 16:00:00;0.11277612499999999
2025-03-08 17:00:00;0.172169875
2025-03-08 18:00:00;0.165688293
2025-03-08 19:00:00;0.126155551
2025-03-08 20:00:00;0.124032785
2025-03-08 21:00:00;0.099742092
2025-03-08 22:00:00;0.103282843
2025-03-08 23:00:00;0.095471037
2025-03-09 00:00:00;0.10053546299999999
2025-03-09 01:00:00;0.111131817
2025-03-09 02:00:00;0.11112847
2025-03-09 03:00:00;0.118512989
2025-03-09 04:00:00;0.125357569
2025-03-09 05:00:00;0.12290227899999999
2025-03-09 06:00:00;0.04715725
2025-03-09 07:00:00;0.035943060000000006
2025-03-09 08:00:00;0.030123474
2025-03-09 09:00:00;0.050561188
2025-03-09 10:00:00;0.11982720399999999
2025-03-09 11:00:00;0.144619349
2025-03-09 12:00:00;0.15623205999999998
2025-03-09 13:00:00;0.151468484
2025-03-09 14:00:00;0.11825293499999999
2025-03-09 15:00:00;0.0651699
2025-03-09 16:00:00;0.115282432
2025-03-09 17:00:00;0.129929421
2025-03-09 18:00:00;0.150721263
2025-03-09 19:00:00;0.13489896999999998
2025-03-09 20:00:00;0.145128187
2025-03-09 21:00:00;0.125651828
2025-03-09 22:00:00;0.10748315800000001
2025-03-09 23:00:00;0.148326639
2025-03-10 00:00:00;0.129534441
2025-03-10 01:00:00;0.14300157100000002
2025-03-10 02:00:00;0.143657517
2025-03-10 03:00:00;0.152082308
2025-03-10 04:00:00;0.11410328
2025-03-10 05:00:00;0.13686341
2025-03-10 06:00:00;0.154729561
2025-03-10 07:00:00;0.154659358
2025-03-10 08:00:00;0.157363026
2025-03-10 09:00:00;0.128796637
2025-03-10 10:00:00;0.103743076
2025-03-10 11:00:00;0.076125129
2025-03-10 12:00:00;0.068213481
2025-03-10 13:00:00;0.037548409
2025-03-10 14:00:00;0.089705958
2025-03-10 15:00:00;0.115156515
2025-03-10 16:00:00;0.140683243
2025-03-10 17:00:00;0.128279011
2025-03-10 18:00:00;0.169650049
2025-03-10 19:00:00;0.168017299
2025-03-10 20:00:00;0.155287306
2025-03-10 21:00:00;0.150428124
2025-03-10 22:00:00;0.14384053
2025-03-10 23:00:00;0.14871395699999998
2025-03-11 00:00:00;0.14759630899999998
2025-03-11 01:00:00;0.141619288
2025-03-11 02:00:00;0.135446491
2025-03-11 03:00:00;0.133754201
2025-03-11 04:00:00;0.150475856
2025-03-11 05:00:00;0.157542538
2025-03-11 06:00:00;0.169124431
2025-03-11 07:00:00;0.185335207
2025-03-11 08:00:00;0.196756555
2025-03-11 09:00:00;0.175290081
2025-03-11 10:00:00;0.151185994
2025-03-11 11:00:00;0.16198599100000002
2025-03-11 12:00:00;0.151443009
2025-03-11 13:00:00;0.142971813
2025-03-11 14:00:00;0.17725260399999998
2025-03-11 15:00:00;0.186801422
2025-03-11 16:00:00;0.17217937
2025-03-11 17:00:00;0.198133693
2025-03-11 18:00:00;0.167859557
2025-03-11 19:00:00;0.195542763
2025-03-11 20:00:00;0.14524465900000003
2025-03-11 21:00:00;0.174914544
2025-03-11 22:00:00;0.16461043
2025-03-11 23:00:00;0.163842571
2025-03-12 00:00:00;0.140103679
2025-03-12 01:00:00;0.134142209
2025-03-12 02:00:00;0.131719626
2025-03-12 03:00:00;0.120042811
2025-03-12 04:00:00;0.13860325399999998
2025-03-12 05:00:00;0.150080608
2025-03-12 06:00:00;0.136818254
2025-03-12 07:00:00;0.172404831
2025-03-12 08:00:00;0.168362077
2025-03-12 09:00:00;0.156257603
2025-03-12 10:00:00;0.14252196
2025-03-12 11:00:00;0.142623901
2025-03-12 12:00:00;0.147042832
2025-03-12 13:00:00;0.144973666
2025-03-12 14:00:00;0.145039195
2025-03-12 15:00:00;0.154752817
2025-03-12 16:00:00;0.154296984
2025-03-12 17:00:00;0.18030542500000002
2025-03-12 18:00:00;0.189925439
2025-03-12 19:00:00;0.19090896200000002
2025-03-12 20:00:00;0.151876761
2025-03-12 21:00:00;0.134673071
2025-03-12 22:00:00;0.12879579000000002
2025-03-12 23:00:00;0.107735843
2025-03-13 00:00:00;0.08697608800000001
2025-03-13 01:00:00;0.08980004700000001
2025-03-13 02:00:00;0.08285018100000001
2025-03-13 03:00:00;0.082085768
2025-03-13 04:00:00;0.164556119
2025-03-13 05:00:00;0.17166944
2025-03-13 06:00:00;0.18903975
2025-03-13 07:00:00;0.21866619299999998
2025-03-13 08:00:00;0.218389563
2025-03-13 09:00:00;0.187244886
2025-03-13 10:00:00;0.163961556
2025-03-13 11:00:00;0.168904557
2025-03-13 12:00:00;0.14465012100000002
2025-03-13 13:00:00;0.131794479
2025-03-13 14:00:00;0.121694839
2025-03-13 15:00:00;0.124536971
2025-03-13 16:00:00;0.110259473
2025-03-13 17:00:00;0.121018721
2025-03-13 18:00:00;0.101767407
2025-03-13 19:00:00;0.113396041
2025-03-13 20:00:00;0.110404159
2025-03-13 21:00:00;0.119464826
2025-03-13 22:00:00;0.12238763799999999
2025-03-13 23:00:00;0.123367493
2025-03-14 00:00:00;0.07277346400000001
2025-03-14 01:00:00;0.07246831899999999
2025-03-14 02:00:00;0.074679917
2025-03-14 03:00:00;0.07578061900000001
2025-03-14 04:00:00;0.083805287
2025-03-14 05:00:00;0.137064583
2025-03-14 06:00:00;0.156768761
2025-03-14 07:00:00;0.13904374000000003
2025-03-14 08:00:00;0.141816452
2025-03-14 09:00:00;0.114188076
2025-03-14 10:00:00;0.11388593799999999
2025-03-14 11:00:00;0.114473643
2025-03-14 12:00:00;0.10162139
2025-03-14 13:00:00;0.09219672
2025-03-14 14:00:00;0.078980605
2025-03-14 15:00:00;0.07934693
2025-03-14 16:00:00;0.11758276
2025-03-14 17:00:00;0.14152502
2025-03-14 18:00:00;0.16083861300000002
2025-03-14 19:00:00;0.139511216
2025-03-14 20:00:00;0.14363958500000001
2025-03-14 21:00:00;0.14752584200000002
2025-03-14 22:00:00;0.14934709899999998
2025-03-14 23:00:00;0.152840442
2025-03-15 00:00:00;0.11489756500000001
2025-03-15 01:00:00;0.126603103
2025-03-15 02:00:00;0.095053564
2025-03-15 03:00:00;0.08087035299999999
2025-03-15 04:00:00;0.08224551599999999
2025-03-15 05:00:00;0.074882424
2025-03-15 06:00:00;0.110308044
2025-03-15 07:00:00;0.096121312
2025-03-15 08:00:00;0.09354246299999999
2025-03-15 09:00:00;0.067105018
2025-03-15 10:00:00;0.038169439
2025-03-15 11:00:00;0.049374253
2025-03-15 12:00:00;0.04852301
2025-03-15 13:00:00;0.017825772
2025-03-15 14:00:00;0.018004392
2025-03-15 15:00:00;0.051344077
2025-03-15 16:00:00;0.07240561599999999
2025-03-15 17:00:00;0.10458829900000001
2025-03-15 18:00:00;0.115291245
2025-03-15 19:00:00;0.11242044500000001
2025-03-15 20:00:00;0.106423159
2025-03-15 21:00:00;0.101885722
2025-03-15 22:00:00;0.063916845
2025-03-15 23:00:00;0.046501086999999997
2025-03-16 00:00:00;0.029676897
2025-03-16 01:00:00;0.023983277
2025-03-16 02:00:00;0.022826074
2025-03-16 03:00:00;0.022178983
2025-03-16 04:00:00;0.021559239
2025-03-16 05:00:00;0.020946229
2025-03-16 06:00:00;0.023965864
2025-03-16 07:00:00;0.025882349000000002
2025-03-16 08:00:00;0.021254674
2025-03-16 09:00:00;0.016262957
2025-03-16 10:00:00;0.013920923
2025-03-16 11:00:00;0.056704422000000004
2025-03-16 12:00:00;0.07334329099999999
2025-03-16 13:00:00;0.073814364
2025-03-16 14:00:00;0.055527064
2025-03-16 15:00:00;0.019268495
2025-03-16 16:00:00;0.021993908
2025-03-16 17:00:00;0.032109336999999995
2025-03-16 18:00:00;0.037203164000000004
2025-03-16 19:00:00;0.028120436000000002
2025-03-16 20:00:00;0.027102662
2025-03-16 21:00:00;0.026391027999999997
2025-03-16 22:00:00;0.026450393
2025-03-16 23:00:00;0.034844465
2025-03-17 00:00:00;0.027284862
2025-03-17 01:00:00;0.030879391
2025-03-17 02:00:00;0.049244331
2025-03-17 03:00:00;0.062450999
2025-03-17 04:00:00;0.06836764
2025-03-17 05:00:00;0.100881422
2025-03-17 06:00:00;0.135847163
2025-03-17 07:00:00;0.13494456400000002
2025-03-17 08:00:00;0.10055904700000001
2025-03-17 09:00:00;0.089271445
2025-03-17 10:00:00;0.039406674
2025-03-17 11:00:00;0.072304593
2025-03-17 12:00:00;0.078337327
2025-03-17 13:00:00;0.058605733
2025-03-17 14:00:00;0.035148584
2025-03-17 15:00:00;0.0569131
2025-03-17 16:00:00;0.08736408400000001
2025-03-17 17:00:00;0.116421193
2025-03-17 18:00:00;0.143381757
2025-03-17 19:00:00;0.121951932
2025-03-17 20:00:00;0.115925043
2025-03-17 21:00:00;0.103969728
2025-03-17 22:00:00;0.09268135100000001
2025-03-17 23:00:00;0.052952795000000004
2025-03-18 00:00:00;0.039899975
2025-03-18 01:00:00;0.044953398
2025-03-18 02:00:00;0.052913514
2025-03-18 03:00:00;0.055899818000000004
2025-03-18 04:00:00;0.035620666
2025-03-18 05:00:00;0.05806714
2025-03-18 06:00:00;0.08770364
2025-03-18 07:00:00;0.063264126
2025-03-18 08:00:00;0.06733257299999999
2025-03-18 09:00:00;0.025236602
2025-03-18 10:00:00;0.044599468
2025-03-18 11:00:00;0.091258425
2025-03-18 12:00:00;0.09975551299999999
2025-03-18 13:00:00;0.11282460600000001
2025-03-18 14:00:00;0.07814006000000001
2025-03-18 15:00:00;0.049386848
2025-03-18 16:00:00;0.056967377
2025-03-18 17:00:00;0.08366235000000001
2025-03-18 18:00:00;0.11163843500000001
2025-03-18 19:00:00;0.097824574
2025-03-18 20:00:00;0.111570603
2025-03-18 21:00:00;0.11280385300000001
2025-03-18 22:00:00;0.11420784399999999
2025-03-18 23:00:00;0.10954623599999999
2025-03-19 00:00:00;0.095852669
2025-03-19 01:00:00;0.097253516
2025-03-19 02:00:00;0.09901064100000001
2025-03-19 03:00:00;0.103431911
2025-03-19 04:00:00;0.097602789
2025-03-19 05:00:00;0.098005795
2025-03-19 06:00:00;0.11477566
2025-03-19 07:00:00;0.106838672
2025-03-19 08:00:00;0.035708248
2025-03-19 09:00:00;0.025932327999999998
2025-03-19 10:00:00;0.029380846999999998
2025-03-19 11:00:00;0.085961265
2025-03-19 12:00:00;0.10491130200000001
2025-03-19 13:00:00;0.110943063
2025-03-19 14:00:00;0.097918677
2025-03-19 15:00:00;0.086512658
2025-03-19 16:00:00;0.112180015
2025-03-19 17:00:00;0.17047517099999998
2025-03-19 18:00:00;0.169163623
2025-03-19 19:00:00;0.15595246399999999
2025-03-19 20:00:00;0.161559933
2025-03-19 21:00:00;0.148982544
2025-03-19 22:00:00;0.154125323
2025-03-19 23:00:00;0.161324255
2025-03-20 00:00:00;0.16301986
2025-03-20 01:00:00;0.160583663
2025-03-20 02:00:00;0.152803267
2025-03-20 03:00:00;0.152482944
2025-03-20 04:00:00;0.14786612600000001
2025-03-20 05:00:00;0.152975279
2025-03-20 06:00:00;0.133291092
2025-03-20 07:00:00;0.148080648
2025-03-20 08:00:00;0.07155753
2025-03-20 09:00:00;0.048056177
2025-03-20 10:00:00;0.095459366
2025-03-20 11:00:00;0.121903783
2025-03-20 12:00:00;0.13853885900000001
2025-03-20 13:00:00;0.13249144200000001
2025-03-20 14:00:00;0.11677050800000001
2025-03-20 15:00:00;0.088979155
2025-03-20 16:00:00;0.086516349
2025-03-20 17:00:00;0.168966402
2025-03-20 18:00:00;0.165886738
2025-03-20 19:00:00;0.170359904
2025-03-20 20:00:00;0.194355839
2025-03-20 21:00:00;0.201418213
2025-03-20 22:00:00;0.187905767
2025-03-20 23:00:00;0.170543564
2025-03-21 00:00:00;0.115385611
2025-03-21 01:00:00;0.147228674
2025-03-21 02:00:00;0.145482087
2025-03-21 03:00:00;0.124493866
2025-03-21 04:00:00;0.102678214
2025-03-21 05:00:00;0.102012489
2025-03-21 06:00:00;0.096698787
2025-03-21 07:00:00;0.07567386899999999
2025-03-21 08:00:00;0.076295193
2025-03-21 09:00:00;0.046081734
2025-03-21 10:00:00;0.036601086000000005
2025-03-21 11:00:00;0.037490884
2025-03-21 12:00:00;0.037737975
2025-03-21 13:00:00;0.042132396
2025-03-21 14:00:00;0.037810698000000004
2025-03-21 15:00:00;0.022017668
2025-03-21 16:00:00;0.012027673000000001
2025-03-21 17:00:00;0.006379546999999999
2025-03-21 18:00:00;0.014816242
2025-03-21 19:00:00;0.015437471000000001
2025-03-21 20:00:00;0.021296029
2025-03-21 21:00:00;0.036637403
2025-03-21 22:00:00;0.045507306
2025-03-21 23:00:00;0.036020828000000005
2025-03-22 00:00:00;0.031979229
2025-03-22 01:00:00;0.022979289
2025-03-22 02:00:00;0.023779899
2025-03-22 03:00:00;0.021202255
2025-03-22 04:00:00;0.023926592
2025-03-22 05:00:00;0.020870572
2025-03-22 06:00:00;0.016747924
2025-03-22 07:00:00;0.00930042
2025-03-22 08:00:00;0.027742318000000002
2025-03-22 09:00:00;0.026089418
2025-03-22 10:00:00;0.035751528
2025-03-22 11:00:00;0.025145612
2025-03-22 12:00:00;0.062165792000000004
2025-03-22 13:00:00;0.056442005
2025-03-22 14:00:00;0.050752029
2025-03-22 15:00:00;0.024914251000000002
2025-03-22 16:00:00;0.031188896
2025-03-22 17:00:00;0.018423402
2025-03-22 18:00:00;0.016673949
2025-03-22 19:00:00;0.023460472
2025-03-22 20:00:00;0.027466315999999998
2025-03-22 21:00:00;0.019732218
2025-03-22 22:00:00;0.011761048999999999
2025-03-22 23:00:00;0.019106193
2025-03-23 00:00:00;0.021669678
2025-03-23 01:00:00;0.011989642
2025-03-23 02:00:00;0.011487306000000001
2025-03-23 03:00:00;0.008523174
2025-03-23 04:00:00;0.008131584
2025-03-23 05:00:00;0.007167693
2025-03-23 06:00:00;0.006791666
2025-03-23 07:00:00;0.00797312
2025-03-23 08:00:00;0.005650072
2025-03-23 09:00:00;0.005443334
2025-03-23 10:00:00;0.00442497
2025-03-23 11:00:00;0.005546437
2025-03-23 12:00:00;0.004832442
2025-03-23 13:00:00;0.00535932
2025-03-23 14:00:00;0.005213654
2025-03-23 15:00:00;0.005596183
2025-03-23 16:00:00;0.006783393
2025-03-23 17:00:00;0.015443284
2025-03-23 18:00:00;0.018748895
2025-03-23 19:00:00;0.018040155
2025-03-23 20:00:00;0.011861594
2025-03-23 21:00:00;0.011942192
2025-03-23 22:00:00;0.036624483
2025-03-23 23:00:00;0.013530322999999999
2025-03-24 00:00:00;0.060666981
2025-03-24 01:00:00;0.07936921
2025-03-24 02:00:00;0.09037224
2025-03-24 03:00:00;0.095221019
2025-03-24 04:00:00;0.10029208199999999
2025-03-24 05:00:00;0.122725166
2025-03-24 06:00:00;0.147511656
2025-03-24 07:00:00;0.136181002
2025-03-24 08:00:00;0.09234951
2025-03-24 09:00:00;0.065112747
2025-03-24 10:00:00;0.100228552
2025-03-24 11:00:00;0.110730479
2025-03-24 12:00:00;0.092955166
2025-03-24 13:00:00;0.08995982200000001
2025-03-24 14:00:00;0.103860083
2025-03-24 15:00:00;0.099158873
2025-03-24 16:00:00;0.11038742600000001
2025-03-24 17:00:00;0.138024053
2025-03-24 18:00:00;0.16728210300000002
2025-03-24 19:00:00;0.15108744699999999
2025-03-24 20:00:00;0.15382768100000002
2025-03-24 21:00:00;0.13280505
2025-03-24 22:00:00;0.11391101399999999
2025-03-24 23:00:00;0.108489533
2025-03-25 00:00:00;0.11584037
2025-03-25 01:00:00;0.122989908
2025-03-25 02:00:00;0.098860609
2025-03-25 03:00:00;0.049796042
2025-03-25 04:00:00;0.042768042
2025-03-25 05:00:00;0.04876266
2025-03-25 06:00:00;0.065111029
2025-03-25 07:00:00;0.066055566
2025-03-25 08:00:00;0.065378039
2025-03-25 09:00:00;0.07142172
2025-03-25 10:00:00;0.036509903999999996
2025-03-25 11:00:00;0.042816306
2025-03-25 12:00:00;0.04368897
2025-03-25 13:00:00;0.02461975
2025-03-25 14:00:00;0.028565903
2025-03-25 15:00:00;0.033659939
2025-03-25 16:00:00;0.058408486
2025-03-25 17:00:00;0.055232257
2025-03-25 18:00:00;0.053442886
2025-03-25 19:00:00;0.054991653
2025-03-25 20:00:00;0.029643139000000002
2025-03-25 21:00:00;0.02431266
2025-03-25 22:00:00;0.017947159
2025-03-25 23:00:00;0.01769404
2025-03-26 00:00:00;0.029116902
2025-03-26 01:00:00;0.028011908
2025-03-26 02:00:00;0.027103292
2025-03-26 03:00:00;0.019485414
2025-03-26 04:00:00;0.023281335
2025-03-26 05:00:00;0.031405892000000005
2025-03-26 06:00:00;0.050120769
2025-03-26 07:00:00;0.08078488299999999
2025-03-26 08:00:00;0.07766005699999999
2025-03-26 09:00:00;0.072276199
2025-03-26 10:00:00;0.060592159
2025-03-26 11:00:00;0.054053344
2025-03-26 12:00:00;0.050660508
2025-03-26 13:00:00;0.055140523999999996
2025-03-26 14:00:00;0.056486697
2025-03-26 15:00:00;0.028347460999999997
2025-03-26 16:00:00;0.058310431
2025-03-26 17:00:00;0.111812199
2025-03-26 18:00:00;0.149202904
2025-03-26 19:00:00;0.147741279
2025-03-26 20:00:00;0.13070489799999999
2025-03-26 21:00:00;0.115100623
2025-03-26 22:00:00;0.083407758
2025-03-26 23:00:00;0.077277532
2025-03-27 00:00:00;0.055362549999999996
2025-03-27 01:00:00;0.046647651000000005
2025-03-27 02:00:00;0.026649344
2025-03-27 03:00:00;0.024763043
2025-03-27 04:00:00;0.024183959
2025-03-27 05:00:00;0.029829302
2025-03-27 06:00:00;0.048534477
2025-03-27 07:00:00;0.049796095
2025-03-27 08:00:00;0.057611899
2025-03-27 09:00:00;0.043849758
2025-03-27 10:00:00;0.048560715000000004
2025-03-27 11:00:00;0.041949903999999996
2025-03-27 12:00:00;0.040295039000000005
2025-03-27 13:00:00;0.048025681
2025-03-27 14:00:00;0.03547692
2025-03-27 15:00:00;0.037445795
2025-03-27 16:00:00;0.032244253
2025-03-27 17:00:00;0.061968134
2025-03-27 18:00:00;0.057690868
2025-03-27 19:00:00;0.060617004
2025-03-27 20:00:00;0.057795557000000004
2025-03-27 21:00:00;0.037647114
2025-03-27 22:00:00;0.026749966
2025-03-27 23:00:00;0.025501196
2025-03-28 00:00:00;0.02511559
2025-03-28 01:00:00;0.024243917
2025-03-28 02:00:00;0.018732475000000002
2025-03-28 03:00:00;0.016465437000000003
2025-03-28 04:00:00;0.015445752
2025-03-28 05:00:00;0.017611405
2025-03-28 06:00:00;0.016546373
2025-03-28 07:00:00;0.014397929
2025-03-28 08:00:00;0.014599497
2025-03-28 09:00:00;0.016477914
2025-03-28 10:00:00;0.019936675
2025-03-28 11:00:00;0.044321072999999996
2025-03-28 12:00:00;0.043896988
2025-03-28 13:00:00;0.027087978
2025-03-28 14:00:00;0.027388718
2025-03-28 15:00:00;0.026213883
2025-03-28 16:00:00;0.033205512
2025-03-28 17:00:00;0.07543478199999999
2025-03-28 18:00:00;0.10897271
2025-03-28 19:00:00;0.109414759
2025-03-28 20:00:00;0.08559904400000001
2025-03-28 21:00:00;0.135450429
2025-03-28 22:00:00;0.14369003
2025-03-28 23:00:00;0.141330805
2025-03-29 00:00:00;0.134745018
2025-03-29 01:00:00;0.12455273
2025-03-29 02:00:00;0.105697022
2025-03-29 03:00:00;0.105141256
2025-03-29 04:00:00;0.09693023599999999
2025-03-29 05:00:00;0.085261229
2025-03-29 06:00:00;0.089906791
2025-03-29 07:00:00;0.08303727000000001
2025-03-29 08:00:00;0.079007059
2025-03-29 09:00:00;0.054363619999999994
2025-03-29 10:00:00;0.052938926000000004
2025-03-29 11:00:00;0.048619673
2025-03-29 12:00:00;0.044485954999999994
2025-03-29 13:00:00;0.060074628
2025-03-29 14:00:00;0.062533698
2025-03-29 15:00:00;0.054454752
2025-03-29 16:00:00;0.042566159
2025-03-29 17:00:00;0.06128085
2025-03-29 18:00:00;0.084173159
2025-03-29 19:00:00;0.08048775000000001
2025-03-29 20:00:00;0.073377957
2025-03-29 21:00:00;0.050008987
2025-03-29 22:00:00;0.028988464000000002
2025-03-29 23:00:00;0.022791012
2025-03-30 00:00:00;0.017213372
2025-03-30 01:00:00;0.015087161
2025-03-30 03:00:00;0.018771186
2025-03-30 04:00:00;0.023316449
2025-03-30 05:00:00;0.028067326
2025-03-30 06:00:00;0.028605026999999998
2025-03-30 07:00:00;0.058796351999999996
2025-03-30 08:00:00;0.07893019
2025-03-30 09:00:00;0.062980328
2025-03-30 10:00:00;0.055901629999999994
2025-03-30 11:00:00;0.082734605
2025-03-30 12:00:00;0.083117176
2025-03-30 13:00:00;0.0787319
2025-03-30 14:00:00;0.083836066
2025-03-30 15:00:00;0.079861532
2025-03-30 16:00:00;0.077253008
2025-03-30 17:00:00;0.056510721
2025-03-30 18:00:00;0.056007765
2025-03-30 19:00:00;0.043080476
2025-03-30 20:00:00;0.044971832999999996
2025-03-30 21:00:00;0.046721933
2025-03-30 22:00:00;0.028172371999999998
2025-03-30 23:00:00;0.038216301
2025-03-31 00:00:00;0.053802701999999994
2025-03-31 01:00:00;0.05515722
2025-03-31 02:00:00;0.040850630000000006
2025-03-31 03:00:00;0.042147907
2025-03-31 04:00:00;0.059027855000000004
2025-03-31 05:00:00;0.040582737
2025-03-31 06:00:00;0.10133890599999999
2025-03-31 07:00:00;0.076399432
2025-03-31 08:00:00;0.090815896
2025-03-31 09:00:00;0.07294865
2025-03-31 10:00:00;0.09094155000000001
2025-03-31 11:00:00;0.07235158800000001
2025-03-31 12:00:00;0.058242353999999996
2025-03-31 13:00:00;0.066568384
2025-03-31 14:00:00;0.06487849300000001
2025-03-31 15:00:00;0.063461077
2025-03-31 16:00:00;0.072802486
2025-03-31 17:00:00;0.107037357
2025-03-31 18:00:00;0.142020074
2025-03-31 19:00:00;0.140016587
2025-03-31 20:00:00;0.136081588
2025-03-31 21:00:00;0.15522470200000002
2025-03-31 22:00:00;0.138660254
2025-03-31 23:00:00;0.155377496
2025-04-01 00:00:00;0.156568285
2025-04-01 01:00:00;0.15033623
2025-04-01 02:00:00;0.130565575
2025-04-01 03:00:00;0.131614034
2025-04-01 04:00:00;0.136729813
2025-04-01 05:00:00;0.15501259099999998
2025-04-01 06:00:00;0.15763136
2025-04-01 07:00:00;0.133296494
2025-04-01 08:00:00;0.161831792
2025-04-01 09:00:00;0.14259797800000001
2025-04-01 10:00:00;0.098356607
2025-04-01 11:00:00;0.08420633200000001
2025-04-01 12:00:00;0.121376713
2025-04-01 13:00:00;0.12870261300000002
2025-04-01 14:00:00;0.123804532
2025-04-01 15:00:00;0.11950343499999999
2025-04-01 16:00:00;0.095468997
2025-04-01 17:00:00;0.097323677
2025-04-01 18:00:00;0.120768129
2025-04-01 19:00:00;0.127657691
2025-04-01 20:00:00;0.135050556
2025-04-01 21:00:00;0.143763999
2025-04-01 22:00:00;0.10348220000000001
2025-04-01 23:00:00;0.10187759
2025-04-02 00:00:00;0.096262222
2025-04-02 01:00:00;0.084619682
2025-04-02 02:00:00;0.084338696
2025-04-02 03:00:00;0.08679132099999999
2025-04-02 04:00:00;0.091856048
2025-04-02 05:00:00;0.102212331
2025-04-02 06:00:00;0.137874201
2025-04-02 07:00:00;0.145515971
2025-04-02 08:00:00;0.145566073
2025-04-02 09:00:00;0.100053971
2025-04-02 10:00:00;0.09793934900000001
2025-04-02 11:00:00;0.11207331999999999
2025-04-02 12:00:00;0.113266765
2025-04-02 13:00:00;0.085148218
2025-04-02 14:00:00;0.11309161899999999
2025-04-02 15:00:00;0.115196247
2025-04-02 16:00:00;0.126825934
2025-04-02 17:00:00;0.106303066
2025-04-02 18:00:00;0.115686859
2025-04-02 19:00:00;0.129126228
2025-04-02 20:00:00;0.136503756
2025-04-02 21:00:00;0.116505561
2025-04-02 22:00:00;0.108214908
2025-04-02 23:00:00;0.087733519
2025-04-03 00:00:00;0.063518852
2025-04-03 01:00:00;0.088776248
2025-04-03 02:00:00;0.044484099
2025-04-03 03:00:00;0.071252244
2025-04-03 04:00:00;0.081001397
2025-04-03 05:00:00;0.088784737
2025-04-03 06:00:00;0.125338348
2025-04-03 07:00:00;0.13102905
2025-04-03 08:00:00;0.095760237
2025-04-03 09:00:00;0.061286011
2025-04-03 10:00:00;0.083082796
2025-04-03 11:00:00;0.112992676
2025-04-03 12:00:00;0.098230419
2025-04-03 13:00:00;0.10472945900000001
2025-04-03 14:00:00;0.097833785
2025-04-03 15:00:00;0.09115881199999999
2025-04-03 16:00:00;0.066738039
2025-04-03 17:00:00;0.07430918
2025-04-03 18:00:00;0.10167836300000001
2025-04-03 19:00:00;0.124140007
2025-04-03 20:00:00;0.125444767
2025-04-03 21:00:00;0.122307262
2025-04-03 22:00:00;0.118868985
2025-04-03 23:00:00;0.11413792599999999
2025-04-04 00:00:00;0.11618914200000001
2025-04-04 01:00:00;0.10300132399999999
2025-04-04 02:00:00;0.09845380199999999
2025-04-04 03:00:00;0.104035991
2025-04-04 04:00:00;0.075332944
2025-04-04 05:00:00;0.08179436300000001
2025-04-04 06:00:00;0.09537241299999999
2025-04-04 07:00:00;0.098413541
2025-04-04 08:00:00;0.072354306
2025-04-04 09:00:00;0.032194488
2025-04-04 10:00:00;0.020808642
2025-04-04 11:00:00;0.035992829999999996
2025-04-04 12:00:00;0.063695397
2025-04-04 13:00:00;0.068085775
2025-04-04 14:00:00;0.079125698
2025-04-04 15:00:00;0.086944729
2025-04-04 16:00:00;0.042085611999999994
2025-04-04 17:00:00;0.028536098
2025-04-04 18:00:00;0.038711883999999995
2025-04-04 19:00:00;0.06605085699999999
2025-04-04 20:00:00;0.072419065
2025-04-04 21:00:00;0.085075197
2025-04-04 22:00:00;0.065093668
2025-04-04 23:00:00;0.036676839999999995
2025-04-05 00:00:00;0.040970067
2025-04-05 01:00:00;0.035185962
2025-04-05 02:00:00;0.034327013999999996
2025-04-05 03:00:00;0.034937736000000004
2025-04-05 04:00:00;0.036003667
2025-04-05 05:00:00;0.040119706
2025-04-05 06:00:00;0.042590234000000005
2025-04-05 07:00:00;0.034232608
2025-04-05 08:00:00;0.028082838
2025-04-05 09:00:00;0.048228617999999994
2025-04-05 10:00:00;0.069251753
2025-04-05 11:00:00;0.086088358
2025-04-05 12:00:00;0.103954559
2025-04-05 13:00:00;0.108427745
2025-04-05 14:00:00;0.109668874
2025-04-05 15:00:00;0.114324337
2025-04-05 16:00:00;0.078375208
2025-04-05 17:00:00;0.060708266999999996
2025-04-05 18:00:00;0.042615598
2025-04-05 19:00:00;0.051689414999999996
2025-04-05 20:00:00;0.034109222
2025-04-05 21:00:00;0.036440331
2025-04-05 22:00:00;0.037661862
2025-04-05 23:00:00;0.044796225
2025-04-06 00:00:00;0.039315494
2025-04-06 01:00:00;0.060553449
2025-04-06 02:00:00;0.07217591899999999
2025-04-06 03:00:00;0.072923471
2025-04-06 04:00:00;0.07481807
2025-04-06 05:00:00;0.086760482
2025-04-06 06:00:00;0.09065697900000001
2025-04-06 07:00:00;0.09406431000000001
2025-04-06 08:00:00;0.125826039
2025-04-06 09:00:00;0.102594326
2025-04-06 10:00:00;0.112749081
2025-04-06 11:00:00;0.109293536
2025-04-06 12:00:00;0.067385474
2025-04-06 13:00:00;0.068706917
2025-04-06 14:00:00;0.127509428
2025-04-06 15:00:00;0.132295742
2025-04-06 16:00:00;0.128442465
2025-04-06 17:00:00;0.089350101
2025-04-06 18:00:00;0.09166269099999999
2025-04-06 19:00:00;0.11483794
2025-04-06 20:00:00;0.102028847
2025-04-06 21:00:00;0.125775595
2025-04-06 22:00:00;0.100481116
2025-04-06 23:00:00;0.11029807800000001
2025-04-07 00:00:00;0.057974211
2025-04-07 01:00:00;0.07592230999999999
2025-04-07 02:00:00;0.047129682
2025-04-07 03:00:00;0.045074099
2025-04-07 04:00:00;0.037679049
2025-04-07 05:00:00;0.09531431
2025-04-07 06:00:00;0.144219898
2025-04-07 07:00:00;0.141990761
2025-04-07 08:00:00;0.09395873299999999
2025-04-07 09:00:00;0.14144493600000002
2025-04-07 10:00:00;0.106530216
2025-04-07 11:00:00;0.104666493
2025-04-07 12:00:00;0.082455823
2025-04-07 13:00:00;0.123952719
2025-04-07 14:00:00;0.124463804
2025-04-07 15:00:00;0.092431085
2025-04-07 16:00:00;0.10242487900000001
2025-04-07 17:00:00;0.127419547
2025-04-07 18:00:00;0.19142259
2025-04-07 19:00:00;0.206967239
2025-04-07 20:00:00;0.208415705
2025-04-07 21:00:00;0.17592056
2025-04-07 22:00:00;0.189026601
2025-04-07 23:00:00;0.173253434
2025-04-08 00:00:00;0.178188477
2025-04-08 01:00:00;0.180368685
2025-04-08 02:00:00;0.185590397
2025-04-08 03:00:00;0.195478426
2025-04-08 04:00:00;0.19782288299999998
2025-04-08 05:00:00;0.23586931000000003
2025-04-08 06:00:00;0.24670288099999998
2025-04-08 07:00:00;0.251734807
2025-04-08 08:00:00;0.17839477099999998
2025-04-08 09:00:00;0.103556186
2025-04-08 10:00:00;0.062134994
2025-04-08 11:00:00;0.081708933
2025-04-08 12:00:00;0.11602219700000001
2025-04-08 13:00:00;0.115527095
2025-04-08 14:00:00;0.119730475
2025-04-08 15:00:00;0.098493927
2025-04-08 16:00:00;0.100661565
2025-04-08 17:00:00;0.116471567
2025-04-08 18:00:00;0.192290389
2025-04-08 19:00:00;0.23023038199999998
2025-04-08 20:00:00;0.24006751099999998
2025-04-08 21:00:00;0.24703795
2025-04-08 22:00:00;0.24106952799999998
2025-04-08 23:00:00;0.236231252
2025-04-09 00:00:00;0.211577168
2025-04-09 01:00:00;0.18540678
2025-04-09 02:00:00;0.171060561
2025-04-09 03:00:00;0.17551016000000003
2025-04-09 04:00:00;0.17290666
2025-04-09 05:00:00;0.20684635599999998
2025-04-09 06:00:00;0.218260584
2025-04-09 07:00:00;0.214470429
2025-04-09 08:00:00;0.176087705
2025-04-09 09:00:00;0.140603894
2025-04-09 10:00:00;0.052291151
2025-04-09 11:00:00;0.056186874000000005
2025-04-09 12:00:00;0.06544749
2025-04-09 13:00:00;0.106069543
2025-04-09 14:00:00;0.094625612
2025-04-09 15:00:00;0.077313928
2025-04-09 16:00:00;0.0740198
2025-04-09 17:00:00;0.097760302
2025-04-09 18:00:00;0.149010997
2025-04-09 19:00:00;0.170000146
2025-04-09 20:00:00;0.176669376
2025-04-09 21:00:00;0.18089534399999999
2025-04-09 22:00:00;0.173445363
2025-04-09 23:00:00;0.157859788
2025-04-10 00:00:00;0.14655764500000001
2025-04-10 01:00:00;0.147385829
2025-04-10 02:00:00;0.15327847
2025-04-10 03:00:00;0.168562273
2025-04-10 04:00:00;0.179456364
2025-04-10 05:00:00;0.228735253
2025-04-10 06:00:00;0.249252318
2025-04-10 07:00:00;0.244929869
2025-04-10 08:00:00;0.14695813200000002
2025-04-10 09:00:00;0.112582311
2025-04-10 10:00:00;0.052155862
2025-04-10 11:00:00;0.031188745
2025-04-10 12:00:00;0.023169269
2025-04-10 13:00:00;0.023696577
2025-04-10 14:00:00;0.035122448
2025-04-10 15:00:00;0.017932747
2025-04-10 16:00:00;0.047418905000000004
2025-04-10 17:00:00;0.009468658
2025-04-10 18:00:00;0.0063252709999999995
2025-04-10 19:00:00;0.006644771999999999
2025-04-10 20:00:00;0.006898092
2025-04-10 21:00:00;0.0061887819999999994
2025-04-10 22:00:00;0.005268317
2025-04-10 23:00:00;0.005294088999999999
2025-04-11 00:00:00;0.009824820000000001
2025-04-11 01:00:00;0.004994228
2025-04-11 02:00:00;0.004503694999999999
2025-04-11 03:00:00;0.0042954230000000005
2025-04-11 04:00:00;0.006483241
2025-04-11 05:00:00;0.005008821
2025-04-11 06:00:00;0.005435336000000001
2025-04-11 07:00:00;0.005617541
2025-04-11 08:00:00;0.009353539
2025-04-11 09:00:00;0.027476352
2025-04-11 10:00:00;0.017353095
2025-04-11 11:00:00;0.039315379
2025-04-11 12:00:00;0.08417218900000001
2025-04-11 13:00:00;0.08675612599999999
2025-04-11 14:00:00;0.096134943
2025-04-11 15:00:00;0.075338532
2025-04-11 16:00:00;0.023380889
2025-04-11 17:00:00;0.011787497000000001
2025-04-11 18:00:00;0.00839432
2025-04-11 19:00:00;0.008720404000000001
2025-04-11 20:00:00;0.009375066999999999
2025-04-11 21:00:00;0.016504691999999998
2025-04-11 22:00:00;0.008960215
2025-04-11 23:00:00;0.008171152
2025-04-12 00:00:00;0.008794795000000001
2025-04-12 01:00:00;0.008384850999999999
2025-04-12 02:00:00;0.008305876
2025-04-12 03:00:00;0.02128309
2025-04-12 04:00:00;0.018094685
2025-04-12 05:00:00;0.012416802000000001
2025-04-12 06:00:00;0.020484884999999998
2025-04-12 07:00:00;0.076554659
2025-04-12 08:00:00;0.070624361
2025-04-12 09:00:00;0.07344913800000001
2025-04-12 10:00:00;0.05139482
2025-04-12 11:00:00;0.090844925
2025-04-12 12:00:00;0.10387353199999999
2025-04-12 13:00:00;0.113266368
2025-04-12 14:00:00;0.115716395
2025-04-12 15:00:00;0.119338506
2025-04-12 16:00:00;0.063192754
2025-04-12 17:00:00;0.053960466
2025-04-12 18:00:00;0.08607082099999999
2025-04-12 19:00:00;0.08388874
2025-04-12 20:00:00;0.08374377
2025-04-12 21:00:00;0.077298315
2025-04-12 22:00:00;0.057090557
2025-04-12 23:00:00;0.016403784
2025-04-13 00:00:00;0.010601594
2025-04-13 01:00:00;0.009230041
2025-04-13 02:00:00;0.021576879
2025-04-13 03:00:00;0.058729489
2025-04-13 04:00:00;0.048292986999999996
2025-04-13 05:00:00;0.029083232
2025-04-13 06:00:00;0.021179563999999998
2025-04-13 07:00:00;0.024318692
2025-04-13 08:00:00;0.030141241
2025-04-13 09:00:00;0.0276836
2025-04-13 10:00:00;0.033034421
2025-04-13 11:00:00;0.028677916
2025-04-13 12:00:00;0.060511879
2025-04-13 13:00:00;0.036105615
2025-04-13 14:00:00;0.051057229999999995
2025-04-13 15:00:00;0.048101954
2025-04-13 16:00:00;0.03104927
2025-04-13 17:00:00;0.011612723
2025-04-13 18:00:00;0.009234184000000001
2025-04-13 19:00:00;0.009808389
2025-04-13 20:00:00;0.011079411
2025-04-13 21:00:00;0.010859413
2025-04-13 22:00:00;0.010391418
2025-04-13 23:00:00;0.010755516
2025-04-14 00:00:00;0.025568196
2025-04-14 01:00:00;0.039874841
2025-04-14 02:00:00;0.085379267
2025-04-14 03:00:00;0.09790452100000001
2025-04-14 04:00:00;0.11272619
2025-04-14 05:00:00;0.117360073
2025-04-14 06:00:00;0.13097293
2025-04-14 07:00:00;0.116526346
2025-04-14 08:00:00;0.085314594
2025-04-14 09:00:00;0.094634511
2025-04-14 10:00:00;0.09563581600000001
2025-04-14 11:00:00;0.08270232400000001
2025-04-14 12:00:00;0.08412123099999999
2025-04-14 13:00:00;0.078392983
2025-04-14 14:00:00;0.078268756
2025-04-14 15:00:00;0.073795782
2025-04-14 16:00:00;0.07919939599999999
2025-04-14 17:00:00;0.071734724
2025-04-14 18:00:00;0.09390667899999999
2025-04-14 19:00:00;0.08645823300000001
2025-04-14 20:00:00;0.064692081
2025-04-14 21:00:00;0.11539063299999999
2025-04-14 22:00:00;0.0998163
2025-04-14 23:00:00;0.06372723400000001
2025-04-15 00:00:00;0.013132652
2025-04-15 01:00:00;0.014461131
2025-04-15 02:00:00;0.015692338
2025-04-15 03:00:00;0.014098672000000001
2025-04-15 04:00:00;0.014477458
2025-04-15 05:00:00;0.022225544
2025-04-15 06:00:00;0.046874434
2025-04-15 07:00:00;0.046028971
2025-04-15 08:00:00;0.04044371
2025-04-15 09:00:00;0.053459045000000004
2025-04-15 10:00:00;0.04050396
2025-04-15 11:00:00;0.062709593
2025-04-15 12:00:00;0.067536179
2025-04-15 13:00:00;0.044046201
2025-04-15 14:00:00;0.009140539999999999
2025-04-15 15:00:00;0.004296543
2025-04-15 16:00:00;0.004425012
2025-04-15 17:00:00;0.01159393
2025-04-15 18:00:00;0.007465138
2025-04-15 19:00:00;0.016807068
2025-04-15 20:00:00;0.010445639999999999
2025-04-15 21:00:00;0.008704523
2025-04-15 22:00:00;0.006768424
2025-04-15 23:00:00;0.006951651
2025-04-16 00:00:00;0.010095964
2025-04-16 01:00:00;0.015339249000000001
2025-04-16 02:00:00;0.032477201000000004
2025-04-16 03:00:00;0.032046241
2025-04-16 04:00:00;0.025399995
2025-04-16 05:00:00;0.026794301
2025-04-16 06:00:00;0.026150904
2025-04-16 07:00:00;0.046347108
2025-04-16 08:00:00;0.019884965999999997
2025-04-16 09:00:00;0.020300396
2025-04-16 10:00:00;0.017960763
2025-04-16 11:00:00;0.010685059
2025-04-16 12:00:00;0.011330811000000001
2025-04-16 13:00:00;0.009873916
2025-04-16 14:00:00;0.009703647
2025-04-16 15:00:00;0.012161417
2025-04-16 16:00:00;0.016881236
2025-04-16 17:00:00;0.049352671
2025-04-16 18:00:00;0.088070226
2025-04-16 19:00:00;0.090633184
2025-04-16 20:00:00;0.13136948699999998
2025-04-16 21:00:00;0.145087954
2025-04-16 22:00:00;0.135524816
2025-04-16 23:00:00;0.08106313799999999
2025-04-17 00:00:00;0.017298544
2025-04-17 01:00:00;0.025522402
2025-04-17 02:00:00;0.038826802
2025-04-17 03:00:00;0.026121399
2025-04-17 04:00:00;0.040172539
2025-04-17 05:00:00;0.018578391
2025-04-17 06:00:00;0.022712428
2025-04-17 07:00:00;0.021401088999999998
2025-04-17 08:00:00;0.022460003
2025-04-17 09:00:00;0.035739869
2025-04-17 10:00:00;0.033082159
2025-04-17 11:00:00;0.020885866
2025-04-17 12:00:00;0.021466258
2025-04-17 13:00:00;0.037200195
2025-04-17 14:00:00;0.036094727
2025-04-17 15:00:00;0.023436684
2025-04-17 16:00:00;0.027546957
2025-04-17 17:00:00;0.019264887
2025-04-17 18:00:00;0.020703449
2025-04-17 19:00:00;0.020943113
2025-04-17 20:00:00;0.034786059
2025-04-17 21:00:00;0.0327111
2025-04-17 22:00:00;0.02804042
2025-04-17 23:00:00;0.023598031
2025-04-18 00:00:00;0.016712798
2025-04-18 01:00:00;0.015479869
2025-04-18 02:00:00;0.015384519
2025-04-18 03:00:00;0.024082723
2025-04-18 04:00:00;0.014947124000000001
2025-04-18 05:00:00;0.022477376
2025-04-18 06:00:00;0.015386996
2025-04-18 07:00:00;0.015301203
2025-04-18 08:00:00;0.017688241
2025-04-18 09:00:00;0.025559383
2025-04-18 10:00:00;0.013931480000000001
2025-04-18 11:00:00;0.030016141
2025-04-18 12:00:00;0.00998131
2025-04-18 13:00:00;0.018222251
2025-04-18 14:00:00;0.078210512
2025-04-18 15:00:00;0.05279747
2025-04-18 16:00:00;0.011671075
2025-04-18 17:00:00;0.019969792
2025-04-18 18:00:00;0.064161255
2025-04-18 19:00:00;0.101015438
2025-04-18 20:00:00;0.050989279000000005
2025-04-18 21:00:00;0.092533927
2025-04-18 22:00:00;0.07249889500000001
2025-04-18 23:00:00;0.061633636000000006
2025-04-19 00:00:00;0.020617621
2025-04-19 01:00:00;0.023966277
2025-04-19 02:00:00;0.024569621
2025-04-19 03:00:00;0.024664081
2025-04-19 04:00:00;0.027886155
2025-04-19 05:00:00;0.02949992
2025-04-19 06:00:00;0.031447345
2025-04-19 07:00:00;0.029534232
2025-04-19 08:00:00;0.013756551
2025-04-19 09:00:00;0.044912286
2025-04-19 10:00:00;0.06740966899999999
2025-04-19 11:00:00;0.117143833
2025-04-19 12:00:00;0.120644396
2025-04-19 13:00:00;0.10996369199999999
2025-04-19 14:00:00;0.107464481
2025-04-19 15:00:00;0.10157089799999999
2025-04-19 16:00:00;0.064557875
2025-04-19 17:00:00;0.049505862
2025-04-19 18:00:00;0.04173908
2025-04-19 19:00:00;0.028041285
2025-04-19 20:00:00;0.011263337
2025-04-19 21:00:00;0.010624506
2025-04-19 22:00:00;0.011646440999999999
2025-04-19 23:00:00;0.019852495999999997
2025-04-20 00:00:00;0.011166066
2025-04-20 01:00:00;0.010895541
2025-04-20 02:00:00;0.011328607
2025-04-20 03:00:00;0.011809749
2025-04-20 04:00:00;0.012320032
2025-04-20 05:00:00;0.013319962999999999
2025-04-20 06:00:00;0.013448574000000001
2025-04-20 07:00:00;0.013321811000000001
2025-04-20 08:00:00;0.040901493000000004
2025-04-20 09:00:00;0.061321680999999996
2025-04-20 10:00:00;0.067293964
2025-04-20 11:00:00;0.11036009699999999
2025-04-20 12:00:00;0.128967167
2025-04-20 13:00:00;0.13542790700000001
2025-04-20 14:00:00;0.12631562
2025-04-20 15:00:00;0.138742244
2025-04-20 16:00:00;0.10623200699999999
2025-04-20 17:00:00;0.08614953900000001
2025-04-20 18:00:00;0.061292381
2025-04-20 19:00:00;0.044762279
2025-04-20 20:00:00;0.03317834
2025-04-20 21:00:00;0.032028126
2025-04-20 22:00:00;0.027781631
2025-04-20 23:00:00;0.047998258
2025-04-21 00:00:00;0.027770245
2025-04-21 01:00:00;0.018677548999999998
2025-04-21 02:00:00;0.021394532
2025-04-21 03:00:00;0.020090641000000003
2025-04-21 04:00:00;0.019479077
2025-04-21 05:00:00;0.029956118
2025-04-21 06:00:00;0.027419922
2025-04-21 07:00:00;0.08516315899999999
2025-04-21 08:00:00;0.102697099
2025-04-21 09:00:00;0.07121309599999999
2025-04-21 10:00:00;0.074612551
2025-04-21 11:00:00;0.09128459100000001
2025-04-21 12:00:00;0.088088964
2025-04-21 13:00:00;0.087595354
2025-04-21 14:00:00;0.09169798900000001
2025-04-21 15:00:00;0.09472026
2025-04-21 16:00:00;0.119877233
2025-04-21 17:00:00;0.135516674
2025-04-21 18:00:00;0.15640817999999998
2025-04-21 19:00:00;0.12074901800000001
2025-04-21 20:00:00;0.10476324599999999
2025-04-21 21:00:00;0.10172194700000001
2025-04-21 22:00:00;0.071074206
2025-04-21 23:00:00;0.08100616399999999
2025-04-22 00:00:00;0.114952906
2025-04-22 01:00:00;0.19422292300000002
2025-04-22 02:00:00;0.180906126
2025-04-22 03:00:00;0.16866224
2025-04-22 04:00:00;0.16599768
2025-04-22 05:00:00;0.214581636
2025-04-22 06:00:00;0.233040143
2025-04-22 07:00:00;0.221407693
2025-04-22 08:00:00;0.182782764
2025-04-22 09:00:00;0.196938808
2025-04-22 10:00:00;0.149530033
2025-04-22 11:00:00;0.115777802
2025-04-22 12:00:00;0.10290733199999999
2025-04-22 13:00:00;0.081317019
2025-04-22 14:00:00;0.092118994
2025-04-22 15:00:00;0.10896867
2025-04-22 16:00:00;0.13899989199999999
2025-04-22 17:00:00;0.177990403
2025-04-22 18:00:00;0.202245174
2025-04-22 19:00:00;0.224106904
2025-04-22 20:00:00;0.238742832
2025-04-22 21:00:00;0.250009638
2025-04-22 22:00:00;0.22741653199999998
2025-04-22 23:00:00;0.22186594299999998
2025-04-23 00:00:00;0.206007274
2025-04-23 01:00:00;0.204281727
2025-04-23 02:00:00;0.189543273
2025-04-23 03:00:00;0.195206982
2025-04-23 04:00:00;0.216668777
2025-04-23 05:00:00;0.222137847
2025-04-23 06:00:00;0.231615285
2025-04-23 07:00:00;0.230269792
2025-04-23 08:00:00;0.11136088
2025-04-23 09:00:00;0.156813292
2025-04-23 10:00:00;0.120454207
2025-04-23 11:00:00;0.095386841
2025-04-23 12:00:00;0.095039072
2025-04-23 13:00:00;0.086263018
2025-04-23 14:00:00;0.09314824099999999
2025-04-23 15:00:00;0.076002069
2025-04-23 16:00:00;0.11488606400000001
2025-04-23 17:00:00;0.151834678
2025-04-23 18:00:00;0.095436301
2025-04-23 19:00:00;0.099769621
2025-04-23 20:00:00;0.105828747
2025-04-23 21:00:00;0.17085150200000002
2025-04-23 22:00:00;0.122435402
2025-04-23 23:00:00;0.08166696799999999
2025-04-24 00:00:00;0.119176442
2025-04-24 01:00:00;0.13288943
2025-04-24 02:00:00;0.132360175
2025-04-24 03:00:00;0.132914907
2025-04-24 04:00:00;0.142108707
2025-04-24 05:00:00;0.166097098
2025-04-24 06:00:00;0.19483151499999998
2025-04-24 07:00:00;0.18527844200000002
2025-04-24 08:00:00;0.10044776400000001
2025-04-24 09:00:00;0.08480845499999999
2025-04-24 10:00:00;0.05089847
2025-04-24 11:00:00;0.034681759
2025-04-24 12:00:00;0.034571914999999995
2025-04-24 13:00:00;0.032910166
2025-04-24 14:00:00;0.072591949
2025-04-24 15:00:00;0.075229587
2025-04-24 16:00:00;0.08284448500000001
2025-04-24 17:00:00;0.110146681
2025-04-24 18:00:00;0.142072485
2025-04-24 19:00:00;0.17743642199999998
2025-04-24 20:00:00;0.189338656
2025-04-24 21:00:00;0.18150906800000002
2025-04-24 22:00:00;0.180812703
2025-04-24 23:00:00;0.160410966
2025-04-25 00:00:00;0.147205154
2025-04-25 01:00:00;0.151395661
2025-04-25 02:00:00;0.15722448
2025-04-25 03:00:00;0.168328756
2025-04-25 04:00:00;0.178828223
2025-04-25 05:00:00;0.188411049
2025-04-25 06:00:00;0.199870717
2025-04-25 07:00:00;0.176311701
2025-04-25 08:00:00;0.116881959
2025-04-25 09:00:00;0.07857973800000001
2025-04-25 10:00:00;0.038313332000000005
2025-04-25 11:00:00;0.028705385
2025-04-25 12:00:00;0.02115354
2025-04-25 13:00:00;0.030341268
2025-04-25 14:00:00;0.020454052
2025-04-25 15:00:00;0.022088919000000002
2025-04-25 16:00:00;0.049851115
2025-04-25 17:00:00;0.091641454
2025-04-25 18:00:00;0.121597273
2025-04-25 19:00:00;0.155189258
2025-04-25 20:00:00;0.127303607
2025-04-25 21:00:00;0.101278464
2025-04-25 22:00:00;0.160317497
2025-04-25 23:00:00;0.11118072999999999
2025-04-26 00:00:00;0.176074162
2025-04-26 01:00:00;0.15540590299999998
2025-04-26 02:00:00;0.163315018
2025-04-26 03:00:00;0.16627148500000002
2025-04-26 04:00:00;0.168533555
2025-04-26 05:00:00;0.18047348500000002
2025-04-26 06:00:00;0.101718581
2025-04-26 07:00:00;0.072062099
2025-04-26 08:00:00;0.08320566
2025-04-26 09:00:00;0.056334985000000004
2025-04-26 10:00:00;0.056422467
2025-04-26 11:00:00;0.058563453
2025-04-26 12:00:00;0.078304609
2025-04-26 13:00:00;0.118826448
2025-04-26 14:00:00;0.12228587
2025-04-26 15:00:00;0.118811039
2025-04-26 16:00:00;0.07775803399999999
2025-04-26 17:00:00;0.068236781
2025-04-26 18:00:00;0.074779425
2025-04-26 19:00:00;0.108798008
2025-04-26 20:00:00;0.109209524
2025-04-26 21:00:00;0.10239868099999999
2025-04-26 22:00:00;0.08706865000000001
2025-04-26 23:00:00;0.077704759
2025-04-27 00:00:00;0.061409694
2025-04-27 01:00:00;0.055499961
2025-04-27 02:00:00;0.060586367
2025-04-27 03:00:00;0.062622527
2025-04-27 04:00:00;0.051426121000000005
2025-04-27 05:00:00;0.06401964700000001
2025-04-27 06:00:00;0.07218201399999999
2025-04-27 07:00:00;0.059152052
2025-04-27 08:00:00;0.05787275
2025-04-27 09:00:00;0.060881276
2025-04-27 10:00:00;0.08408214700000001
2025-04-27 11:00:00;0.084272541
2025-04-27 12:00:00;0.118994211
2025-04-27 13:00:00;0.120897205
2025-04-27 14:00:00;0.126008384
2025-04-27 15:00:00;0.12859936400000002
2025-04-27 16:00:00;0.132547904
2025-04-27 17:00:00;0.100098784
2025-04-27 18:00:00;0.040663299
2025-04-27 19:00:00;0.081469391
2025-04-27 20:00:00;0.09676410099999999
2025-04-27 21:00:00;0.092029986
2025-04-27 22:00:00;0.086019052
2025-04-27 23:00:00;0.06464106
2025-04-28 00:00:00;0.055666930999999996
2025-04-28 01:00:00;0.061853788
2025-04-28 02:00:00;0.058697930999999995
2025-04-28 03:00:00;0.057919809999999995
2025-04-28 04:00:00;0.075527308
2025-04-28 05:00:00;0.11629782400000001
2025-04-28 06:00:00;0.139164006
2025-04-28 07:00:00;0.159369148
2025-04-28 08:00:00;0.096209157
2025-04-28 09:00:00;0.054846587999999995
2025-04-28 10:00:00;0.030089895999999998
2025-04-28 11:00:00;0.043812589000000006
2025-04-28 12:00:00;0.073662227
2025-04-28 13:00:00;0.07008477
2025-04-28 14:00:00;0.067499533
2025-04-28 15:00:00;0.047918315
2025-04-28 16:00:00;0.021448069
2025-04-28 17:00:00;0.063095583
2025-04-28 18:00:00;0.09362873999999999
2025-04-28 19:00:00;0.148722543
2025-04-28 20:00:00;0.17802189799999998
2025-04-28 21:00:00;0.13004019
2025-04-28 22:00:00;0.112561327
2025-04-28 23:00:00;0.08857450300000001
2025-04-29 00:00:00;0.094252103
2025-04-29 01:00:00;0.10186181000000001
2025-04-29 02:00:00;0.105014754
2025-04-29 03:00:00;0.100747899
2025-04-29 04:00:00;0.10524554700000001
2025-04-29 05:00:00;0.119193919
2025-04-29 06:00:00;0.16282683599999997
2025-04-29 07:00:00;0.110435384
2025-04-29 08:00:00;0.10527706499999999
2025-04-29 09:00:00;0.06952219100000001
2025-04-29 10:00:00;0.039771741
2025-04-29 11:00:00;0.099685384
2025-04-29 12:00:00;0.099841605
2025-04-29 13:00:00;0.123227302
2025-04-29 14:00:00;0.069288655
2025-04-29 15:00:00;0.058927884
2025-04-29 16:00:00;0.06690557200000001
2025-04-29 17:00:00;0.095803387
2025-04-29 18:00:00;0.126784072
2025-04-29 19:00:00;0.203924675
2025-04-29 20:00:00;0.23445351
2025-04-29 21:00:00;0.23580133900000003
2025-04-29 22:00:00;0.213113192
2025-04-29 23:00:00;0.1852406
2025-04-30 00:00:00;0.080620629
2025-04-30 01:00:00;0.139131972
2025-04-30 02:00:00;0.134022663
2025-04-30 03:00:00;0.139653725
2025-04-30 04:00:00;0.144733875
2025-04-30 05:00:00;0.174685453
2025-04-30 06:00:00;0.198182509
2025-04-30 07:00:00;0.101704092
2025-04-30 08:00:00;0.13008503500000002
2025-04-30 09:00:00;0.08135719
2025-04-30 10:00:00;0.06562585
2025-04-30 11:00:00;0.06517533
2025-04-30 12:00:00;0.095025532
2025-04-30 13:00:00;0.113249503
2025-04-30 14:00:00;0.097919223
2025-04-30 15:00:00;0.08778016300000001
2025-04-30 16:00:00;0.068509369
2025-04-30 17:00:00;0.086409639
2025-04-30 18:00:00;0.116655691
2025-04-30 19:00:00;0.193226171
2025-04-30 20:00:00;0.214527976
2025-04-30 21:00:00;0.197768753
2025-04-30 22:00:00;0.181377787
2025-04-30 23:00:00;0.168435046
2025-05-01 00:00:00;0.12307108100000001
2025-05-01 01:00:00;0.122671739
2025-05-01 02:00:00;0.131869964
2025-05-01 03:00:00;0.12254345800000001
2025-05-01 04:00:00;0.133022465
2025-05-01 05:00:00;0.095243814
2025-05-01 06:00:00;0.055073738
2025-05-01 07:00:00;0.15635603599999998
2025-05-01 08:00:00;0.08341699
2025-05-01 09:00:00;0.05730054
2025-05-01 10:00:00;0.056565702
2025-05-01 11:00:00;0.07496457499999999
2025-05-01 12:00:00;0.07421927599999999
2025-05-01 13:00:00;0.07415517699999999
2025-05-01 14:00:00;0.077234774
2025-05-01 15:00:00;0.080442292
2025-05-01 16:00:00;0.052892488
2025-05-01 17:00:00;0.022018663
2025-05-01 18:00:00;0.01314854
2025-05-01 19:00:00;0.062262675
2025-05-01 20:00:00;0.053181188
2025-05-01 21:00:00;0.060052607
2025-05-01 22:00:00;0.016601241000000003
2025-05-01 23:00:00;0.016219496
2025-05-02 00:00:00;0.011494745
2025-05-02 01:00:00;0.011116267
2025-05-02 02:00:00;0.011516666
2025-05-02 03:00:00;0.019600035
2025-05-02 04:00:00;0.016832353
2025-05-02 05:00:00;0.032264062
2025-05-02 06:00:00;0.014354056
2025-05-02 07:00:00;0.031666805
2025-05-02 08:00:00;0.025933706999999997
2025-05-02 09:00:00;0.026514222
2025-05-02 10:00:00;0.034499903000000005
2025-05-02 11:00:00;0.024152002
2025-05-02 12:00:00;0.027864387
2025-05-02 13:00:00;0.031947037000000005
2025-05-02 14:00:00;0.030408823
2025-05-02 15:00:00;0.013763379000000001
2025-05-02 16:00:00;0.006110368000000001
2025-05-02 17:00:00;0.006245166
2025-05-02 18:00:00;0.006725107
2025-05-02 19:00:00;0.014166715
2025-05-02 20:00:00;0.015187374
2025-05-02 21:00:00;0.010510765
2025-05-02 22:00:00;0.012468182999999999
2025-05-02 23:00:00;0.008906230000000001
2025-05-03 00:00:00;0.008920843
2025-05-03 01:00:00;0.00874166
2025-05-03 02:00:00;0.008744650999999999
2025-05-03 03:00:00;0.008695129
2025-05-03 04:00:00;0.00949911
2025-05-03 05:00:00;0.010042196
2025-05-03 06:00:00;0.010897978999999999
2025-05-03 07:00:00;0.010569027
2025-05-03 08:00:00;0.010616234
2025-05-03 09:00:00;0.026331108
2025-05-03 10:00:00;0.032779137
2025-05-03 11:00:00;0.028139396
2025-05-03 12:00:00;0.060717091
2025-05-03 13:00:00;0.07023705200000001
2025-05-03 14:00:00;0.07740161100000001
2025-05-03 15:00:00;0.06915791900000001
2025-05-03 16:00:00;0.045514435
2025-05-03 17:00:00;0.039914355
2025-05-03 18:00:00;0.027020821
2025-05-03 19:00:00;0.035199013
2025-05-03 20:00:00;0.041276125999999996
2025-05-03 21:00:00;0.053263635000000004
2025-05-03 22:00:00;0.040505890999999995
2025-05-03 23:00:00;0.040605933999999996
2025-05-04 00:00:00;0.032295627
2025-05-04 01:00:00;0.045048086
2025-05-04 02:00:00;0.03860194
2025-05-04 03:00:00;0.027051545
2025-05-04 04:00:00;0.025866548000000003
2025-05-04 05:00:00;0.020918692
2025-05-04 06:00:00;0.022842135
2025-05-04 07:00:00;0.017964527
2025-05-04 08:00:00;0.027293637
2025-05-04 09:00:00;0.032923585000000005
2025-05-04 10:00:00;0.029702132
2025-05-04 11:00:00;0.03448416
2025-05-04 12:00:00;0.030202389
2025-05-04 13:00:00;0.037995565999999995
2025-05-04 14:00:00;0.044248491
2025-05-04 15:00:00;0.037317926
2025-05-04 16:00:00;0.033838582
2025-05-04 17:00:00;0.025678561
2025-05-04 18:00:00;0.019683316000000003
2025-05-04 19:00:00;0.016161941
2025-05-04 20:00:00;0.012322213
2025-05-04 21:00:00;0.018914877
2025-05-04 22:00:00;0.01222876
2025-05-04 23:00:00;0.012828213
2025-05-05 00:00:00;0.012499408
2025-05-05 01:00:00;0.01220865
2025-05-05 02:00:00;0.012883051999999999
2025-05-05 03:00:00;0.031409983
2025-05-05 04:00:00;0.013689752000000001
2025-05-05 05:00:00;0.014886841999999999
2025-05-05 06:00:00;0.034670116
2025-05-05 07:00:00;0.04020016
2025-05-05 08:00:00;0.032395034
2025-05-05 09:00:00;0.062412599
2025-05-05 10:00:00;0.042548337
2025-05-05 11:00:00;0.031168417
2025-05-05 12:00:00;0.029186295
2025-05-05 13:00:00;0.025051487
2025-05-05 14:00:00;0.022179088
2025-05-05 15:00:00;0.018864442000000002
2025-05-05 16:00:00;0.016680011
2025-05-05 17:00:00;0.016991979
2025-05-05 18:00:00;0.019283379
2025-05-05 19:00:00;0.013813443
2025-05-05 20:00:00;0.022563016
2025-05-05 21:00:00;0.014193985
2025-05-05 22:00:00;0.013267811999999999
2025-05-05 23:00:00;0.009242076
2025-05-06 00:00:00;0.008968975
2025-05-06 01:00:00;0.009676223
2025-05-06 02:00:00;0.009328927
2025-05-06 03:00:00;0.009330778999999999
2025-05-06 04:00:00;0.009859886
2025-05-06 05:00:00;0.011320201
2025-05-06 06:00:00;0.011442489
2025-05-06 07:00:00;0.01163768
2025-05-06 08:00:00;0.034607216999999996
2025-05-06 09:00:00;0.01626652
2025-05-06 10:00:00;0.019126234
2025-05-06 11:00:00;0.026429405
2025-05-06 12:00:00;0.031096708
2025-05-06 13:00:00;0.036612150999999996
2025-05-06 14:00:00;0.032345922
2025-05-06 15:00:00;0.031002968
2025-05-06 16:00:00;0.028735755
2025-05-06 17:00:00;0.025004766
2025-05-06 18:00:00;0.013332770999999998
2025-05-06 19:00:00;0.024022705999999998
2025-05-06 20:00:00;0.052969978
2025-05-06 21:00:00;0.068768068
2025-05-06 22:00:00;0.019777572
2025-05-06 23:00:00;0.022407958000000002
2025-05-07 00:00:00;0.053947522
2025-05-07 01:00:00;0.035314999
2025-05-07 02:00:00;0.040705831000000005
2025-05-07 03:00:00;0.023714023
2025-05-07 04:00:00;0.017834358999999998
2025-05-07 05:00:00;0.08304749800000001
2025-05-07 06:00:00;0.1056648
2025-05-07 07:00:00;0.071726089
2025-05-07 08:00:00;0.059659813
2025-05-07 09:00:00;0.030668858
2025-05-07 10:00:00;0.027590599
2025-05-07 11:00:00;0.020354275
2025-05-07 12:00:00;0.029146262
2025-05-07 13:00:00;0.040879165999999995
2025-05-07 14:00:00;0.04173889
2025-05-07 15:00:00;0.028693221999999997
2025-05-07 16:00:00;0.014265972
2025-05-07 17:00:00;0.048883090000000004
2025-05-07 18:00:00;0.05904538
2025-05-07 19:00:00;0.088163289
2025-05-07 20:00:00;0.050155225000000005
2025-05-07 21:00:00;0.067206393
2025-05-07 22:00:00;0.05447578
2025-05-07 23:00:00;0.084255302
2025-05-08 00:00:00;0.094284482
2025-05-08 01:00:00;0.107433668
2025-05-08 02:00:00;0.103712914
2025-05-08 03:00:00;0.111608103
2025-05-08 04:00:00;0.094352306
2025-05-08 05:00:00;0.125718301
2025-05-08 06:00:00;0.105139111
2025-05-08 07:00:00;0.103309647
2025-05-08 08:00:00;0.078249204
2025-05-08 09:00:00;0.07491919500000001
2025-05-08 10:00:00;0.057418895
2025-05-08 11:00:00;0.055261336
2025-05-08 12:00:00;0.075971178
2025-05-08 13:00:00;0.08388364599999999
2025-05-08 14:00:00;0.06435192
2025-05-08 15:00:00;0.050472867
2025-05-08 16:00:00;0.053695789
2025-05-08 17:00:00;0.034298198999999994
2025-05-08 18:00:00;0.079309898
2025-05-08 19:00:00;0.139987675
2025-05-08 20:00:00;0.191969716
2025-05-08 21:00:00;0.176361219
2025-05-08 22:00:00;0.12333313
2025-05-08 23:00:00;0.15621200899999999
2025-05-09 00:00:00;0.08575534
2025-05-09 01:00:00;0.09966185799999999
2025-05-09 02:00:00;0.099144313
2025-05-09 03:00:00;0.07117651700000001
2025-05-09 04:00:00;0.091504401
2025-05-09 05:00:00;0.097078807
2025-05-09 06:00:00;0.087441457
2025-05-09 07:00:00;0.036578885
2025-05-09 08:00:00;0.07827534400000001
2025-05-09 09:00:00;0.05179109
2025-05-09 10:00:00;0.049556431000000005
2025-05-09 11:00:00;0.080264244
2025-05-09 12:00:00;0.253809473
2025-05-09 13:00:00;0.239890468
2025-05-09 14:00:00;0.232520933
2025-05-09 15:00:00;0.18096272300000002
2025-05-09 16:00:00;0.051795703000000005
2025-05-09 17:00:00;0.02388178
2025-05-09 18:00:00;0.034776285000000004
2025-05-09 19:00:00;0.06126853
2025-05-09 20:00:00;0.070507029
2025-05-09 21:00:00;0.043233436
2025-05-09 22:00:00;0.016710602999999997
2025-05-09 23:00:00;0.044463040999999995
2025-05-10 00:00:00;0.015065134
2025-05-10 01:00:00;0.014892084
2025-05-10 02:00:00;0.052620737
2025-05-10 03:00:00;0.041543675
2025-05-10 04:00:00;0.019636265
2025-05-10 05:00:00;0.058256656
2025-05-10 06:00:00;0.071757604
2025-05-10 07:00:00;0.20236364499999998
2025-05-10 08:00:00;0.259326027
2025-05-10 09:00:00;0.280533893
2025-05-10 10:00:00;0.284690486
2025-05-10 11:00:00;0.29145904300000003
2025-05-10 12:00:00;0.247445318
2025-05-10 13:00:00;0.30085562
2025-05-10 14:00:00;0.310801781
2025-05-10 15:00:00;0.339299998
2025-05-10 16:00:00;0.292241559
2025-05-10 17:00:00;0.22056261000000002
2025-05-10 18:00:00;0.134403612
2025-05-10 19:00:00;0.11836558100000001
2025-05-10 20:00:00;0.099206492
2025-05-10 21:00:00;0.044434184
2025-05-10 22:00:00;0.070589887
2025-05-10 23:00:00;0.068308661
2025-05-11 00:00:00;0.027212405000000002
2025-05-11 01:00:00;0.038002148
2025-05-11 02:00:00;0.030373068
2025-05-11 03:00:00;0.043687130000000005
2025-05-11 04:00:00;0.053888407
2025-05-11 05:00:00;0.043144689
2025-05-11 06:00:00;0.055429085
2025-05-11 07:00:00;0.12102663400000001
2025-05-11 08:00:00;0.083991676
2025-05-11 09:00:00;0.066212871
2025-05-11 10:00:00;0.055818158
2025-05-11 11:00:00;0.055238225
2025-05-11 12:00:00;0.060924737
2025-05-11 13:00:00;0.06837993899999999
2025-05-11 14:00:00;0.072328021
2025-05-11 15:00:00;0.07042390600000001
2025-05-11 16:00:00;0.06808589899999999
2025-05-11 17:00:00;0.058257758
2025-05-11 18:00:00;0.041271769
2025-05-11 19:00:00;0.042496373
2025-05-11 20:00:00;0.060782445000000004
2025-05-11 21:00:00;0.052690991
2025-05-11 22:00:00;0.042210697000000005
2025-05-11 23:00:00;0.02479683
2025-05-12 00:00:00;0.040065873
2025-05-12 01:00:00;0.027437987
2025-05-12 02:00:00;0.039035846
2025-05-12 03:00:00;0.038012803
2025-05-12 04:00:00;0.042722952
2025-05-12 05:00:00;0.04233204
2025-05-12 06:00:00;0.092578828
2025-05-12 07:00:00;0.070405024
2025-05-12 08:00:00;0.056615607
2025-05-12 09:00:00;0.049294168
2025-05-12 10:00:00;0.042529632
2025-05-12 11:00:00;0.046446184
2025-05-12 12:00:00;0.058955407
2025-05-12 13:00:00;0.053530375
2025-05-12 14:00:00;0.056566848
2025-05-12 15:00:00;0.060336190000000005
2025-05-12 16:00:00;0.062628946
2025-05-12 17:00:00;0.081963974
2025-05-12 18:00:00;0.113645844
2025-05-12 19:00:00;0.127010877
2025-05-12 20:00:00;0.10330484300000001
2025-05-12 21:00:00;0.114600689
2025-05-12 22:00:00;0.059293438999999996
2025-05-12 23:00:00;0.07573676
2025-05-13 00:00:00;0.061002429
2025-05-13 01:00:00;0.04110697
2025-05-13 02:00:00;0.058399301
2025-05-13 03:00:00;0.052901794
2025-05-13 04:00:00;0.063988221
2025-05-13 05:00:00;0.07802305400000001
2025-05-13 06:00:00;0.079056317
2025-05-13 07:00:00;0.033280594000000004
2025-05-13 08:00:00;0.014840801
2025-05-13 09:00:00;0.011288017999999999
2025-05-13 10:00:00;0.007719808
2025-05-13 11:00:00;0.054001576
2025-05-13 12:00:00;0.06549642900000001
2025-05-13 13:00:00;0.063738832
2025-05-13 14:00:00;0.057828778
2025-05-13 15:00:00;0.065173936
2025-05-13 16:00:00;0.02658534
2025-05-13 17:00:00;0.021028711999999998
2025-05-13 18:00:00;0.025383869
2025-05-13 19:00:00;0.015613756999999999
2025-05-13 20:00:00;0.025389598
2025-05-13 21:00:00;0.032902084000000005
2025-05-13 22:00:00;0.011946914
2025-05-13 23:00:00;0.011554926
2025-05-14 00:00:00;0.014667348
2025-05-14 01:00:00;0.012196493000000001
2025-05-14 02:00:00;0.019823965000000002
2025-05-14 03:00:00;0.025067803000000003
2025-05-14 04:00:00;0.028409345
2025-05-14 05:00:00;0.019820966
2025-05-14 06:00:00;0.01480874
2025-05-14 07:00:00;0.017356319
2025-05-14 08:00:00;0.012041714
2025-05-14 09:00:00;0.015637596
2025-05-14 10:00:00;0.031414987
2025-05-14 11:00:00;0.068618652
2025-05-14 12:00:00;0.070148219
2025-05-14 13:00:00;0.071035004
2025-05-14 14:00:00;0.080374784
2025-05-14 15:00:00;0.07066034500000001
2025-05-14 16:00:00;0.071763793
2025-05-14 17:00:00;0.030085215000000002
2025-05-14 18:00:00;0.0337986
2025-05-14 19:00:00;0.01861987
2025-05-14 20:00:00;0.018065280000000003
2025-05-14 21:00:00;0.017116797
2025-05-14 22:00:00;0.048488484
2025-05-14 23:00:00;0.025893169
2025-05-15 00:00:00;0.015588761
2025-05-15 01:00:00;0.012554263999999999
2025-05-15 02:00:00;0.012981013000000001
2025-05-15 03:00:00;0.011912583
2025-05-15 04:00:00;0.013358633
2025-05-15 05:00:00;0.012091753
2025-05-15 06:00:00;0.016625677
2025-05-15 07:00:00;0.012535031
2025-05-15 08:00:00;0.009845804
2025-05-15 09:00:00;0.008153232
2025-05-15 10:00:00;0.007113013
2025-05-15 11:00:00;0.051212465
2025-05-15 12:00:00;0.082158357
2025-05-15 13:00:00;0.083311335
2025-05-15 14:00:00;0.084418959
2025-05-15 15:00:00;0.07920834600000001
2025-05-15 16:00:00;0.067857214
2025-05-15 17:00:00;0.023035154999999998
2025-05-15 18:00:00;0.031336394
2025-05-15 19:00:00;0.037448902
2025-05-15 20:00:00;0.036191912
2025-05-15 21:00:00;0.015895812
2025-05-15 22:00:00;0.014684588
2025-05-15 23:00:00;0.020470943
2025-05-16 00:00:00;0.030603604
2025-05-16 01:00:00;0.014820255
2025-05-16 02:00:00;0.017524667999999997
2025-05-16 03:00:00;0.015961156
2025-05-16 04:00:00;0.014438208
2025-05-16 05:00:00;0.015031407
2025-05-16 06:00:00;0.018420907
2025-05-16 07:00:00;0.015347345
2025-05-16 08:00:00;0.010844255
2025-05-16 09:00:00;0.018298977
2025-05-16 10:00:00;0.019895343
2025-05-16 11:00:00;0.042581911
2025-05-16 12:00:00;0.06643658499999999
2025-05-16 13:00:00;0.043219797
2025-05-16 14:00:00;0.060039226
2025-05-16 15:00:00;0.046431925
2025-05-16 16:00:00;0.006664608000000001
2025-05-16 17:00:00;0.007951232
2025-05-16 18:00:00;0.030699525000000002
2025-05-16 19:00:00;0.050367317
2025-05-16 20:00:00;0.013531798
2025-05-16 21:00:00;0.013824048
2025-05-16 22:00:00;0.012713867
2025-05-16 23:00:00;0.011592921
2025-05-17 00:00:00;0.014191991
2025-05-17 01:00:00;0.012788543000000001
2025-05-17 02:00:00;0.012593213
2025-05-17 03:00:00;0.014048794
2025-05-17 04:00:00;0.015271118
2025-05-17 05:00:00;0.014830111
2025-05-17 06:00:00;0.017957936
2025-05-17 07:00:00;0.016358516
2025-05-17 08:00:00;0.011338108999999999
2025-05-17 09:00:00;0.037090257
2025-05-17 10:00:00;0.027394662
2025-05-17 11:00:00;0.07201255999999999
2025-05-17 12:00:00;0.07521244
2025-05-17 13:00:00;0.068865812
2025-05-17 14:00:00;0.09320007699999999
2025-05-17 15:00:00;0.09567154
2025-05-17 16:00:00;0.087953373
2025-05-17 17:00:00;0.048780517
2025-05-17 18:00:00;0.052394218
2025-05-17 19:00:00;0.064880769
2025-05-17 20:00:00;0.06613584
2025-05-17 21:00:00;0.014790163
2025-05-17 22:00:00;0.015538965
2025-05-17 23:00:00;0.06148335
2025-05-18 00:00:00;0.045185655
2025-05-18 01:00:00;0.040213966999999996
2025-05-18 02:00:00;0.015029263999999999
2025-05-18 03:00:00;0.015430221
2025-05-18 04:00:00;0.014530011
2025-05-18 05:00:00;0.01331305
2025-05-18 06:00:00;0.014280239
2025-05-18 07:00:00;0.015408058
2025-05-18 08:00:00;0.012782908
2025-05-18 09:00:00;0.009897115
2025-05-18 10:00:00;0.017487082999999997
2025-05-18 11:00:00;0.017565131999999997
2025-05-18 12:00:00;0.020905954
2025-05-18 13:00:00;0.042049675
2025-05-18 14:00:00;0.045641734999999996
2025-05-18 15:00:00;0.043310321
2025-05-18 16:00:00;0.028653888
2025-05-18 17:00:00;0.012024864000000001
2025-05-18 18:00:00;0.040768954
2025-05-18 19:00:00;0.024961247
2025-05-18 20:00:00;0.013951156
2025-05-18 21:00:00;0.020481932
2025-05-18 22:00:00;0.040451359
2025-05-18 23:00:00;0.032943676000000005
2025-05-19 00:00:00;0.072772051
2025-05-19 01:00:00;0.025465625
2025-05-19 02:00:00;0.022130459999999998
2025-05-19 03:00:00;0.012977188999999998
2025-05-19 04:00:00;0.012759665
2025-05-19 05:00:00;0.014202877000000001
2025-05-19 06:00:00;0.033419366
2025-05-19 07:00:00;0.014745404
2025-05-19 08:00:00;0.022870632000000002
2025-05-19 09:00:00;0.053634439
2025-05-19 10:00:00;0.049522123
2025-05-19 11:00:00;0.062828887
2025-05-19 12:00:00;0.066955765
2025-05-19 13:00:00;0.067573359
2025-05-19 14:00:00;0.071707804
2025-05-19 15:00:00;0.07168808900000001
2025-05-19 16:00:00;0.060742271
2025-05-19 17:00:00;0.053678219
2025-05-19 18:00:00;0.055826187
2025-05-19 19:00:00;0.06896712499999999
2025-05-19 20:00:00;0.077023895
2025-05-19 21:00:00;0.077004829
2025-05-19 22:00:00;0.074035333
2025-05-19 23:00:00;0.072665925
2025-05-20 00:00:00;0.050046441000000004
2025-05-20 01:00:00;0.031535312
2025-05-20 02:00:00;0.023105729
2025-05-20 03:00:00;0.033912740999999996
2025-05-20 04:00:00;0.019115211
2025-05-20 05:00:00;0.014037961
2025-05-20 06:00:00;0.018869471999999998
2025-05-20 07:00:00;0.023798622000000002
2025-05-20 08:00:00;0.013308926
2025-05-20 09:00:00;0.012451169
2025-05-20 10:00:00;0.008709372
2025-05-20 11:00:00;0.018000381
2025-05-20 12:00:00;0.05659345
2025-05-20 13:00:00;0.06814994299999999
2025-05-20 14:00:00;0.061996719
2025-05-20 15:00:00;0.056693858
2025-05-20 16:00:00;0.038863786
2025-05-20 17:00:00;0.008573273000000001
2025-05-20 18:00:00;0.01005845
2025-05-20 19:00:00;0.013976361999999999
2025-05-20 20:00:00;0.011943878
2025-05-20 21:00:00;0.01151892
2025-05-20 22:00:00;0.010215313
2025-05-20 23:00:00;0.010013773
2025-05-21 00:00:00;0.009777214000000001
2025-05-21 01:00:00;0.009106919
2025-05-21 02:00:00;0.009174645
2025-05-21 03:00:00;0.009795315
2025-05-21 04:00:00;0.009366759
2025-05-21 05:00:00;0.008995146999999998
2025-05-21 06:00:00;0.010475245
2025-05-21 07:00:00;0.027015814
2025-05-21 08:00:00;0.020310115
2025-05-21 09:00:00;0.037242105000000005
2025-05-21 10:00:00;0.012830267
2025-05-21 11:00:00;0.036780113
2025-05-21 12:00:00;0.035547375
2025-05-21 13:00:00;0.04702588
2025-05-21 14:00:00;0.048366738
2025-05-21 15:00:00;0.061674968
2025-05-21 16:00:00;0.056853037999999995
2025-05-21 17:00:00;0.017094204999999998
2025-05-21 18:00:00;0.05177281
2025-05-21 19:00:00;0.06294841799999999
2025-05-21 20:00:00;0.07039673
2025-05-21 21:00:00;0.055543433
2025-05-21 22:00:00;0.053713203
2025-05-21 23:00:00;0.054197553999999995
2025-05-22 00:00:00;0.050912687
2025-05-22 01:00:00;0.04724402
2025-05-22 02:00:00;0.03844351
2025-05-22 03:00:00;0.034956061
2025-05-22 04:00:00;0.034086726
2025-05-22 05:00:00;0.030967124
2025-05-22 06:00:00;0.035194398999999994
2025-05-22 07:00:00;0.028197125
2025-05-22 08:00:00;0.029501424000000002
2025-05-22 09:00:00;0.035009566
2025-05-22 10:00:00;0.041994894000000005
2025-05-22 11:00:00;0.051063197000000005
2025-05-22 12:00:00;0.062771985
2025-05-22 13:00:00;0.06689864400000001
2025-05-22 14:00:00;0.06978851
2025-05-22 15:00:00;0.075372724
2025-05-22 16:00:00;0.062870768
2025-05-22 17:00:00;0.044458961000000005
2025-05-22 18:00:00;0.060507179
2025-05-22 19:00:00;0.042657713
2025-05-22 20:00:00;0.05177922
2025-05-22 21:00:00;0.039286337000000005
2025-05-22 22:00:00;0.05740045
2025-05-22 23:00:00;0.017884501
2025-05-23 00:00:00;0.056733465000000004
2025-05-23 01:00:00;0.020005614
2025-05-23 02:00:00;0.014247719999999998
2025-05-23 03:00:00;0.014184596
2025-05-23 04:00:00;0.047247908000000005
2025-05-23 05:00:00;0.06378922699999999
2025-05-23 06:00:00;0.064920184
2025-05-23 07:00:00;0.06969638
2025-05-23 08:00:00;0.061588927
2025-05-23 09:00:00;0.033889408
2025-05-23 10:00:00;0.044865875
2025-05-23 11:00:00;0.056130944999999995
2025-05-23 12:00:00;0.060838375
2025-05-23 13:00:00;0.080497703
2025-05-23 14:00:00;0.081771781
2025-05-23 15:00:00;0.079346654
2025-05-23 16:00:00;0.048676857
2025-05-23 17:00:00;0.04830782
2025-05-23 18:00:00;0.054704695
2025-05-23 19:00:00;0.062091939000000006
2025-05-23 20:00:00;0.096774991
2025-05-23 21:00:00;0.017583269000000002
2025-05-23 22:00:00;0.016112599
2025-05-23 23:00:00;0.015672771
2025-05-24 00:00:00;0.047454102
2025-05-24 01:00:00;0.016524715
2025-05-24 02:00:00;0.021128005999999998
2025-05-24 03:00:00;0.059383018
2025-05-24 04:00:00;0.063213174
2025-05-24 05:00:00;0.066661457
2025-05-24 06:00:00;0.070566349
2025-05-24 07:00:00;0.075935292
2025-05-24 08:00:00;0.08767069
2025-05-24 09:00:00;0.088273545
2025-05-24 10:00:00;0.081356426
2025-05-24 11:00:00;0.074035667
2025-05-24 12:00:00;0.064003198
2025-05-24 13:00:00;0.041851433
2025-05-24 14:00:00;0.039040241999999996
2025-05-24 15:00:00;0.042920436
2025-05-24 16:00:00;0.039750055000000006
2025-05-24 17:00:00;0.021035533000000002
2025-05-24 18:00:00;0.016001349
2025-05-24 19:00:00;0.055150102
2025-05-24 20:00:00;0.05405866
2025-05-24 21:00:00;0.039647403
2025-05-24 22:00:00;0.027561594
2025-05-24 23:00:00;0.0261962
2025-05-25 00:00:00;0.011518484
2025-05-25 01:00:00;0.010614348
2025-05-25 02:00:00;0.020295287999999998
2025-05-25 03:00:00;0.035888199
2025-05-25 04:00:00;0.045687430999999994
2025-05-25 05:00:00;0.08192044300000001
2025-05-25 06:00:00;0.088966826
2025-05-25 07:00:00;0.086473962
2025-05-25 08:00:00;0.087459475
2025-05-25 09:00:00;0.093189536
2025-05-25 10:00:00;0.10295199599999999
2025-05-25 11:00:00;0.098620801
2025-05-25 12:00:00;0.095111997
2025-05-25 13:00:00;0.095826915
2025-05-25 14:00:00;0.09788498699999999
2025-05-25 15:00:00;0.08807514000000001
2025-05-25 16:00:00;0.091578517
2025-05-25 17:00:00;0.040991981000000004
2025-05-25 18:00:00;0.06823391
2025-05-25 19:00:00;0.069651547
2025-05-25 20:00:00;0.039910638
2025-05-25 21:00:00;0.03588337
2025-05-25 22:00:00;0.029730527
2025-05-25 23:00:00;0.030087474
2025-05-26 00:00:00;0.031861457
2025-05-26 01:00:00;0.030255649
2025-05-26 02:00:00;0.022733759
2025-05-26 03:00:00;0.031492678
2025-05-26 04:00:00;0.030276546
2025-05-26 05:00:00;0.027305163
2025-05-26 06:00:00;0.027733597
2025-05-26 07:00:00;0.064889798
2025-05-26 08:00:00;0.064350803
2025-05-26 09:00:00;0.056333401000000005
2025-05-26 10:00:00;0.05361564
2025-05-26 11:00:00;0.058997269000000005
2025-05-26 12:00:00;0.07489154499999999
2025-05-26 13:00:00;0.06896065500000001
2025-05-26 14:00:00;0.07086834
2025-05-26 15:00:00;0.066272778
2025-05-26 16:00:00;0.034711044999999996
2025-05-26 17:00:00;0.041867914
2025-05-26 18:00:00;0.042930328000000004
2025-05-26 19:00:00;0.031673053
2025-05-26 20:00:00;0.031184952
2025-05-26 21:00:00;0.02349965
2025-05-26 22:00:00;0.033141252
2025-05-26 23:00:00;0.018708445
2025-05-27 00:00:00;0.023111892000000002
2025-05-27 01:00:00;0.019060681
2025-05-27 02:00:00;0.02298515
2025-05-27 03:00:00;0.022217502
2025-05-27 04:00:00;0.011934415
2025-05-27 05:00:00;0.017989234
2025-05-27 06:00:00;0.013961066000000001
2025-05-27 07:00:00;0.02741317
2025-05-27 08:00:00;0.038084345
2025-05-27 09:00:00;0.035050184
2025-05-27 10:00:00;0.025343235
2025-05-27 11:00:00;0.024503167000000003
2025-05-27 12:00:00;0.028919563
2025-05-27 13:00:00;0.023546264
2025-05-27 14:00:00;0.025334142
2025-05-27 15:00:00;0.011232499
2025-05-27 16:00:00;0.034347244000000006
2025-05-27 17:00:00;0.038820429
2025-05-27 18:00:00;0.036299478999999996
2025-05-27 19:00:00;0.033058286
2025-05-27 20:00:00;0.027456896
2025-05-27 21:00:00;0.054901957
2025-05-27 22:00:00;0.0533197
2025-05-27 23:00:00;0.066828495
2025-05-28 00:00:00;0.061261066
2025-05-28 01:00:00;0.069598592
2025-05-28 02:00:00;0.064803735
2025-05-28 03:00:00;0.059846947
2025-05-28 04:00:00;0.059781005
2025-05-28 05:00:00;0.07719303100000001
2025-05-28 06:00:00;0.059933770000000004
2025-05-28 07:00:00;0.06311704
2025-05-28 08:00:00;0.08333757900000001
2025-05-28 09:00:00;0.07579578499999999
2025-05-28 10:00:00;0.055897773
2025-05-28 11:00:00;0.033505648
2025-05-28 12:00:00;0.060934112
2025-05-28 13:00:00;0.07437482799999999
2025-05-28 14:00:00;0.083296781
2025-05-28 15:00:00;0.062838039
2025-05-28 16:00:00;0.039303888
2025-05-28 17:00:00;0.044353853
2025-05-28 18:00:00;0.041428753
2025-05-28 19:00:00;0.010044865
2025-05-28 20:00:00;0.012846970000000001
2025-05-28 21:00:00;0.042844177000000004
2025-05-28 22:00:00;0.02095232
2025-05-28 23:00:00;0.010143214000000001
2025-05-29 00:00:00;0.009911473
2025-05-29 01:00:00;0.009444027
2025-05-29 02:00:00;0.014077316
2025-05-29 03:00:00;0.010744527
2025-05-29 04:00:00;0.010805578
2025-05-29 05:00:00;0.017159255999999998
2025-05-29 06:00:00;0.029509082
2025-05-29 07:00:00;0.029332621
2025-05-29 08:00:00;0.014526718000000001
2025-05-29 09:00:00;0.030992397
2025-05-29 10:00:00;0.038431784000000004
2025-05-29 11:00:00;0.04005431
2025-05-29 12:00:00;0.037932811999999996
2025-05-29 13:00:00;0.06668636600000001
2025-05-29 14:00:00;0.085215123
2025-05-29 15:00:00;0.086019241
2025-05-29 16:00:00;0.082875089
2025-05-29 17:00:00;0.03096844
2025-05-29 18:00:00;0.039984775
2025-05-29 19:00:00;0.023802336
2025-05-29 20:00:00;0.011699811000000001
2025-05-29 21:00:00;0.023603065
2025-05-29 22:00:00;0.026276097
2025-05-29 23:00:00;0.017000203
2025-05-30 00:00:00;0.024902933999999998
2025-05-30 01:00:00;0.029862073
2025-05-30 02:00:00;0.025867489
2025-05-30 03:00:00;0.0168898
2025-05-30 04:00:00;0.010106177000000001
2025-05-30 05:00:00;0.014320551999999999
2025-05-30 06:00:00;0.035748733000000005
2025-05-30 07:00:00;0.048553937
2025-05-30 08:00:00;0.031338609999999996
2025-05-30 09:00:00;0.02966156
2025-05-30 10:00:00;0.06850682500000001
2025-05-30 11:00:00;0.06589589100000001
2025-05-30 12:00:00;0.072279174
2025-05-30 13:00:00;0.080274102
2025-05-30 14:00:00;0.081279249
2025-05-30 15:00:00;0.08260111
2025-05-30 16:00:00;0.060813232
2025-05-30 17:00:00;0.027225322
2025-05-30 18:00:00;0.017145352
2025-05-30 19:00:00;0.008225308
2025-05-30 20:00:00;0.008566789
2025-05-30 21:00:00;0.010020631
2025-05-30 22:00:00;0.008911525
2025-05-30 23:00:00;0.008249272
2025-05-31 00:00:00;0.008423446999999999
2025-05-31 01:00:00;0.008614934
2025-05-31 02:00:00;0.020939588000000002
2025-05-31 03:00:00;0.021648868
2025-05-31 04:00:00;0.026398193
2025-05-31 05:00:00;0.03036726
2025-05-31 06:00:00;0.022988706
2025-05-31 07:00:00;0.011370518999999999
2025-05-31 08:00:00;0.062422874999999996
2025-05-31 09:00:00;0.056330674000000004
2025-05-31 10:00:00;0.047119686
2025-05-31 11:00:00;0.069879017
2025-05-31 12:00:00;0.064140765
2025-05-31 13:00:00;0.062900922
2025-05-31 14:00:00;0.105548941
2025-05-31 15:00:00;0.11089047499999999
2025-05-31 16:00:00;0.107631704
2025-05-31 17:00:00;0.08846713699999999
2025-05-31 18:00:00;0.081381148
2025-05-31 19:00:00;0.07108592899999999
2025-05-31 20:00:00;0.06470924700000001
2025-05-31 21:00:00;0.068202791
2025-05-31 22:00:00;0.063484071
2025-05-31 23:00:00;0.083550772
2025-06-01 00:00:00;0.030535405999999998
2025-06-01 01:00:00;0.024521207
2025-06-01 02:00:00;0.031325688
2025-06-01 03:00:00;0.03491804
2025-06-01 04:00:00;0.036942580999999995
2025-06-01 05:00:00;0.040853205000000004
2025-06-01 06:00:00;0.015595659
2025-06-01 07:00:00;0.017131603
2025-06-01 08:00:00;0.034930296
2025-06-01 09:00:00;0.094840379
2025-06-01 10:00:00;0.103663482
2025-06-01 11:00:00;0.103512412
2025-06-01 12:00:00;0.101922555
2025-06-01 13:00:00;0.09533357599999999
2025-06-01 14:00:00;0.090520254
2025-06-01 15:00:00;0.089011252
2025-06-01 16:00:00;0.073128209
2025-06-01 17:00:00;0.053908223
2025-06-01 18:00:00;0.034202384
2025-06-01 19:00:00;0.01469501
2025-06-01 20:00:00;0.008696806
2025-06-01 21:00:00;0.008133687
2025-06-01 22:00:00;0.010174372
2025-06-01 23:00:00;0.014084236
2025-06-02 00:00:00;0.025837519
2025-06-02 01:00:00;0.024300151
2025-06-02 02:00:00;0.019341004000000002
2025-06-02 03:00:00;0.014717434000000001
2025-06-02 04:00:00;0.017448388999999998
2025-06-02 05:00:00;0.019662038
2025-06-02 06:00:00;0.028103401
2025-06-02 07:00:00;0.017230887
2025-06-02 08:00:00;0.0109548
2025-06-02 09:00:00;0.008719547000000001
2025-06-02 10:00:00;0.023374694999999997
2025-06-02 11:00:00;0.030165552999999998
2025-06-02 12:00:00;0.028832444
2025-06-02 13:00:00;0.028300399
2025-06-02 14:00:00;0.006494506999999999
2025-06-02 15:00:00;0.007616667
2025-06-02 16:00:00;0.008010426000000001
2025-06-02 17:00:00;0.017429884
2025-06-02 18:00:00;0.022792102
2025-06-02 19:00:00;0.039775519
2025-06-02 20:00:00;0.047578767999999994
2025-06-02 21:00:00;0.050612764
2025-06-02 22:00:00;0.09128792799999999
2025-06-02 23:00:00;0.079426992
2025-06-03 00:00:00;0.08019184900000001
2025-06-03 01:00:00;0.041946891
2025-06-03 02:00:00;0.053477137999999994
2025-06-03 03:00:00;0.031805917
2025-06-03 04:00:00;0.029693951
2025-06-03 05:00:00;0.027222184
2025-06-03 06:00:00;0.031808041
2025-06-03 07:00:00;0.038644979999999995
2025-06-03 08:00:00;0.025055688
2025-06-03 09:00:00;0.02822094
2025-06-03 10:00:00;0.015623763
2025-06-03 11:00:00;0.026004498
2025-06-03 12:00:00;0.04101818
2025-06-03 13:00:00;0.042521071
2025-06-03 14:00:00;0.047555136
2025-06-03 15:00:00;0.034165514
2025-06-03 16:00:00;0.012653145000000001
2025-06-03 17:00:00;0.008886559
2025-06-03 18:00:00;0.014594959
2025-06-03 19:00:00;0.013317134
2025-06-03 20:00:00;0.01232785
2025-06-03 21:00:00;0.018621761
2025-06-03 22:00:00;0.007220313
2025-06-03 23:00:00;0.006718442999999999
2025-06-04 00:00:00;0.011485013
2025-06-04 01:00:00;0.0076880379999999995
2025-06-04 02:00:00;0.007726243
2025-06-04 03:00:00;0.009253560999999999
2025-06-04 04:00:00;0.013220415
2025-06-04 05:00:00;0.008281903
2025-06-04 06:00:00;0.011587123999999999
2025-06-04 07:00:00;0.014111962
2025-06-04 08:00:00;0.014452181
2025-06-04 09:00:00;0.007180608000000001
2025-06-04 10:00:00;0.007596601
2025-06-04 11:00:00;0.008316792
2025-06-04 12:00:00;0.009658715
2025-06-04 13:00:00;0.010303205
2025-06-04 14:00:00;0.02180773
2025-06-04 15:00:00;0.029421182
2025-06-04 16:00:00;0.024669259
2025-06-04 17:00:00;0.025974733
2025-06-04 18:00:00;0.028591415999999998
2025-06-04 19:00:00;0.040343781999999995
2025-06-04 20:00:00;0.048935182
2025-06-04 21:00:00;0.051124813000000005
2025-06-04 22:00:00;0.039272255
2025-06-04 23:00:00;0.036445364
2025-06-05 00:00:00;0.029359369
2025-06-05 01:00:00;0.033264002
2025-06-05 02:00:00;0.043023940000000004
2025-06-05 03:00:00;0.039427499
2025-06-05 04:00:00;0.032812902
2025-06-05 05:00:00;0.029996698999999998
2025-06-05 06:00:00;0.026872192
2025-06-05 07:00:00;0.016744253
2025-06-05 08:00:00;0.008099274
2025-06-05 09:00:00;0.009115238
2025-06-05 10:00:00;0.006639887
2025-06-05 11:00:00;0.007793126
2025-06-05 12:00:00;0.009770428000000001
2025-06-05 13:00:00;0.012567947
2025-06-05 14:00:00;0.011262698
2025-06-05 15:00:00;0.0062913069999999995
2025-06-05 16:00:00;0.01331476
2025-06-05 17:00:00;0.007831139
2025-06-05 18:00:00;0.008237172
2025-06-05 19:00:00;0.030318227
2025-06-05 20:00:00;0.014759263
2025-06-05 21:00:00;0.027557624
2025-06-05 22:00:00;0.023701969
2025-06-05 23:00:00;0.044644263000000003
2025-06-06 00:00:00;0.019552738
2025-06-06 01:00:00;0.018446087
2025-06-06 02:00:00;0.055954735
2025-06-06 03:00:00;0.054661585000000006
2025-06-06 04:00:00;0.044677301
2025-06-06 05:00:00;0.050117945
2025-06-06 06:00:00;0.050727626
2025-06-06 07:00:00;0.056450982000000004
2025-06-06 08:00:00;0.051877593
2025-06-06 09:00:00;0.040325531
2025-06-06 10:00:00;0.036020755
2025-06-06 11:00:00;0.035728697
2025-06-06 12:00:00;0.033457885
2025-06-06 13:00:00;0.02743334
2025-06-06 14:00:00;0.030449185
2025-06-06 15:00:00;0.029869485999999997
2025-06-06 16:00:00;0.024274687
2025-06-06 17:00:00;0.018434937000000002
2025-06-06 18:00:00;0.005987616
2025-06-06 19:00:00;0.008891360000000001
2025-06-06 20:00:00;0.009955875000000001
2025-06-06 21:00:00;0.010720141
2025-06-06 22:00:00;0.015566796999999999
2025-06-06 23:00:00;0.009792866999999999
2025-06-07 00:00:00;0.013319936000000001
2025-06-07 01:00:00;0.008424326000000001
2025-06-07 02:00:00;0.008589187000000002
2025-06-07 03:00:00;0.009407816000000001
2025-06-07 04:00:00;0.009007934
2025-06-07 05:00:00;0.010473399999999999
2025-06-07 06:00:00;0.011743706
2025-06-07 07:00:00;0.011797323
2025-06-07 08:00:00;0.043181928999999994
2025-06-07 09:00:00;0.054283873999999996
2025-06-07 10:00:00;0.044118029
2025-06-07 11:00:00;0.030959658
2025-06-07 12:00:00;0.036037194999999994
2025-06-07 13:00:00;0.037995033
2025-06-07 14:00:00;0.061086952
2025-06-07 15:00:00;0.062027597
2025-06-07 16:00:00;0.07575005400000001
2025-06-07 17:00:00;0.092429521
2025-06-07 18:00:00;0.096362983
2025-06-07 19:00:00;0.111645472
2025-06-07 20:00:00;0.07527868700000001
2025-06-07 21:00:00;0.133644815
2025-06-07 22:00:00;0.13341312300000002
2025-06-07 23:00:00;0.121742166
2025-06-08 00:00:00;0.093063723
2025-06-08 01:00:00;0.041240955
2025-06-08 02:00:00;0.031677848
2025-06-08 03:00:00;0.061586115999999996
2025-06-08 04:00:00;0.06512533000000001
2025-06-08 05:00:00;0.080811278
2025-06-08 06:00:00;0.096546571
2025-06-08 07:00:00;0.112035344
2025-06-08 08:00:00;0.095211799
2025-06-08 09:00:00;0.087806279
2025-06-08 10:00:00;0.081213522
2025-06-08 11:00:00;0.079893899
2025-06-08 12:00:00;0.073581334
2025-06-08 13:00:00;0.06804034299999999
2025-06-08 14:00:00;0.066768714
2025-06-08 15:00:00;0.060703685
2025-06-08 16:00:00;0.056660652
2025-06-08 17:00:00;0.053236058
2025-06-08 18:00:00;0.050983855
2025-06-08 19:00:00;0.032454805999999996
2025-06-08 20:00:00;0.032633197
2025-06-08 21:00:00;0.026402481999999998
2025-06-08 22:00:00;0.01898094
2025-06-08 23:00:00;0.024291194000000002
2025-06-09 00:00:00;0.024794693
2025-06-09 01:00:00;0.031718879
2025-06-09 02:00:00;0.033155604
2025-06-09 03:00:00;0.023581924
2025-06-09 04:00:00;0.03103757
2025-06-09 05:00:00;0.03343217
2025-06-09 06:00:00;0.038021761
2025-06-09 07:00:00;0.034831153000000004
2025-06-09 08:00:00;0.034760697
2025-06-09 09:00:00;0.03888626
2025-06-09 10:00:00;0.046541583000000004
2025-06-09 11:00:00;0.060655628
2025-06-09 12:00:00;0.069148759
2025-06-09 13:00:00;0.065113742
2025-06-09 14:00:00;0.055873863999999995
2025-06-09 15:00:00;0.038767518
2025-06-09 16:00:00;0.039881242
2025-06-09 17:00:00;0.029188396999999998
2025-06-09 18:00:00;0.026883422
2025-06-09 19:00:00;0.018934968
2025-06-09 20:00:00;0.036289582
2025-06-09 21:00:00;0.084052322
2025-06-09 22:00:00;0.043874713
2025-06-09 23:00:00;0.067827077
2025-06-10 00:00:00;0.055965673
2025-06-10 01:00:00;0.024654934
2025-06-10 02:00:00;0.030123632
2025-06-10 03:00:00;0.041938756
2025-06-10 04:00:00;0.043234225
2025-06-10 05:00:00;0.032262202999999996
2025-06-10 06:00:00;0.047416634
2025-06-10 07:00:00;0.047510645
2025-06-10 08:00:00;0.052632582
2025-06-10 09:00:00;0.049003650999999995
2025-06-10 10:00:00;0.054124558
2025-06-10 11:00:00;0.049476598000000004
2025-06-10 12:00:00;0.052399732
2025-06-10 13:00:00;0.048147035000000005
2025-06-10 14:00:00;0.05183876
2025-06-10 15:00:00;0.061810918
2025-06-10 16:00:00;0.068441794
2025-06-10 17:00:00;0.06621659599999999
2025-06-10 18:00:00;0.068988884
2025-06-10 19:00:00;0.06416778399999999
2025-06-10 20:00:00;0.03719115
2025-06-10 21:00:00;0.022819322
2025-06-10 22:00:00;0.029528691
2025-06-10 23:00:00;0.0074101309999999995
2025-06-11 00:00:00;0.015579006
2025-06-11 01:00:00;0.017604281
2025-06-11 02:00:00;0.007122638000000001
2025-06-11 03:00:00;0.00671241
2025-06-11 04:00:00;0.006376751
2025-06-11 05:00:00;0.009959258
2025-06-11 06:00:00;0.008134286
2025-06-11 07:00:00;0.006610785
2025-06-11 08:00:00;0.008569251
2025-06-11 09:00:00;0.0047216490000000005
2025-06-11 10:00:00;0.005663304
2025-06-11 11:00:00;0.021796238
2025-06-11 12:00:00;0.03715743
2025-06-11 13:00:00;0.050274575
2025-06-11 14:00:00;0.053925074
2025-06-11 15:00:00;0.043390731
2025-06-11 16:00:00;0.028535488
2025-06-11 17:00:00;0.006036667999999999
2025-06-11 18:00:00;0.006374338
2025-06-11 19:00:00;0.039921738
2025-06-11 20:00:00;0.07089519799999999
2025-06-11 21:00:00;0.06988776199999999
2025-06-11 22:00:00;0.069376585
2025-06-11 23:00:00;0.035260311
2025-06-12 00:00:00;0.028961341999999998
2025-06-12 01:00:00;0.068695316
2025-06-12 02:00:00;0.044185629
2025-06-12 03:00:00;0.053082643
2025-06-12 04:00:00;0.07130046799999999
2025-06-12 05:00:00;0.08443176200000001
2025-06-12 06:00:00;0.047305801
2025-06-12 07:00:00;0.036313331
2025-06-12 08:00:00;0.067607318
2025-06-12 09:00:00;0.053875989
2025-06-12 10:00:00;0.062354898
2025-06-12 11:00:00;0.062119336
2025-06-12 12:00:00;0.06701725500000001
2025-06-12 13:00:00;0.062180741
2025-06-12 14:00:00;0.059489576
2025-06-12 15:00:00;0.058357556000000005
2025-06-12 16:00:00;0.062505449
2025-06-12 17:00:00;0.041976868
2025-06-12 18:00:00;0.037798938
2025-06-12 19:00:00;0.019107914
2025-06-12 20:00:00;0.055153111000000005
2025-06-12 21:00:00;0.034924838
2025-06-12 22:00:00;0.02644336
2025-06-12 23:00:00;0.024631181999999998
2025-06-13 00:00:00;0.047509385
2025-06-13 01:00:00;0.055264882
2025-06-13 02:00:00;0.055468947
2025-06-13 03:00:00;0.063170236
2025-06-13 04:00:00;0.06638419799999999
2025-06-13 05:00:00;0.055333847
2025-06-13 06:00:00;0.047034967000000004
2025-06-13 07:00:00;0.054308653
2025-06-13 08:00:00;0.036150207000000004
2025-06-13 09:00:00;0.014125975
2025-06-13 10:00:00;0.010595931999999999
2025-06-13 11:00:00;0.019952555
2025-06-13 12:00:00;0.023991671
2025-06-13 13:00:00;0.024233602
2025-06-13 14:00:00;0.024825744
2025-06-13 15:00:00;0.02553294
2025-06-13 16:00:00;0.02702901
2025-06-13 17:00:00;0.022301296
2025-06-13 18:00:00;0.034845594
2025-06-13 19:00:00;0.007374039
2025-06-13 20:00:00;0.010063072999999999
2025-06-13 21:00:00;0.021706557
2025-06-13 22:00:00;0.028199757000000002
2025-06-13 23:00:00;0.02289602
2025-06-14 00:00:00;0.028754351
2025-06-14 01:00:00;0.034956189
2025-06-14 02:00:00;0.050359113000000004
2025-06-14 03:00:00;0.040789266
2025-06-14 04:00:00;0.059725206999999995
2025-06-14 05:00:00;0.062354413000000004
2025-06-14 06:00:00;0.058133304000000004
2025-06-14 07:00:00;0.04046013
2025-06-14 08:00:00;0.027006567000000002
2025-06-14 09:00:00;0.031690816999999996
2025-06-14 10:00:00;0.031378345
2025-06-14 11:00:00;0.035116728
2025-06-14 12:00:00;0.035666447
2025-06-14 13:00:00;0.037318669
2025-06-14 14:00:00;0.039359737000000006
2025-06-14 15:00:00;0.031912267
2025-06-14 16:00:00;0.017087767
2025-06-14 17:00:00;0.004689246
2025-06-14 18:00:00;0.006103618
2025-06-14 19:00:00;0.014539173999999998
2025-06-14 20:00:00;0.032570161
2025-06-14 21:00:00;0.021567285
2025-06-14 22:00:00;0.022282475000000003
2025-06-14 23:00:00;0.023026058
2025-06-15 00:00:00;0.009935839
2025-06-15 01:00:00;0.0153717
2025-06-15 02:00:00;0.017996085999999998
2025-06-15 03:00:00;0.012214769
2025-06-15 04:00:00;0.027830447
2025-06-15 05:00:00;0.048966798
2025-06-15 06:00:00;0.03339851
2025-06-15 07:00:00;0.071999274
2025-06-15 08:00:00;0.08281364299999999
2025-06-15 09:00:00;0.072039517
2025-06-15 10:00:00;0.059623475
2025-06-15 11:00:00;0.060625263
2025-06-15 12:00:00;0.055990833999999996
2025-06-15 13:00:00;0.092751675
2025-06-15 14:00:00;0.097792079
2025-06-15 15:00:00;0.111527004
2025-06-15 16:00:00;0.099630379
2025-06-15 17:00:00;0.077023811
2025-06-15 18:00:00;0.07808715599999999
2025-06-15 19:00:00;0.072116637
2025-06-15 20:00:00;0.010970219
2025-06-15 21:00:00;0.014055
2025-06-15 22:00:00;0.026274434
2025-06-15 23:00:00;0.014406688
2025-06-16 00:00:00;0.014817157999999999
2025-06-16 01:00:00;0.009488002
2025-06-16 02:00:00;0.009083878
2025-06-16 03:00:00;0.011547394
2025-06-16 04:00:00;0.010573055999999999
2025-06-16 05:00:00;0.008855585
2025-06-16 06:00:00;0.008550459
2025-06-16 07:00:00;0.008239817
2025-06-16 08:00:00;0.007129504
2025-06-16 09:00:00;0.006224544
2025-06-16 10:00:00;0.0063133419999999996
2025-06-16 11:00:00;0.010118475
2025-06-16 12:00:00;0.037003401
2025-06-16 13:00:00;0.041926440999999995
2025-06-16 14:00:00;0.03073095
2025-06-16 15:00:00;0.007048943
2025-06-16 16:00:00;0.003923678
2025-06-16 17:00:00;0.008282366
2025-06-16 18:00:00;0.006207706
2025-06-16 19:00:00;0.00677583
2025-06-16 20:00:00;0.009980477
2025-06-16 21:00:00;0.024163957
2025-06-16 22:00:00;0.03336112
2025-06-16 23:00:00;0.029561879000000003
2025-06-17 00:00:00;0.017314361
2025-06-17 01:00:00;0.030512853
2025-06-17 02:00:00;0.032079039999999996
2025-06-17 03:00:00;0.032322965
2025-06-17 04:00:00;0.035239826
2025-06-17 05:00:00;0.038147197
2025-06-17 06:00:00;0.03870782
2025-06-17 07:00:00;0.022750526
2025-06-17 08:00:00;0.008564325999999999
2025-06-17 09:00:00;0.011442746
2025-06-17 10:00:00;0.02578281
2025-06-17 11:00:00;0.064327804
2025-06-17 12:00:00;0.057759746
2025-06-17 13:00:00;0.06484789
2025-06-17 14:00:00;0.049051090000000006
2025-06-17 15:00:00;0.051214669
2025-06-17 16:00:00;0.0043978590000000005
2025-06-17 17:00:00;0.005668876
2025-06-17 18:00:00;0.006396349
2025-06-17 19:00:00;0.032316528
2025-06-17 20:00:00;0.053619215
2025-06-17 21:00:00;0.055848664
2025-06-17 22:00:00;0.045587167
2025-06-17 23:00:00;0.00836042
2025-06-18 00:00:00;0.008093374
2025-06-18 01:00:00;0.014584381
2025-06-18 02:00:00;0.008291261000000001
2025-06-18 03:00:00;0.01704473
2025-06-18 04:00:00;0.023208322
2025-06-18 05:00:00;0.036571401999999996
2025-06-18 06:00:00;0.049445295
2025-06-18 07:00:00;0.02082837
2025-06-18 08:00:00;0.052023762
2025-06-18 09:00:00;0.050087821
2025-06-18 10:00:00;0.055865554000000005
2025-06-18 11:00:00;0.051103015
2025-06-18 12:00:00;0.061100997
2025-06-18 13:00:00;0.072871297
2025-06-18 14:00:00;0.050773591
2025-06-18 15:00:00;0.038213457
2025-06-18 16:00:00;0.010817057
2025-06-18 17:00:00;0.0065599379999999995
2025-06-18 18:00:00;0.005977000999999999
2025-06-18 19:00:00;0.0070868500000000004
2025-06-18 20:00:00;0.008313010000000001
2025-06-18 21:00:00;0.024401207
2025-06-18 22:00:00;0.027463211
2025-06-18 23:00:00;0.008813565
2025-06-19 00:00:00;0.007333711
2025-06-19 01:00:00;0.00690681
2025-06-19 02:00:00;0.0070159459999999995
2025-06-19 03:00:00;0.008978403999999999
2025-06-19 04:00:00;0.009478813
2025-06-19 05:00:00;0.007409744
2025-06-19 06:00:00;0.006606816000000001
2025-06-19 07:00:00;0.0055655489999999995
2025-06-19 08:00:00;0.005215403
2025-06-19 09:00:00;0.016262175
2025-06-19 10:00:00;0.028354562
2025-06-19 11:00:00;0.034582708
2025-06-19 12:00:00;0.036083747
2025-06-19 13:00:00;0.035170419
2025-06-19 14:00:00;0.035716414999999994
2025-06-19 15:00:00;0.038694389999999995
2025-06-19 16:00:00;0.039768542
2025-06-19 17:00:00;0.015571289
2025-06-19 18:00:00;0.006544882
2025-06-19 19:00:00;0.006475806999999999
2025-06-19 20:00:00;0.0072733350000000006
2025-06-19 21:00:00;0.011659969999999999
2025-06-19 22:00:00;0.008368724999999999
2025-06-19 23:00:00;0.0077303369999999995
2025-06-20 00:00:00;0.009959176
2025-06-20 01:00:00;0.008635826
2025-06-20 02:00:00;0.008724425999999999
2025-06-20 03:00:00;0.00939397
2025-06-20 04:00:00;0.013739815
2025-06-20 05:00:00;0.027468004
2025-06-20 06:00:00;0.026510925
2025-06-20 07:00:00;0.009858762
2025-06-20 08:00:00;0.020533148
2025-06-20 09:00:00;0.024501238
2025-06-20 10:00:00;0.022970809
2025-06-20 11:00:00;0.024699749
2025-06-20 12:00:00;0.034638947
2025-06-20 13:00:00;0.06786259
2025-06-20 14:00:00;0.043170595
2025-06-20 15:00:00;0.028369532
2025-06-20 16:00:00;0.015257203
2025-06-20 17:00:00;0.008951803
2025-06-20 18:00:00;0.008748753000000001
2025-06-20 19:00:00;0.08100636900000001
2025-06-20 20:00:00;0.103117305
2025-06-20 21:00:00;0.080047272
2025-06-20 22:00:00;0.063014632
2025-06-20 23:00:00;0.027167915
2025-06-21 00:00:00;0.051679766
2025-06-21 01:00:00;0.015696122
2025-06-21 02:00:00;0.014914307000000002
2025-06-21 03:00:00;0.014639949
2025-06-21 04:00:00;0.008784588
2025-06-21 05:00:00;0.009023337
2025-06-21 06:00:00;0.009756403
2025-06-21 07:00:00;0.009378565
2025-06-21 08:00:00;0.009736959
2025-06-21 09:00:00;0.013187606000000001
2025-06-21 10:00:00;0.02713745
2025-06-21 11:00:00;0.035348809
2025-06-21 12:00:00;0.045875692
2025-06-21 13:00:00;0.043909234
2025-06-21 14:00:00;0.08788455299999999
2025-06-21 15:00:00;0.04023433
2025-06-21 16:00:00;0.017205881000000003
2025-06-21 17:00:00;0.008825300999999999
2025-06-21 18:00:00;0.010412098
2025-06-21 19:00:00;0.009649984
2025-06-21 20:00:00;0.054097060999999995
2025-06-21 21:00:00;0.057231617
2025-06-21 22:00:00;0.058148988000000006
2025-06-21 23:00:00;0.038753293
2025-06-22 00:00:00;0.02660172
2025-06-22 01:00:00;0.023429793
2025-06-22 02:00:00;0.033512498
2025-06-22 03:00:00;0.038428948
2025-06-22 04:00:00;0.051540545
2025-06-22 05:00:00;0.033279666
2025-06-22 06:00:00;0.033511182
2025-06-22 07:00:00;0.055721596
2025-06-22 08:00:00;0.074732775
2025-06-22 09:00:00;0.08649881100000001
2025-06-22 10:00:00;0.086187874
2025-06-22 11:00:00;0.054336976
2025-06-22 12:00:00;0.050259304
2025-06-22 13:00:00;0.054677059
2025-06-22 14:00:00;0.052668824999999996
2025-06-22 15:00:00;0.054635831
2025-06-22 16:00:00;0.059367748
2025-06-22 17:00:00;0.038032597
2025-06-22 18:00:00;0.014069992
2025-06-22 19:00:00;0.012002843000000001
2025-06-22 20:00:00;0.024184978
2025-06-22 21:00:00;0.051425754
2025-06-22 22:00:00;0.027423055999999998
2025-06-22 23:00:00;0.010754943000000001
2025-06-23 00:00:00;0.024858316
2025-06-23 01:00:00;0.026754402
2025-06-23 02:00:00;0.02880733
2025-06-23 03:00:00;0.030642967
2025-06-23 04:00:00;0.0326853
2025-06-23 05:00:00;0.021928528
2025-06-23 06:00:00;0.028232516
2025-06-23 07:00:00;0.029140881
2025-06-23 08:00:00;0.023948623999999998
2025-06-23 09:00:00;0.032294748
2025-06-23 10:00:00;0.035068844
2025-06-23 11:00:00;0.041588267000000005
2025-06-23 12:00:00;0.041063552999999996
2025-06-23 13:00:00;0.043166373
2025-06-23 14:00:00;0.043159526
2025-06-23 15:00:00;0.043213467
2025-06-23 16:00:00;0.042662241999999996
2025-06-23 17:00:00;0.059355573
2025-06-23 18:00:00;0.042029507
2025-06-23 19:00:00;0.019167616
2025-06-23 20:00:00;0.013754482
2025-06-23 21:00:00;0.015960993
2025-06-23 22:00:00;0.006000026
2025-06-23 23:00:00;0.0070239989999999995
2025-06-24 00:00:00;0.025429304
2025-06-24 01:00:00;0.006496859
2025-06-24 02:00:00;0.005780987
2025-06-24 03:00:00;0.005857945
2025-06-24 04:00:00;0.006362305
2025-06-24 05:00:00;0.006588828999999999
2025-06-24 06:00:00;0.007331736
2025-06-24 07:00:00;0.024128847000000002
2025-06-24 08:00:00;0.029214604999999998
2025-06-24 09:00:00;0.033615642
2025-06-24 10:00:00;0.031681053
2025-06-24 11:00:00;0.0308571
2025-06-24 12:00:00;0.029368666999999998
2025-06-24 13:00:00;0.030878233
2025-06-24 14:00:00;0.034072634
2025-06-24 15:00:00;0.039049468
2025-06-24 16:00:00;0.038686584
2025-06-24 17:00:00;0.033507874
2025-06-24 18:00:00;0.03016934
2025-06-24 19:00:00;0.051214839
2025-06-24 20:00:00;0.050718407
2025-06-24 21:00:00;0.061450698000000005
2025-06-24 22:00:00;0.051570903
2025-06-24 23:00:00;0.036947625000000005
2025-06-25 00:00:00;0.025710519
2025-06-25 01:00:00;0.025586127
2025-06-25 02:00:00;0.012796404
2025-06-25 03:00:00;0.021443525999999997
2025-06-25 04:00:00;0.023160478999999998
2025-06-25 05:00:00;0.019894631
2025-06-25 06:00:00;0.027007345000000002
2025-06-25 07:00:00;0.044905592
2025-06-25 08:00:00;0.051703637000000004
2025-06-25 09:00:00;0.034359402000000004
2025-06-25 10:00:00;0.024593083
2025-06-25 11:00:00;0.028316958
2025-06-25 12:00:00;0.029920181
2025-06-25 13:00:00;0.031260613
2025-06-25 14:00:00;0.030355367
2025-06-25 15:00:00;0.035417643
2025-06-25 16:00:00;0.01649931
2025-06-25 17:00:00;0.051633605000000006
2025-06-25 18:00:00;0.007665555
2025-06-25 19:00:00;0.051229275000000005
2025-06-25 20:00:00;0.080755797
2025-06-25 21:00:00;0.09079269200000001
2025-06-25 22:00:00;0.084074219
2025-06-25 23:00:00;0.111173016
2025-06-26 00:00:00;0.12984419600000002
2025-06-26 01:00:00;0.130074311
2025-06-26 02:00:00;0.124817377
2025-06-26 03:00:00;0.124943173
2025-06-26 04:00:00;0.122234128
2025-06-26 05:00:00;0.116317367
2025-06-26 06:00:00;0.115357216
2025-06-26 07:00:00;0.09422849700000001
2025-06-26 08:00:00;0.021953989
2025-06-26 09:00:00;0.021260154
2025-06-26 10:00:00;0.016916401
2025-06-26 11:00:00;0.016927754
2025-06-26 12:00:00;0.014788639
2025-06-26 13:00:00;0.036902799
2025-06-26 14:00:00;0.041018532
2025-06-26 15:00:00;0.043815587999999996
2025-06-26 16:00:00;0.038091990000000006
2025-06-26 17:00:00;0.033512316
2025-06-26 18:00:00;0.031066246
2025-06-26 19:00:00;0.035919532
2025-06-26 20:00:00;0.029315505000000002
2025-06-26 21:00:00;0.055386141
2025-06-26 22:00:00;0.04008910500000001
2025-06-26 23:00:00;0.029593912
2025-06-27 00:00:00;0.0254589
2025-06-27 01:00:00;0.043060509000000004
2025-06-27 02:00:00;0.036625907
2025-06-27 03:00:00;0.032257103
2025-06-27 04:00:00;0.014764767000000002
2025-06-27 05:00:00;0.011632269
2025-06-27 06:00:00;0.008355918
2025-06-27 07:00:00;0.012131326
2025-06-27 08:00:00;0.0084625
2025-06-27 09:00:00;0.014891969
2025-06-27 10:00:00;0.028518224000000002
2025-06-27 11:00:00;0.006901763
2025-06-27 12:00:00;0.0072815219999999995
2025-06-27 13:00:00;0.008522511
2025-06-27 14:00:00;0.006874751
2025-06-27 15:00:00;0.007742452
2025-06-27 16:00:00;0.006607362
2025-06-27 17:00:00;0.006375928
2025-06-27 18:00:00;0.006660684
2025-06-27 19:00:00;0.007431466
2025-06-27 20:00:00;0.013456336999999999
2025-06-27 21:00:00;0.026584536
2025-06-27 22:00:00;0.021372167
2025-06-27 23:00:00;0.016418702
2025-06-28 00:00:00;0.024803688999999997
2025-06-28 01:00:00;0.025294247
2025-06-28 02:00:00;0.017335599
2025-06-28 03:00:00;0.022895509
2025-06-28 04:00:00;0.0149955
2025-06-28 05:00:00;0.010164999
2025-06-28 06:00:00;0.008816096
2025-06-28 07:00:00;0.008046636
2025-06-28 08:00:00;0.0072848750000000006
2025-06-28 09:00:00;0.034617425
2025-06-28 10:00:00;0.048346266
2025-06-28 11:00:00;0.038094937
2025-06-28 12:00:00;0.041565545
2025-06-28 13:00:00;0.041617216
2025-06-28 14:00:00;0.049190055999999996
2025-06-28 15:00:00;0.045404333
2025-06-28 16:00:00;0.039259439
2025-06-28 17:00:00;0.028278586
2025-06-28 18:00:00;0.008252207999999999
2025-06-28 19:00:00;0.00810177
2025-06-28 20:00:00;0.007941051
2025-06-28 21:00:00;0.007988736
2025-06-28 22:00:00;0.007965337
2025-06-28 23:00:00;0.008456773
2025-06-29 00:00:00;0.008648312
2025-06-29 01:00:00;0.008530965
2025-06-29 02:00:00;0.009043462
2025-06-29 03:00:00;0.0089928
2025-06-29 04:00:00;0.008040205
2025-06-29 05:00:00;0.009232875
2025-06-29 06:00:00;0.009800122999999999
2025-06-29 07:00:00;0.009537162
2025-06-29 08:00:00;0.008077386
2025-06-29 09:00:00;0.014236035
2025-06-29 10:00:00;0.014408708000000001
2025-06-29 11:00:00;0.018238026
2025-06-29 12:00:00;0.026846144
2025-06-29 13:00:00;0.053966115
2025-06-29 14:00:00;0.039984039000000006
2025-06-29 15:00:00;0.031440802999999996
2025-06-29 16:00:00;0.022462992
2025-06-29 17:00:00;0.016490274
2025-06-29 18:00:00;0.006697919
2025-06-29 19:00:00;0.007546420000000001
2025-06-29 20:00:00;0.007617172
2025-06-29 21:00:00;0.008725949
2025-06-29 22:00:00;0.008137805
2025-06-29 23:00:00;0.012225300000000001
2025-06-30 00:00:00;0.008201745
2025-06-30 01:00:00;0.011668376999999999
2025-06-30 02:00:00;0.010491922
2025-06-30 03:00:00;0.009665974
2025-06-30 04:00:00;0.010723373000000001
2025-06-30 05:00:00;0.014264053
2025-06-30 06:00:00;0.036204556
2025-06-30 07:00:00;0.027793666
2025-06-30 08:00:00;0.009452578000000001
2025-06-30 09:00:00;0.008186756000000002
2025-06-30 10:00:00;0.008625268
2025-06-30 11:00:00;0.009598744999999999
2025-06-30 12:00:00;0.009722853
2025-06-30 13:00:00;0.048005845
2025-06-30 14:00:00;0.033067599999999996
2025-06-30 15:00:00;0.009928438999999999
2025-06-30 16:00:00;0.019193704
2025-06-30 17:00:00;0.024150455
2025-06-30 18:00:00;0.05412950699999999
2025-06-30 19:00:00;0.064544056
2025-06-30 20:00:00;0.075497575
2025-06-30 21:00:00;0.075975691
2025-06-30 22:00:00;0.069183185
2025-06-30 23:00:00;0.026006169
2025-07-01 00:00:00;0.115317188
2025-07-01 01:00:00;0.065689232
2025-07-01 02:00:00;0.07903818
2025-07-01 03:00:00;0.082060199
2025-07-01 04:00:00;0.056572453
2025-07-01 05:00:00;0.045095392
2025-07-01 06:00:00;0.06059031
2025-07-01 07:00:00;0.048191225000000004
2025-07-01 08:00:00;0.016114958000000002
2025-07-01 09:00:00;0.008183955
2025-07-01 10:00:00;0.007103297000000001
2025-07-01 11:00:00;0.007406833
2025-07-01 12:00:00;0.0074631559999999994
2025-07-01 13:00:00;0.010520617
2025-07-01 14:00:00;0.045142531
2025-07-01 15:00:00;0.03234047
2025-07-01 16:00:00;0.015382191
2025-07-01 17:00:00;0.026587007
2025-07-01 18:00:00;0.064073051
2025-07-01 19:00:00;0.088317166
2025-07-01 20:00:00;0.10215434799999999
2025-07-01 21:00:00;0.10680279899999999
2025-07-01 22:00:00;0.107239582
2025-07-01 23:00:00;0.078232945
2025-07-02 00:00:00;0.014662563
2025-07-02 01:00:00;0.060029997
2025-07-02 02:00:00;0.011974193
2025-07-02 03:00:00;0.012526462
2025-07-02 04:00:00;0.015427089
2025-07-02 05:00:00;0.052397029000000005
2025-07-02 06:00:00;0.062032153
2025-07-02 07:00:00;0.05517174
2025-07-02 08:00:00;0.011341961
2025-07-02 09:00:00;0.013167778
2025-07-02 10:00:00;0.013576119000000001
2025-07-02 11:00:00;0.018330045
2025-07-02 12:00:00;0.083315814
2025-07-02 13:00:00;0.072141329
2025-07-02 14:00:00;0.049535635999999994
2025-07-02 15:00:00;0.014909671
2025-07-02 16:00:00;0.030778723
2025-07-02 17:00:00;0.043313105
2025-07-02 18:00:00;0.057863529
2025-07-02 19:00:00;0.073234272
2025-07-02 20:00:00;0.078254003
2025-07-02 21:00:00;0.076037185
2025-07-02 22:00:00;0.06618007199999999
2025-07-02 23:00:00;0.051006755
2025-07-03 00:00:00;0.010712349
2025-07-03 01:00:00;0.021643954
2025-07-03 02:00:00;0.024088106
2025-07-03 03:00:00;0.008957079
2025-07-03 04:00:00;0.007464067
2025-07-03 05:00:00;0.00934736
2025-07-03 06:00:00;0.007325796999999999
2025-07-03 07:00:00;0.041794151
2025-07-03 08:00:00;0.022195911
2025-07-03 09:00:00;0.039533690999999996
2025-07-03 10:00:00;0.0503633
2025-07-03 11:00:00;0.03603112
2025-07-03 12:00:00;0.036132049
2025-07-03 13:00:00;0.029265146000000002
2025-07-03 14:00:00;0.022628533
2025-07-03 15:00:00;0.0070477299999999994
2025-07-03 16:00:00;0.006326583
2025-07-03 17:00:00;0.0061228639999999996
2025-07-03 18:00:00;0.006950985
2025-07-03 19:00:00;0.006858053
2025-07-03 20:00:00;0.007826689
2025-07-03 21:00:00;0.031046510000000003
2025-07-03 22:00:00;0.036168731
2025-07-03 23:00:00;0.044527664
2025-07-04 00:00:00;0.035648955999999996
2025-07-04 01:00:00;0.028230340000000003
2025-07-04 02:00:00;0.047948822
2025-07-04 03:00:00;0.040240596
2025-07-04 04:00:00;0.033545271999999994
2025-07-04 05:00:00;0.040803097
2025-07-04 06:00:00;0.041026882
2025-07-04 07:00:00;0.047420842
2025-07-04 08:00:00;0.051830913
2025-07-04 09:00:00;0.006649174000000001
2025-07-04 10:00:00;0.025937577
2025-07-04 11:00:00;0.040183839
2025-07-04 12:00:00;0.063736933
2025-07-04 13:00:00;0.065103166
2025-07-04 14:00:00;0.062978427
2025-07-04 15:00:00;0.049842402
2025-07-04 16:00:00;0.027073365
2025-07-04 17:00:00;0.012687991000000001
2025-07-04 18:00:00;0.01081354
2025-07-04 19:00:00;0.007595127
2025-07-04 20:00:00;0.01546943
2025-07-04 21:00:00;0.029101639999999998
2025-07-04 22:00:00;0.030535491
2025-07-04 23:00:00;0.029865675
2025-07-05 00:00:00;0.017588523
2025-07-05 01:00:00;0.019330448
2025-07-05 02:00:00;0.0077030219999999995
2025-07-05 03:00:00;0.008184984999999999
2025-07-05 04:00:00;0.008863461
2025-07-05 05:00:00;0.007802232
2025-07-05 06:00:00;0.007340762
2025-07-05 07:00:00;0.007218701
2025-07-05 08:00:00;0.012291644
2025-07-05 09:00:00;0.032828898
2025-07-05 10:00:00;0.036775757
2025-07-05 11:00:00;0.039039200999999996
2025-07-05 12:00:00;0.04879136
2025-07-05 13:00:00;0.055407566000000005
2025-07-05 14:00:00;0.045229428
2025-07-05 15:00:00;0.047687047999999996
2025-07-05 16:00:00;0.046717967
2025-07-05 17:00:00;0.038392168
2025-07-05 18:00:00;0.025701553000000002
2025-07-05 19:00:00;0.006917251
2025-07-05 20:00:00;0.007267462
2025-07-05 21:00:00;0.007257728
2025-07-05 22:00:00;0.007688108
2025-07-05 23:00:00;0.008778229
2025-07-06 00:00:00;0.008769972
2025-07-06 01:00:00;0.016395952000000002
2025-07-06 02:00:00;0.013419415
2025-07-06 03:00:00;0.00920191
2025-07-06 04:00:00;0.009744369000000001
2025-07-06 05:00:00;0.010859434
2025-07-06 06:00:00;0.012240839
2025-07-06 07:00:00;0.028263971000000002
2025-07-06 08:00:00;0.035720396
2025-07-06 09:00:00;0.018698052
2025-07-06 10:00:00;0.014843934000000001
2025-07-06 11:00:00;0.016668396000000002
2025-07-06 12:00:00;0.014447680000000001
2025-07-06 13:00:00;0.013214651
2025-07-06 14:00:00;0.009388579
2025-07-06 15:00:00;0.008275013
2025-07-06 16:00:00;0.008065549
2025-07-06 17:00:00;0.007684278
2025-07-06 18:00:00;0.030187966
2025-07-06 19:00:00;0.024668571
2025-07-06 20:00:00;0.034690834000000004
2025-07-06 21:00:00;0.033953632
2025-07-06 22:00:00;0.06377706
2025-07-06 23:00:00;0.081875607
2025-07-07 00:00:00;0.058005946
2025-07-07 01:00:00;0.064485947
2025-07-07 02:00:00;0.056456527
2025-07-07 03:00:00;0.067968381
2025-07-07 04:00:00;0.062626262
2025-07-07 05:00:00;0.066059911
2025-07-07 06:00:00;0.079441633
2025-07-07 07:00:00;0.078378535
2025-07-07 08:00:00;0.065387688
2025-07-07 09:00:00;0.063179849
2025-07-07 10:00:00;0.050193721
2025-07-07 11:00:00;0.038444275
2025-07-07 12:00:00;0.031756451
2025-07-07 13:00:00;0.033684756999999996
2025-07-07 14:00:00;0.030516703
2025-07-07 15:00:00;0.030683539
2025-07-07 16:00:00;0.030161725
2025-07-07 17:00:00;0.016256841
2025-07-07 18:00:00;0.030657622
2025-07-07 19:00:00;0.056403647
2025-07-07 20:00:00;0.008910773
2025-07-07 21:00:00;0.009966052
2025-07-07 22:00:00;0.045324993
2025-07-07 23:00:00;0.009288508000000001
2025-07-08 00:00:00;0.03273311
2025-07-08 01:00:00;0.024397915000000003
2025-07-08 02:00:00;0.025887
2025-07-08 03:00:00;0.024274728
2025-07-08 04:00:00;0.023494446
2025-07-08 05:00:00;0.026812919999999997
2025-07-08 06:00:00;0.028885657999999998
2025-07-08 07:00:00;0.030725497
2025-07-08 08:00:00;0.011816335
2025-07-08 09:00:00;0.007995224
2025-07-08 10:00:00;0.02679406
2025-07-08 11:00:00;0.029518279
2025-07-08 12:00:00;0.027257459999999997
2025-07-08 13:00:00;0.032540818
2025-07-08 14:00:00;0.038164290999999996
2025-07-08 15:00:00;0.038177125
2025-07-08 16:00:00;0.016335355
2025-07-08 17:00:00;0.0077117950000000005
2025-07-08 18:00:00;0.011066724
2025-07-08 19:00:00;0.02701812
2025-07-08 20:00:00;0.012920797999999999
2025-07-08 21:00:00;0.011245117
2025-07-08 22:00:00;0.01155334
2025-07-08 23:00:00;0.012880253
2025-07-09 00:00:00;0.034440155
2025-07-09 01:00:00;0.038157873
2025-07-09 02:00:00;0.044742552000000005
2025-07-09 03:00:00;0.049929845
2025-07-09 04:00:00;0.056477547999999995
2025-07-09 05:00:00;0.06670047800000001
2025-07-09 06:00:00;0.077537885
2025-07-09 07:00:00;0.072788672
2025-07-09 08:00:00;0.023896997
2025-07-09 09:00:00;0.06582987400000001
2025-07-09 10:00:00;0.07079759699999999
2025-07-09 11:00:00;0.057430834
2025-07-09 12:00:00;0.07913073
2025-07-09 13:00:00;0.10327905300000001
2025-07-09 14:00:00;0.092022757
2025-07-09 15:00:00;0.078232918
2025-07-09 16:00:00;0.067892465
2025-07-09 17:00:00;0.015426544
2025-07-09 18:00:00;0.083146814
2025-07-09 19:00:00;0.08929419
2025-07-09 20:00:00;0.096945409
2025-07-09 21:00:00;0.100277631
2025-07-09 22:00:00;0.07869240999999999
2025-07-09 23:00:00;0.012526097
2025-07-10 00:00:00;0.062545086
2025-07-10 01:00:00;0.05313756
2025-07-10 02:00:00;0.053247529
2025-07-10 03:00:00;0.070746068
2025-07-10 04:00:00;0.091108682
2025-07-10 05:00:00;0.08832572000000001
2025-07-10 06:00:00;0.09010793
2025-07-10 07:00:00;0.07537826
2025-07-10 08:00:00;0.035992460000000004
2025-07-10 09:00:00;0.022105842
2025-07-10 10:00:00;0.032206311999999994
2025-07-10 11:00:00;0.035327717
2025-07-10 12:00:00;0.04717327
2025-07-10 13:00:00;0.057183948
2025-07-10 14:00:00;0.058087656
2025-07-10 15:00:00;0.034843524
2025-07-10 16:00:00;0.022734887000000002
2025-07-10 17:00:00;0.008552379
2025-07-10 18:00:00;0.009224877
2025-07-10 19:00:00;0.036538343
2025-07-10 20:00:00;0.041769641
2025-07-10 21:00:00;0.023038349
2025-07-10 22:00:00;0.055350703
2025-07-10 23:00:00;0.013451461999999999
2025-07-11 00:00:00;0.029342568
2025-07-11 01:00:00;0.044423421
2025-07-11 02:00:00;0.032978898
2025-07-11 03:00:00;0.07104303199999999
2025-07-11 04:00:00;0.083873301
2025-07-11 05:00:00;0.090765707
2025-07-11 06:00:00;0.093780772
2025-07-11 07:00:00;0.055452918
2025-07-11 08:00:00;0.011393123
2025-07-11 09:00:00;0.008835352000000001
2025-07-11 10:00:00;0.007705907
2025-07-11 11:00:00;0.006804827
2025-07-11 12:00:00;0.007076351
2025-07-11 13:00:00;0.011842519
2025-07-11 14:00:00;0.0068915
2025-07-11 15:00:00;0.006471617
2025-07-11 16:00:00;0.005694682
2025-07-11 17:00:00;0.0059847780000000005
2025-07-11 18:00:00;0.010582928
2025-07-11 19:00:00;0.014879276
2025-07-11 20:00:00;0.034318176
2025-07-11 21:00:00;0.024590277
2025-07-11 22:00:00;0.012624243
2025-07-11 23:00:00;0.0104448
2025-07-12 00:00:00;0.015440574
2025-07-12 01:00:00;0.009565488
2025-07-12 02:00:00;0.008931285
2025-07-12 03:00:00;0.00842154
2025-07-12 04:00:00;0.008165395
2025-07-12 05:00:00;0.008115463
2025-07-12 06:00:00;0.008513946000000001
2025-07-12 07:00:00;0.009448975
2025-07-12 08:00:00;0.007715536
2025-07-12 09:00:00;0.006719808
2025-07-12 10:00:00;0.012645238000000001
2025-07-12 11:00:00;0.028079674000000002
2025-07-12 12:00:00;0.072591572
2025-07-12 13:00:00;0.075244589
2025-07-12 14:00:00;0.060497762999999996
2025-07-12 15:00:00;0.057198258
2025-07-12 16:00:00;0.043872024
2025-07-12 17:00:00;0.021322764
2025-07-12 18:00:00;0.007583261
2025-07-12 19:00:00;0.01789326
2025-07-12 20:00:00;0.023708086000000003
2025-07-12 21:00:00;0.020017561
2025-07-12 22:00:00;0.021378916
2025-07-12 23:00:00;0.025055583
2025-07-13 00:00:00;0.034607756
2025-07-13 01:00:00;0.025186242
2025-07-13 02:00:00;0.031466851
2025-07-13 03:00:00;0.027296623
2025-07-13 04:00:00;0.012692493000000001
2025-07-13 05:00:00;0.011157209999999999
2025-07-13 06:00:00;0.010799699000000001
2025-07-13 07:00:00;0.009944876
2025-07-13 08:00:00;0.008091823
2025-07-13 09:00:00;0.009130551
2025-07-13 10:00:00;0.015156834
2025-07-13 11:00:00;0.033035172
2025-07-13 12:00:00;0.054118547999999995
2025-07-13 13:00:00;0.054179174000000004
2025-07-13 14:00:00;0.054108269
2025-07-13 15:00:00;0.057724029
2025-07-13 16:00:00;0.038066543
2025-07-13 17:00:00;0.014748972
2025-07-13 18:00:00;0.015250463999999998
2025-07-13 19:00:00;0.028234922000000003
2025-07-13 20:00:00;0.043574568
2025-07-13 21:00:00;0.044745515
2025-07-13 22:00:00;0.055160046000000004
2025-07-13 23:00:00;0.047540913000000004
2025-07-14 00:00:00;0.06614559199999999
2025-07-14 01:00:00;0.062334389000000004
2025-07-14 02:00:00;0.060271982
2025-07-14 03:00:00;0.071420525
2025-07-14 04:00:00;0.078045535
2025-07-14 05:00:00;0.062105977
2025-07-14 06:00:00;0.062581364
2025-07-14 07:00:00;0.060633584
2025-07-14 08:00:00;0.015693223
2025-07-14 09:00:00;0.015381773000000001
2025-07-14 10:00:00;0.018074200000000002
2025-07-14 11:00:00;0.010234318
2025-07-14 12:00:00;0.009279997
2025-07-14 13:00:00;0.015377558999999999
2025-07-14 14:00:00;0.015069335000000001
2025-07-14 15:00:00;0.016346707
2025-07-14 16:00:00;0.0190787
2025-07-14 17:00:00;0.026114591
2025-07-14 18:00:00;0.028865474
2025-07-14 19:00:00;0.038499617
2025-07-14 20:00:00;0.050675255999999995
2025-07-14 21:00:00;0.061824698
2025-07-14 22:00:00;0.064744854
2025-07-14 23:00:00;0.062424705000000004
2025-07-15 00:00:00;0.046519554
2025-07-15 01:00:00;0.043766857
2025-07-15 02:00:00;0.045570342
2025-07-15 03:00:00;0.039276985
2025-07-15 04:00:00;0.029923627
2025-07-15 05:00:00;0.036278956
2025-07-15 06:00:00;0.043118131
2025-07-15 07:00:00;0.035689752
2025-07-15 08:00:00;0.009854594999999999
2025-07-15 09:00:00;0.021985448
2025-07-15 10:00:00;0.024053202
2025-07-15 11:00:00;0.034020009000000004
2025-07-15 12:00:00;0.036105277
2025-07-15 13:00:00;0.04039182
2025-07-15 14:00:00;0.040315241
2025-07-15 15:00:00;0.011637287000000001
2025-07-15 16:00:00;0.010158334
2025-07-15 17:00:00;0.008460627
2025-07-15 18:00:00;0.022258906
2025-07-15 19:00:00;0.037202132
2025-07-15 20:00:00;0.041400269999999996
2025-07-15 21:00:00;0.044611032
2025-07-15 22:00:00;0.029370581
2025-07-15 23:00:00;0.042277807
2025-07-16 00:00:00;0.036299105
2025-07-16 01:00:00;0.03360027
2025-07-16 02:00:00;0.034309974
2025-07-16 03:00:00;0.037848523999999995
2025-07-16 04:00:00;0.034724682
2025-07-16 05:00:00;0.039529299000000004
2025-07-16 06:00:00;0.046037505000000006
2025-07-16 07:00:00;0.054866314
2025-07-16 08:00:00;0.012663569000000001
2025-07-16 09:00:00;0.011131987000000001
2025-07-16 10:00:00;0.010166007000000001
2025-07-16 11:00:00;0.016104107
2025-07-16 12:00:00;0.009474106000000001
2025-07-16 13:00:00;0.008890307
2025-07-16 14:00:00;0.009511004
2025-07-16 15:00:00;0.008527857
2025-07-16 16:00:00;0.008799461000000001
2025-07-16 17:00:00;0.012276814
2025-07-16 18:00:00;0.015429327999999999
2025-07-16 19:00:00;0.017790543
2025-07-16 20:00:00;0.018314240000000002
2025-07-16 21:00:00;0.022868571
2025-07-16 22:00:00;0.013305965000000001
2025-07-16 23:00:00;0.010992789
2025-07-17 00:00:00;0.012696117
2025-07-17 01:00:00;0.016546339
2025-07-17 02:00:00;0.016315439
2025-07-17 03:00:00;0.011488441
2025-07-17 04:00:00;0.0169493
2025-07-17 05:00:00;0.013342782
2025-07-17 06:00:00;0.011326269
2025-07-17 07:00:00;0.009828936
2025-07-17 08:00:00;0.008765750000000001
2025-07-17 09:00:00;0.007865414999999999
2025-07-17 10:00:00;0.00763632
2025-07-17 11:00:00;0.007808290999999999
2025-07-17 12:00:00;0.008377471
2025-07-17 13:00:00;0.008532811000000001
2025-07-17 14:00:00;0.012910783
2025-07-17 15:00:00;0.021376966
2025-07-17 16:00:00;0.009970758
2025-07-17 17:00:00;0.008418845
2025-07-17 18:00:00;0.010007956
2025-07-17 19:00:00;0.011469354
2025-07-17 20:00:00;0.012761739999999999
2025-07-17 21:00:00;0.022782174999999998
2025-07-17 22:00:00;0.045898372
2025-07-17 23:00:00;0.048944904000000004
2025-07-18 00:00:00;0.055104351999999995
2025-07-18 01:00:00;0.082228406
2025-07-18 02:00:00;0.079770016
2025-07-18 03:00:00;0.088576525
2025-07-18 04:00:00;0.084358309
2025-07-18 05:00:00;0.08382334799999999
2025-07-18 06:00:00;0.08568647900000001
2025-07-18 07:00:00;0.075326291
2025-07-18 08:00:00;0.026695847
2025-07-18 09:00:00;0.017629777
2025-07-18 10:00:00;0.012645312
2025-07-18 11:00:00;0.008868503
2025-07-18 12:00:00;0.009198026
2025-07-18 13:00:00;0.009505009
2025-07-18 14:00:00;0.009960861
2025-07-18 15:00:00;0.00960894
2025-07-18 16:00:00;0.009637744
2025-07-18 17:00:00;0.021564858
2025-07-18 18:00:00;0.102809473
2025-07-18 19:00:00;0.033872596000000005
2025-07-18 20:00:00;0.061343750999999995
2025-07-18 21:00:00;0.073854996
2025-07-18 22:00:00;0.127849785
2025-07-18 23:00:00;0.116973418
2025-07-19 00:00:00;0.14640582800000002
2025-07-19 01:00:00;0.171277973
2025-07-19 02:00:00;0.162189743
2025-07-19 03:00:00;0.134060803
2025-07-19 04:00:00;0.158065582
2025-07-19 05:00:00;0.17376520199999998
2025-07-19 06:00:00;0.179977692
2025-07-19 07:00:00;0.084270815
2025-07-19 08:00:00;0.09209724
2025-07-19 09:00:00;0.042034816
2025-07-19 10:00:00;0.040812179999999997
2025-07-19 11:00:00;0.078968368
2025-07-19 12:00:00;0.077814337
2025-07-19 13:00:00;0.088894231
2025-07-19 14:00:00;0.073783749
2025-07-19 15:00:00;0.050626498
2025-07-19 16:00:00;0.041881791
2025-07-19 17:00:00;0.011567721000000001
2025-07-19 18:00:00;0.052503533
2025-07-19 19:00:00;0.026616306000000003
2025-07-19 20:00:00;0.041773040000000004
2025-07-19 21:00:00;0.06632677599999999
2025-07-19 22:00:00;0.027713698999999998
2025-07-19 23:00:00;0.012894628000000002
2025-07-20 00:00:00;0.010284831000000001
2025-07-20 01:00:00;0.009751961
2025-07-20 02:00:00;0.009375031
2025-07-20 03:00:00;0.010050837
2025-07-20 04:00:00;0.014196410999999999
2025-07-20 05:00:00;0.015434326
2025-07-20 06:00:00;0.017788837000000002
2025-07-20 07:00:00;0.011745965
2025-07-20 08:00:00;0.022596183
2025-07-20 09:00:00;0.033749707000000004
2025-07-20 10:00:00;0.036723281999999996
2025-07-20 11:00:00;0.048213285999999994
2025-07-20 12:00:00;0.048603911
2025-07-20 13:00:00;0.047723196
2025-07-20 14:00:00;0.042150723999999994
2025-07-20 15:00:00;0.034928461
2025-07-20 16:00:00;0.011943601
2025-07-20 17:00:00;0.011085715000000001
2025-07-20 18:00:00;0.010591163
2025-07-20 19:00:00;0.017853669
2025-07-20 20:00:00;0.033402459
2025-07-20 21:00:00;0.016230114
2025-07-20 22:00:00;0.058048678
2025-07-20 23:00:00;0.009379582
2025-07-21 00:00:00;0.008849473
2025-07-21 01:00:00;0.008518982
2025-07-21 02:00:00;0.008498789
2025-07-21 03:00:00;0.008516201000000001
2025-07-21 04:00:00;0.009357896999999999
2025-07-21 05:00:00;0.037957849
2025-07-21 06:00:00;0.055120303999999995
2025-07-21 07:00:00;0.042571810999999994
2025-07-21 08:00:00;0.072481487
2025-07-21 09:00:00;0.057546151000000004
2025-07-21 10:00:00;0.057054004
2025-07-21 11:00:00;0.06427758300000001
2025-07-21 12:00:00;0.06528513999999999
2025-07-21 13:00:00;0.067119529
2025-07-21 14:00:00;0.07679143299999999
2025-07-21 15:00:00;0.08689187200000001
2025-07-21 16:00:00;0.09097641799999999
2025-07-21 17:00:00;0.119445721
2025-07-21 18:00:00;0.111970393
2025-07-21 19:00:00;0.050344588
2025-07-21 20:00:00;0.042317469
2025-07-21 21:00:00;0.077054026
2025-07-21 22:00:00;0.09090704100000001
2025-07-21 23:00:00;0.104893762
2025-07-22 00:00:00;0.07711841
2025-07-22 01:00:00;0.11596509399999999
2025-07-22 02:00:00;0.17926941600000001
2025-07-22 03:00:00;0.182980772
2025-07-22 04:00:00;0.15935182
2025-07-22 05:00:00;0.185556727
2025-07-22 06:00:00;0.171354128
2025-07-22 07:00:00;0.183777258
2025-07-22 08:00:00;0.114409817
2025-07-22 09:00:00;0.16477935700000002
2025-07-22 10:00:00;0.15011973699999998
2025-07-22 11:00:00;0.101772993
2025-07-22 12:00:00;0.097442172
2025-07-22 13:00:00;0.083631498
2025-07-22 14:00:00;0.077747443
2025-07-22 15:00:00;0.062531409
2025-07-22 16:00:00;0.049120663
2025-07-22 17:00:00;0.032781965999999996
2025-07-22 18:00:00;0.064045033
2025-07-22 19:00:00;0.02913697
2025-07-22 20:00:00;0.011401159
2025-07-22 21:00:00;0.009775872
2025-07-22 22:00:00;0.021968202000000003
2025-07-22 23:00:00;0.007839006
2025-07-23 00:00:00;0.008046433
2025-07-23 01:00:00;0.008847904
2025-07-23 02:00:00;0.040294535000000006
2025-07-23 03:00:00;0.065823355
2025-07-23 04:00:00;0.061451412
2025-07-23 05:00:00;0.068394348
2025-07-23 06:00:00;0.07134335
2025-07-23 07:00:00;0.09609984099999999
2025-07-23 08:00:00;0.08744643499999999
2025-07-23 09:00:00;0.069953716
2025-07-23 10:00:00;0.051934614000000004
2025-07-23 11:00:00;0.044173665
2025-07-23 12:00:00;0.062712932
2025-07-23 13:00:00;0.06655058
2025-07-23 14:00:00;0.052039535
2025-07-23 15:00:00;0.060751536
2025-07-23 16:00:00;0.048513915
2025-07-23 17:00:00;0.07634544
2025-07-23 18:00:00;0.109987787
2025-07-23 19:00:00;0.158965363
2025-07-23 20:00:00;0.199088719
2025-07-23 21:00:00;0.155772636
2025-07-23 22:00:00;0.08291565199999999
2025-07-23 23:00:00;0.050067894
2025-07-24 00:00:00;0.073792183
2025-07-24 01:00:00;0.126680202
2025-07-24 02:00:00;0.12616048000000002
2025-07-24 03:00:00;0.13368270000000002
2025-07-24 04:00:00;0.121905843
2025-07-24 05:00:00;0.123937773
2025-07-24 06:00:00;0.13493941799999998
2025-07-24 07:00:00;0.108034883
2025-07-24 08:00:00;0.110160021
2025-07-24 09:00:00;0.10459243700000001
2025-07-24 10:00:00;0.095029057
2025-07-24 11:00:00;0.091852066
2025-07-24 12:00:00;0.096381464
2025-07-24 13:00:00;0.089837527
2025-07-24 14:00:00;0.092451381
2025-07-24 15:00:00;0.080001661
2025-07-24 16:00:00;0.034587451
2025-07-24 17:00:00;0.053368315
2025-07-24 18:00:00;0.048983887000000004
2025-07-24 19:00:00;0.087653593
2025-07-24 20:00:00;0.103519188
2025-07-24 21:00:00;0.099637771
2025-07-24 22:00:00;0.078596339
2025-07-24 23:00:00;0.094632247
2025-07-25 00:00:00;0.102602586
2025-07-25 01:00:00;0.10752258299999999
2025-07-25 02:00:00;0.11252588
2025-07-25 03:00:00;0.12424246
2025-07-25 04:00:00;0.09784984099999999
2025-07-25 05:00:00;0.078368735
2025-07-25 06:00:00;0.08147280600000001
2025-07-25 07:00:00;0.07550422500000001
2025-07-25 08:00:00;0.032876174
2025-07-25 09:00:00;0.055000213
2025-07-25 10:00:00;0.08454165799999999
2025-07-25 11:00:00;0.08472327
2025-07-25 12:00:00;0.108469252
2025-07-25 13:00:00;0.109164968
2025-07-25 14:00:00;0.118368998
2025-07-25 15:00:00;0.10072805800000001
2025-07-25 16:00:00;0.079909064
2025-07-25 17:00:00;0.061799292
2025-07-25 18:00:00;0.038331926
2025-07-25 19:00:00;0.010169693
2025-07-25 20:00:00;0.029155824
2025-07-25 21:00:00;0.038043652000000004
2025-07-25 22:00:00;0.011088938999999999
2025-07-25 23:00:00;0.038998109999999996
2025-07-26 00:00:00;0.046560623999999995
2025-07-26 01:00:00;0.045268451
2025-07-26 02:00:00;0.089258903
2025-07-26 03:00:00;0.10402784
2025-07-26 04:00:00;0.116176703
2025-07-26 05:00:00;0.07934558
2025-07-26 06:00:00;0.042531122000000005
2025-07-26 07:00:00;0.061746682
2025-07-26 08:00:00;0.064349288
2025-07-26 09:00:00;0.058035337
2025-07-26 10:00:00;0.052122983
2025-07-26 11:00:00;0.051436461
2025-07-26 12:00:00;0.048721977
2025-07-26 13:00:00;0.050497278
2025-07-26 14:00:00;0.053955308
2025-07-26 15:00:00;0.060539805
2025-07-26 16:00:00;0.053651799
2025-07-26 17:00:00;0.028225031
2025-07-26 18:00:00;0.050301327
2025-07-26 19:00:00;0.057251166
2025-07-26 20:00:00;0.083768385
2025-07-26 21:00:00;0.06358546
2025-07-26 22:00:00;0.063477006
2025-07-26 23:00:00;0.06981813599999999
2025-07-27 00:00:00;0.06325929
2025-07-27 01:00:00;0.062281804999999996
2025-07-27 02:00:00;0.044064427
2025-07-27 03:00:00;0.050144855999999995
2025-07-27 04:00:00;0.060884892
2025-07-27 05:00:00;0.055960369
2025-07-27 06:00:00;0.043407314999999995
2025-07-27 07:00:00;0.03842503
2025-07-27 08:00:00;0.010265658
2025-07-27 09:00:00;0.014302951
2025-07-27 10:00:00;0.010922467
2025-07-27 11:00:00;0.026166066
2025-07-27 12:00:00;0.012835293999999999
2025-07-27 13:00:00;0.031717581
2025-07-27 14:00:00;0.028770866000000003
2025-07-27 15:00:00;0.031861681999999995
2025-07-27 16:00:00;0.011012158
2025-07-27 17:00:00;0.007433075999999999
2025-07-27 18:00:00;0.046639484
2025-07-27 19:00:00;0.009523723999999999
2025-07-27 20:00:00;0.011434277
2025-07-27 21:00:00;0.033047038
2025-07-27 22:00:00;0.040809548999999994
2025-07-27 23:00:00;0.040869626
2025-07-28 00:00:00;0.031441479
2025-07-28 01:00:00;0.021955765
2025-07-28 02:00:00;0.028719743000000002
2025-07-28 03:00:00;0.077523199
2025-07-28 04:00:00;0.07307522799999999
2025-07-28 05:00:00;0.040739952
2025-07-28 06:00:00;0.038245231
2025-07-28 07:00:00;0.033787173000000004
2025-07-28 08:00:00;0.007393841
2025-07-28 09:00:00;0.015505765999999999
2025-07-28 10:00:00;0.008784087
2025-07-28 11:00:00;0.036734151
2025-07-28 12:00:00;0.030509051
2025-07-28 13:00:00;0.029398182999999998
2025-07-28 14:00:00;0.029813991999999997
2025-07-28 15:00:00;0.029310526
2025-07-28 16:00:00;0.028600670999999998
2025-07-28 17:00:00;0.026089590000000003
2025-07-28 18:00:00;0.018673158999999998
2025-07-28 19:00:00;0.0067374159999999995
2025-07-28 20:00:00;0.008509468999999999
2025-07-28 21:00:00;0.010012158
2025-07-28 22:00:00;0.014012473
2025-07-28 23:00:00;0.007883457
2025-07-29 00:00:00;0.007328314
2025-07-29 01:00:00;0.007222582
2025-07-29 02:00:00;0.00928781
2025-07-29 03:00:00;0.009695731
2025-07-29 04:00:00;0.008727097000000001
2025-07-29 05:00:00;0.008308242
2025-07-29 06:00:00;0.007896409
2025-07-29 07:00:00;0.006669408
2025-07-29 08:00:00;0.007948075
2025-07-29 09:00:00;0.046031056
2025-07-29 10:00:00;0.043049641
2025-07-29 11:00:00;0.042967918
2025-07-29 12:00:00;0.043642020000000004
2025-07-29 13:00:00;0.02091997
2025-07-29 14:00:00;0.011814431
2025-07-29 15:00:00;0.006880603
2025-07-29 16:00:00;0.0068799510000000005
2025-07-29 17:00:00;0.0052430409999999995
2025-07-29 18:00:00;0.005955025
2025-07-29 19:00:00;0.010600006
2025-07-29 20:00:00;0.008021826000000001
2025-07-29 21:00:00;0.00843717
2025-07-29 22:00:00;0.009352772
2025-07-29 23:00:00;0.009181141
2025-07-30 00:00:00;0.011444827999999999
2025-07-30 01:00:00;0.010660436
2025-07-30 02:00:00;0.008992309
2025-07-30 03:00:00;0.009092003
2025-07-30 04:00:00;0.009723341
2025-07-30 05:00:00;0.009685449
2025-07-30 06:00:00;0.01379585
2025-07-30 07:00:00;0.010056715
2025-07-30 08:00:00;0.060939888000000005
2025-07-30 09:00:00;0.062415857000000005
2025-07-30 10:00:00;0.036896828
2025-07-30 11:00:00;0.040952936
2025-07-30 12:00:00;0.043382227999999995
2025-07-30 13:00:00;0.042371114
2025-07-30 14:00:00;0.050153236999999996
2025-07-30 15:00:00;0.050032611000000005
2025-07-30 16:00:00;0.059817424
2025-07-30 17:00:00;0.062124716999999996
2025-07-30 18:00:00;0.056996108999999996
2025-07-30 19:00:00;0.049029989
2025-07-30 20:00:00;0.050565468
2025-07-30 21:00:00;0.036246765
2025-07-30 22:00:00;0.02321619
2025-07-30 23:00:00;0.032258975999999995
2025-07-31 00:00:00;0.023931631
2025-07-31 01:00:00;0.011292742
2025-07-31 02:00:00;0.014815449
2025-07-31 03:00:00;0.013971786
2025-07-31 04:00:00;0.021101334000000003
2025-07-31 05:00:00;0.026894552999999998
2025-07-31 06:00:00;0.060878062
2025-07-31 07:00:00;0.024764751
2025-07-31 08:00:00;0.029591450999999998
2025-07-31 09:00:00;0.025286930000000003
2025-07-31 10:00:00;0.041916432
2025-07-31 11:00:00;0.048144233999999994
2025-07-31 12:00:00;0.049176544
2025-07-31 13:00:00;0.053838027
2025-07-31 14:00:00;0.054360245
2025-07-31 15:00:00;0.053582414999999994
2025-07-31 16:00:00;0.048862944
2025-07-31 17:00:00;0.025412445999999998
2025-07-31 18:00:00;0.023453582999999997
2025-07-31 19:00:00;0.038602947
2025-07-31 20:00:00;0.047287396
2025-07-31 21:00:00;0.023964856
2025-07-31 22:00:00;0.039047162
2025-07-31 23:00:00;0.026179383
2025-08-01 00:00:00;0.061494994
2025-08-01 01:00:00;0.044047553
2025-08-01 02:00:00;0.045846397000000004
2025-08-01 03:00:00;0.05861765
2025-08-01 04:00:00;0.08285949
2025-08-01 05:00:00;0.109846958
2025-08-01 06:00:00;0.09891509899999999
2025-08-01 07:00:00;0.064397078
2025-08-01 08:00:00;0.028524044
2025-08-01 09:00:00;0.013256797
2025-08-01 10:00:00;0.014305553
2025-08-01 11:00:00;0.027933571
2025-08-01 12:00:00;0.047209224
2025-08-01 13:00:00;0.063712897
2025-08-01 14:00:00;0.065093948
2025-08-01 15:00:00;0.050049256
2025-08-01 16:00:00;0.048229748999999995
2025-08-01 17:00:00;0.048834722
2025-08-01 18:00:00;0.06571423400000001
2025-08-01 19:00:00;0.08290816499999999
2025-08-01 20:00:00;0.084396707
2025-08-01 21:00:00;0.045108786000000005
2025-08-01 22:00:00;0.031650444
2025-08-01 23:00:00;0.087544505
2025-08-02 00:00:00;0.098928542
2025-08-02 01:00:00;0.085348388
2025-08-02 02:00:00;0.072532849
2025-08-02 03:00:00;0.06529117499999999
2025-08-02 04:00:00;0.060965936
2025-08-02 05:00:00;0.068839495
2025-08-02 06:00:00;0.06962970199999999
2025-08-02 07:00:00;0.06912650499999999
2025-08-02 08:00:00;0.044941834
2025-08-02 09:00:00;0.039205164
2025-08-02 10:00:00;0.063494191
2025-08-02 11:00:00;0.068566265
2025-08-02 12:00:00;0.066041359
2025-08-02 13:00:00;0.082159328
2025-08-02 14:00:00;0.07964148400000001
2025-08-02 15:00:00;0.07872406700000001
2025-08-02 16:00:00;0.061133544
2025-08-02 17:00:00;0.027823353999999998
2025-08-02 18:00:00;0.039125104
2025-08-02 19:00:00;0.019620702
2025-08-02 20:00:00;0.052854245
2025-08-02 21:00:00;0.02694955
2025-08-02 22:00:00;0.013329571
2025-08-02 23:00:00;0.009365173000000001
2025-08-03 00:00:00;0.012001745
2025-08-03 01:00:00;0.008098834999999999
2025-08-03 02:00:00;0.010811210000000002
2025-08-03 03:00:00;0.009751662
2025-08-03 04:00:00;0.031197659000000003
2025-08-03 05:00:00;0.027570623000000002
2025-08-03 06:00:00;0.024982558000000002
2025-08-03 07:00:00;0.011767525
2025-08-03 08:00:00;0.035092147
2025-08-03 09:00:00;0.09427822899999999
2025-08-03 10:00:00;0.09246769
2025-08-03 11:00:00;0.075626382
2025-08-03 12:00:00;0.081798895
2025-08-03 13:00:00;0.083776115
2025-08-03 14:00:00;0.084441963
2025-08-03 15:00:00;0.083986951
2025-08-03 16:00:00;0.077283649
2025-08-03 17:00:00;0.057220936
2025-08-03 18:00:00;0.056094835
2025-08-03 19:00:00;0.064361608
2025-08-03 20:00:00;0.068371381
2025-08-03 21:00:00;0.057684680999999995
2025-08-03 22:00:00;0.074034451
2025-08-03 23:00:00;0.096379072
2025-08-04 00:00:00;0.08793485
2025-08-04 01:00:00;0.05335731
2025-08-04 02:00:00;0.041407632
2025-08-04 03:00:00;0.014333784
2025-08-04 04:00:00;0.009617108999999999
2025-08-04 05:00:00;0.015517125
2025-08-04 06:00:00;0.044790986
2025-08-04 07:00:00;0.028894200000000002
2025-08-04 08:00:00;0.007318507
2025-08-04 09:00:00;0.006735328
2025-08-04 10:00:00;0.030568745
2025-08-04 11:00:00;0.034351108000000005
2025-08-04 12:00:00;0.045492835999999995
2025-08-04 13:00:00;0.024899705
2025-08-04 14:00:00;0.040484369
2025-08-04 15:00:00;0.037103178
2025-08-04 16:00:00;0.021362583
2025-08-04 17:00:00;0.011481145
2025-08-04 18:00:00;0.008714880000000001
2025-08-04 19:00:00;0.006436056
2025-08-04 20:00:00;0.004738221
2025-08-04 21:00:00;0.016596721
2025-08-04 22:00:00;0.028314584
2025-08-04 23:00:00;0.021192405999999997
2025-08-05 00:00:00;0.006585171
2025-08-05 01:00:00;0.006541666
2025-08-05 02:00:00;0.007391641
2025-08-05 03:00:00;0.008943636
2025-08-05 04:00:00;0.015222028
2025-08-05 05:00:00;0.008878201
2025-08-05 06:00:00;0.007400145
2025-08-05 07:00:00;0.006239569
2025-08-05 08:00:00;0.007220384
2025-08-05 09:00:00;0.023245911
2025-08-05 10:00:00;0.027366497
2025-08-05 11:00:00;0.033410623
2025-08-05 12:00:00;0.031993762
2025-08-05 13:00:00;0.036759985
2025-08-05 14:00:00;0.039261049
2025-08-05 15:00:00;0.037266724
2025-08-05 16:00:00;0.028125183
2025-08-05 17:00:00;0.018415699
2025-08-05 18:00:00;0.017084893
2025-08-05 19:00:00;0.018617888
2025-08-05 20:00:00;0.0050178
2025-08-05 21:00:00;0.011344046
2025-08-05 22:00:00;0.008890636
2025-08-05 23:00:00;0.013541465
2025-08-06 00:00:00;0.031445673
2025-08-06 01:00:00;0.028980623
2025-08-06 02:00:00;0.030738524000000003
2025-08-06 03:00:00;0.030135048
2025-08-06 04:00:00;0.031840859
2025-08-06 05:00:00;0.034434054000000006
2025-08-06 06:00:00;0.045892299000000004
2025-08-06 07:00:00;0.042980893
2025-08-06 08:00:00;0.036726337
2025-08-06 09:00:00;0.032855432000000004
2025-08-06 10:00:00;0.021388996
2025-08-06 11:00:00;0.041715722999999996
2025-08-06 12:00:00;0.04512459
2025-08-06 13:00:00;0.033029367999999996
2025-08-06 14:00:00;0.06852591200000001
2025-08-06 15:00:00;0.060674161
2025-08-06 16:00:00;0.045251687
2025-08-06 17:00:00;0.056908707
2025-08-06 18:00:00;0.069832035
2025-08-06 19:00:00;0.065931069
2025-08-06 20:00:00;0.06838298799999999
2025-08-06 21:00:00;0.025506422
2025-08-06 22:00:00;0.008052605
2025-08-06 23:00:00;0.027025030999999998
2025-08-07 00:00:00;0.046314338
2025-08-07 01:00:00;0.043413406
2025-08-07 02:00:00;0.067785996
2025-08-07 03:00:00;0.06645928999999999
2025-08-07 04:00:00;0.04713698
2025-08-07 05:00:00;0.061332416
2025-08-07 06:00:00;0.088905391
2025-08-07 07:00:00;0.125245375
2025-08-07 08:00:00;0.10480925499999999
2025-08-07 09:00:00;0.062481205000000005
2025-08-07 10:00:00;0.050789663
2025-08-07 11:00:00;0.063220891
2025-08-07 12:00:00;0.057310198
2025-08-07 13:00:00;0.035544874
2025-08-07 14:00:00;0.031006203
2025-08-07 15:00:00;0.023612769
2025-08-07 16:00:00;0.022066020999999998
2025-08-07 17:00:00;0.008613566000000001
2025-08-07 18:00:00;0.028358997
2025-08-07 19:00:00;0.075721123
2025-08-07 20:00:00;0.070201037
2025-08-07 21:00:00;0.077594343
2025-08-07 22:00:00;0.030253664
2025-08-07 23:00:00;0.07820597700000001
2025-08-08 00:00:00;0.07255516000000001
2025-08-08 01:00:00;0.07106536599999999
2025-08-08 02:00:00;0.08351881
2025-08-08 03:00:00;0.088161059
2025-08-08 04:00:00;0.086823339
2025-08-08 05:00:00;0.096328631
2025-08-08 06:00:00;0.092565512
2025-08-08 07:00:00;0.09004915599999999
2025-08-08 08:00:00;0.032294176
2025-08-08 09:00:00;0.014810163
2025-08-08 10:00:00;0.024876107999999997
2025-08-08 11:00:00;0.023986934999999997
2025-08-08 12:00:00;0.032052940999999995
2025-08-08 13:00:00;0.026866575
2025-08-08 14:00:00;0.013912508
2025-08-08 15:00:00;0.039574661
2025-08-08 16:00:00;0.005524090000000001
2025-08-08 17:00:00;0.020388200000000002
2025-08-08 18:00:00;0.030649654999999998
2025-08-08 19:00:00;0.050067447
2025-08-08 20:00:00;0.062517157
2025-08-08 21:00:00;0.06634842399999999
2025-08-08 22:00:00;0.064889864
2025-08-08 23:00:00;0.068682255
2025-08-09 00:00:00;0.13014012
2025-08-09 01:00:00;0.13399607900000002
2025-08-09 02:00:00;0.142687875
2025-08-09 03:00:00;0.14296165500000002
2025-08-09 04:00:00;0.133325738
2025-08-09 05:00:00;0.129778549
2025-08-09 06:00:00;0.113190567
2025-08-09 07:00:00;0.07300439900000001
2025-08-09 08:00:00;0.044654913
2025-08-09 09:00:00;0.019252632999999998
2025-08-09 10:00:00;0.045852451
2025-08-09 11:00:00;0.070272914
2025-08-09 12:00:00;0.056213661000000005
2025-08-09 13:00:00;0.094267082
2025-08-09 14:00:00;0.094340805
2025-08-09 15:00:00;0.08787814000000001
2025-08-09 16:00:00;0.058865085
2025-08-09 17:00:00;0.046668441
2025-08-09 18:00:00;0.030671403
2025-08-09 19:00:00;0.019530927
2025-08-09 20:00:00;0.011693152
2025-08-09 21:00:00;0.008397337
2025-08-09 22:00:00;0.014902911
2025-08-09 23:00:00;0.0068180820000000005
2025-08-10 00:00:00;0.0061935409999999995
2025-08-10 01:00:00;0.006326229
2025-08-10 02:00:00;0.008311144999999999
2025-08-10 03:00:00;0.008523621
2025-08-10 04:00:00;0.008353819
2025-08-10 05:00:00;0.008385585000000001
2025-08-10 06:00:00;0.020683305
2025-08-10 07:00:00;0.010223266
2025-08-10 08:00:00;0.008343177
2025-08-10 09:00:00;0.034935885
2025-08-10 10:00:00;0.048750791999999994
2025-08-10 11:00:00;0.094142198
2025-08-10 12:00:00;0.09383474
2025-08-10 13:00:00;0.075981578
2025-08-10 14:00:00;0.087066009
2025-08-10 15:00:00;0.069778044
2025-08-10 16:00:00;0.03457070499999999
2025-08-10 17:00:00;0.031207322000000003
2025-08-10 18:00:00;0.05623013
2025-08-10 19:00:00;0.046936603
2025-08-10 20:00:00;0.016251862
2025-08-10 21:00:00;0.013541002
2025-08-10 22:00:00;0.072959277
2025-08-10 23:00:00;0.047619624
2025-08-11 00:00:00;0.145773668
2025-08-11 01:00:00;0.14872244599999998
2025-08-11 02:00:00;0.142260511
2025-08-11 03:00:00;0.13917462900000002
2025-08-11 04:00:00;0.13552149800000002
2025-08-11 05:00:00;0.141419398
2025-08-11 06:00:00;0.13964494500000002
2025-08-11 07:00:00;0.093844154
2025-08-11 08:00:00;0.030536543000000003
2025-08-11 09:00:00;0.06561008
2025-08-11 10:00:00;0.046456652
2025-08-11 11:00:00;0.049675591
2025-08-11 12:00:00;0.08667185999999999
2025-08-11 13:00:00;0.092360836
2025-08-11 14:00:00;0.09210395
2025-08-11 15:00:00;0.07418181
2025-08-11 16:00:00;0.078698517
2025-08-11 17:00:00;0.087232287
2025-08-11 18:00:00;0.012250303
2025-08-11 19:00:00;0.134754031
2025-08-11 20:00:00;0.15880421
2025-08-11 21:00:00;0.15021451200000002
2025-08-11 22:00:00;0.111413706
2025-08-11 23:00:00;0.112026314
2025-08-12 00:00:00;0.13871599
2025-08-12 01:00:00;0.116631788
2025-08-12 02:00:00;0.148240768
2025-08-12 03:00:00;0.15361207
2025-08-12 04:00:00;0.161531394
2025-08-12 05:00:00;0.176138495
2025-08-12 06:00:00;0.19207978499999998
2025-08-12 07:00:00;0.197828728
2025-08-12 08:00:00;0.237696345
2025-08-12 09:00:00;0.184274207
2025-08-12 10:00:00;0.149820072
2025-08-12 11:00:00;0.117757167
2025-08-12 12:00:00;0.118042987
2025-08-12 13:00:00;0.11786311499999999
2025-08-12 14:00:00;0.116226573
2025-08-12 15:00:00;0.125176081
2025-08-12 16:00:00;0.158632532
2025-08-12 17:00:00;0.097868988
2025-08-12 18:00:00;0.115801436
2025-08-12 19:00:00;0.130593357
2025-08-12 20:00:00;0.14872507100000001
2025-08-12 21:00:00;0.200361732
2025-08-12 22:00:00;0.16900996399999998
2025-08-12 23:00:00;0.160758115
2025-08-13 00:00:00;0.138899291
2025-08-13 01:00:00;0.029921066
2025-08-13 02:00:00;0.026290158
2025-08-13 03:00:00;0.011534304
2025-08-13 04:00:00;0.040240299
2025-08-13 05:00:00;0.196518284
2025-08-13 06:00:00;0.227373878
2025-08-13 07:00:00;0.17590312700000002
2025-08-13 08:00:00;0.10855272499999999
2025-08-13 09:00:00;0.13701243800000001
2025-08-13 10:00:00;0.10150200599999999
2025-08-13 11:00:00;0.037134493
2025-08-13 12:00:00;0.035391008999999994
2025-08-13 13:00:00;0.030798675
2025-08-13 14:00:00;0.055782944
2025-08-13 15:00:00;0.016366412
2025-08-13 16:00:00;0.04011014
2025-08-13 17:00:00;0.007432428
2025-08-13 18:00:00;0.065288608
2025-08-13 19:00:00;0.095961582
2025-08-13 20:00:00;0.09452424899999999
2025-08-13 21:00:00;0.080350886
2025-08-13 22:00:00;0.03797497
2025-08-13 23:00:00;0.025687717
2025-08-14 00:00:00;0.038734268999999995
2025-08-14 01:00:00;0.028382094
2025-08-14 02:00:00;0.058793056
2025-08-14 03:00:00;0.131446007
2025-08-14 04:00:00;0.112676774
2025-08-14 05:00:00;0.123783616
2025-08-14 06:00:00;0.123870087
2025-08-14 07:00:00;0.088894188
2025-08-14 08:00:00;0.10606836800000001
2025-08-14 09:00:00;0.107581051
2025-08-14 10:00:00;0.104562661
2025-08-14 11:00:00;0.092780395
2025-08-14 12:00:00;0.122914999
2025-08-14 13:00:00;0.128856631
2025-08-14 14:00:00;0.109802651
2025-08-14 15:00:00;0.080236375
2025-08-14 16:00:00;0.075847877
2025-08-14 17:00:00;0.137239258
2025-08-14 18:00:00;0.160334795
2025-08-14 19:00:00;0.189987662
2025-08-14 20:00:00;0.200668717
2025-08-14 21:00:00;0.162796064
2025-08-14 22:00:00;0.103963065
2025-08-14 23:00:00;0.062102589
2025-08-15 00:00:00;0.178739691
2025-08-15 01:00:00;0.174781027
2025-08-15 02:00:00;0.171031542
2025-08-15 03:00:00;0.17558011099999998
2025-08-15 04:00:00;0.175828293
2025-08-15 05:00:00;0.17393053800000002
2025-08-15 06:00:00;0.176715309
2025-08-15 07:00:00;0.17243942999999998
2025-08-15 08:00:00;0.15377071
2025-08-15 09:00:00;0.073473225
2025-08-15 10:00:00;0.045266825
2025-08-15 11:00:00;0.036065828
2025-08-15 12:00:00;0.055310376
2025-08-15 13:00:00;0.06944881
2025-08-15 14:00:00;0.044260303
2025-08-15 15:00:00;0.030797785999999997
2025-08-15 16:00:00;0.008340952
2025-08-15 17:00:00;0.048428173
2025-08-15 18:00:00;0.025678473
2025-08-15 19:00:00;0.016567129
2025-08-15 20:00:00;0.006123353
2025-08-15 21:00:00;0.0064926409999999995
2025-08-15 22:00:00;0.006208545
2025-08-15 23:00:00;0.006331094000000001
2025-08-16 00:00:00;0.006292297
2025-08-16 01:00:00;0.006247708
2025-08-16 02:00:00;0.005951955
2025-08-16 03:00:00;0.007194918999999999
2025-08-16 04:00:00;0.007151669
2025-08-16 05:00:00;0.0073201590000000006
2025-08-16 06:00:00;0.008168066
2025-08-16 07:00:00;0.009778487
2025-08-16 08:00:00;0.014285444999999999
2025-08-16 09:00:00;0.026206098999999997
2025-08-16 10:00:00;0.015837969
2025-08-16 11:00:00;0.014890508
2025-08-16 12:00:00;0.025678601
2025-08-16 13:00:00;0.028825549
2025-08-16 14:00:00;0.023245822
2025-08-16 15:00:00;0.019866709
2025-08-16 16:00:00;0.017342721000000002
2025-08-16 17:00:00;0.0053216159999999995
2025-08-16 18:00:00;0.033700659
2025-08-16 19:00:00;0.038884796
2025-08-16 20:00:00;0.032289583999999996
2025-08-16 21:00:00;0.045528576
2025-08-16 22:00:00;0.031853480999999996
2025-08-16 23:00:00;0.009523758
2025-08-17 00:00:00;0.007816583
2025-08-17 01:00:00;0.0072709359999999995
2025-08-17 02:00:00;0.010571401
2025-08-17 03:00:00;0.054499792
2025-08-17 04:00:00;0.05875741
2025-08-17 05:00:00;0.066783254
2025-08-17 06:00:00;0.07950464700000001
2025-08-17 07:00:00;0.112542924
2025-08-17 08:00:00;0.088302195
2025-08-17 09:00:00;0.055374844000000006
2025-08-17 10:00:00;0.040374139999999996
2025-08-17 11:00:00;0.043163151999999996
2025-08-17 12:00:00;0.047101661999999996
2025-08-17 13:00:00;0.050223493
2025-08-17 14:00:00;0.046725862
2025-08-17 15:00:00;0.042431238999999996
2025-08-17 16:00:00;0.027764586
2025-08-17 17:00:00;0.073128389
2025-08-17 18:00:00;0.07129795
2025-08-17 19:00:00;0.15891466199999998
2025-08-17 20:00:00;0.202183898
2025-08-17 21:00:00;0.201282272
2025-08-17 22:00:00;0.131852277
2025-08-17 23:00:00;0.16524798300000001
2025-08-18 00:00:00;0.150321611
2025-08-18 01:00:00;0.154800192
2025-08-18 02:00:00;0.164444248
2025-08-18 03:00:00;0.172891545
2025-08-18 04:00:00;0.173909776
2025-08-18 05:00:00;0.179146299
2025-08-18 06:00:00;0.197617175
2025-08-18 07:00:00;0.18146999500000002
2025-08-18 08:00:00;0.132090424
2025-08-18 09:00:00;0.10035258799999999
2025-08-18 10:00:00;0.072830532
2025-08-18 11:00:00;0.054054915
2025-08-18 12:00:00;0.050271658000000004
2025-08-18 13:00:00;0.044474232
2025-08-18 14:00:00;0.055457653999999995
2025-08-18 15:00:00;0.071620831
2025-08-18 16:00:00;0.060926775999999995
2025-08-18 17:00:00;0.089746457
2025-08-18 18:00:00;0.135474014
2025-08-18 19:00:00;0.171722753
2025-08-18 20:00:00;0.175149062
2025-08-18 21:00:00;0.146479769
2025-08-18 22:00:00;0.12797439900000002
2025-08-18 23:00:00;0.14072316599999998
2025-08-19 00:00:00;0.131365882
2025-08-19 01:00:00;0.13559591599999998
2025-08-19 02:00:00;0.12887372300000002
2025-08-19 03:00:00;0.13428815800000002
2025-08-19 04:00:00;0.14851138900000002
2025-08-19 05:00:00;0.15341579
2025-08-19 06:00:00;0.14728527
2025-08-19 07:00:00;0.144238686
2025-08-19 08:00:00;0.073350321
2025-08-19 09:00:00;0.072672348
2025-08-19 10:00:00;0.048800902
2025-08-19 11:00:00;0.051767677
2025-08-19 12:00:00;0.037265444
2025-08-19 13:00:00;0.060386801
2025-08-19 14:00:00;0.056607101
2025-08-19 15:00:00;0.048922579
2025-08-19 16:00:00;0.046022843
2025-08-19 17:00:00;0.075239978
2025-08-19 18:00:00;0.113029962
2025-08-19 19:00:00;0.147109771
2025-08-19 20:00:00;0.15448366200000002
2025-08-19 21:00:00;0.143755576
2025-08-19 22:00:00;0.123856168
2025-08-19 23:00:00;0.125453597
2025-08-20 00:00:00;0.114674897
2025-08-20 01:00:00;0.10641155399999999
2025-08-20 02:00:00;0.108020119
2025-08-20 03:00:00;0.114803777
2025-08-20 04:00:00;0.11289417
2025-08-20 05:00:00;0.098640406
2025-08-20 06:00:00;0.122173491
2025-08-20 07:00:00;0.12996741599999997
2025-08-20 08:00:00;0.06921733999999999
2025-08-20 09:00:00;0.045488679
2025-08-20 10:00:00;0.039586029
2025-08-20 11:00:00;0.041443193
2025-08-20 12:00:00;0.057486666
2025-08-20 13:00:00;0.077100393
2025-08-20 14:00:00;0.074336601
2025-08-20 15:00:00;0.061680587
2025-08-20 16:00:00;0.057812111
2025-08-20 17:00:00;0.083336994
2025-08-20 18:00:00;0.060244739000000005
2025-08-20 19:00:00;0.134042374
2025-08-20 20:00:00;0.117975365
2025-08-20 21:00:00;0.063508574
2025-08-20 22:00:00;0.115282105
2025-08-20 23:00:00;0.116982521
2025-08-21 00:00:00;0.108447536
2025-08-21 01:00:00;0.101011882
2025-08-21 02:00:00;0.090989082
2025-08-21 03:00:00;0.083402877
2025-08-21 04:00:00;0.099957858
2025-08-21 05:00:00;0.106284773
2025-08-21 06:00:00;0.100874498
2025-08-21 07:00:00;0.127781544
2025-08-21 08:00:00;0.09019230399999999
2025-08-21 09:00:00;0.073754579
2025-08-21 10:00:00;0.057113566
2025-08-21 11:00:00;0.050059179999999995
2025-08-21 12:00:00;0.054228804
2025-08-21 13:00:00;0.061035625
2025-08-21 14:00:00;0.058634881
2025-08-21 15:00:00;0.056576555
2025-08-21 16:00:00;0.075264583
2025-08-21 17:00:00;0.081980728
2025-08-21 18:00:00;0.109064204
2025-08-21 19:00:00;0.08545288499999999
2025-08-21 20:00:00;0.088009961
2025-08-21 21:00:00;0.044220589
2025-08-21 22:00:00;0.042165216
2025-08-21 23:00:00;0.009556381999999999
2025-08-22 00:00:00;0.009035817
2025-08-22 01:00:00;0.007946135
2025-08-22 02:00:00;0.00719582
2025-08-22 03:00:00;0.006314304
2025-08-22 04:00:00;0.006144852
2025-08-22 05:00:00;0.014908382
2025-08-22 06:00:00;0.008627379
2025-08-22 07:00:00;0.034966976000000004
2025-08-22 08:00:00;0.017311389
2025-08-22 09:00:00;0.010058452
2025-08-22 10:00:00;0.014996645
2025-08-22 11:00:00;0.009755636000000002
2025-08-22 12:00:00;0.008677809
2025-08-22 13:00:00;0.018219321
2025-08-22 14:00:00;0.01596661
2025-08-22 15:00:00;0.012254493
2025-08-22 16:00:00;0.007358085
2025-08-22 17:00:00;0.019605844
2025-08-22 18:00:00;0.005863783
2025-08-22 19:00:00;0.018161287999999998
2025-08-22 20:00:00;0.013801965
2025-08-22 21:00:00;0.020724096
2025-08-22 22:00:00;0.008056838
2025-08-22 23:00:00;0.0071050620000000005
2025-08-23 00:00:00;0.0068429549999999995
2025-08-23 01:00:00;0.007467266
2025-08-23 02:00:00;0.008495641000000002
2025-08-23 03:00:00;0.011271474
2025-08-23 04:00:00;0.009070242000000001
2025-08-23 05:00:00;0.019354032
2025-08-23 06:00:00;0.031487701
2025-08-23 07:00:00;0.041181518
2025-08-23 08:00:00;0.045044089
2025-08-23 09:00:00;0.025867499999999998
2025-08-23 10:00:00;0.020040246
2025-08-23 11:00:00;0.026946580999999997
2025-08-23 12:00:00;0.032287865
2025-08-23 13:00:00;0.061039566
2025-08-23 14:00:00;0.083310912
2025-08-23 15:00:00;0.038700851
2025-08-23 16:00:00;0.031243528
2025-08-23 17:00:00;0.017450413999999997
2025-08-23 18:00:00;0.044732336
2025-08-23 19:00:00;0.045566054
2025-08-23 20:00:00;0.055307895
2025-08-23 21:00:00;0.065986189
2025-08-23 22:00:00;0.007639744
2025-08-23 23:00:00;0.007892929
2025-08-24 00:00:00;0.0076432919999999994
2025-08-24 01:00:00;0.033503532999999995
2025-08-24 02:00:00;0.044393385
2025-08-24 03:00:00;0.060296072
2025-08-24 04:00:00;0.045914955
2025-08-24 05:00:00;0.022677305000000002
2025-08-24 06:00:00;0.037870396
2025-08-24 07:00:00;0.053627176
2025-08-24 08:00:00;0.029674737
2025-08-24 09:00:00;0.029045764999999998
2025-08-24 10:00:00;0.041406227999999996
2025-08-24 11:00:00;0.044187022
2025-08-24 12:00:00;0.043127225000000005
2025-08-24 13:00:00;0.054973480000000005
2025-08-24 14:00:00;0.07053633399999999
2025-08-24 15:00:00;0.043240487
2025-08-24 16:00:00;0.041913603
2025-08-24 17:00:00;0.033823816
2025-08-24 18:00:00;0.023934739
2025-08-24 19:00:00;0.011137771000000001
2025-08-24 20:00:00;0.011967845999999999
2025-08-24 21:00:00;0.011229558
2025-08-24 22:00:00;0.010478592
2025-08-24 23:00:00;0.010681056
2025-08-25 00:00:00;0.033032991000000005
2025-08-25 01:00:00;0.009368493
2025-08-25 02:00:00;0.00898363
2025-08-25 03:00:00;0.009024928
2025-08-25 04:00:00;0.008489423999999999
2025-08-25 05:00:00;0.031707769
2025-08-25 06:00:00;0.061607876
2025-08-25 07:00:00;0.08171541
2025-08-25 08:00:00;0.011967756
2025-08-25 09:00:00;0.019360165999999998
2025-08-25 10:00:00;0.025406395
2025-08-25 11:00:00;0.022276917
2025-08-25 12:00:00;0.013399017000000001
2025-08-25 13:00:00;0.023767492
2025-08-25 14:00:00;0.029124926
2025-08-25 15:00:00;0.068309483
2025-08-25 16:00:00;0.010410026999999999
2025-08-25 17:00:00;0.067476119
2025-08-25 18:00:00;0.139272862
2025-08-25 19:00:00;0.196039964
2025-08-25 20:00:00;0.212794453
2025-08-25 21:00:00;0.198976593
2025-08-25 22:00:00;0.178738823
2025-08-25 23:00:00;0.17435827599999998
2025-08-26 00:00:00;0.16902831000000001
2025-08-26 01:00:00;0.147401274
2025-08-26 02:00:00;0.14409022300000002
2025-08-26 03:00:00;0.147269466
2025-08-26 04:00:00;0.148341593
2025-08-26 05:00:00;0.13359194700000002
2025-08-26 06:00:00;0.15599732800000002
2025-08-26 07:00:00;0.151169879
2025-08-26 08:00:00;0.156554587
2025-08-26 09:00:00;0.20108543599999998
2025-08-26 10:00:00;0.103558768
2025-08-26 11:00:00;0.116179506
2025-08-26 12:00:00;0.10188037900000001
2025-08-26 13:00:00;0.09972869699999999
2025-08-26 14:00:00;0.100077484
2025-08-26 15:00:00;0.10526973099999999
2025-08-26 16:00:00;0.102640844
2025-08-26 17:00:00;0.122998209
2025-08-26 18:00:00;0.164595058
2025-08-26 19:00:00;0.16768411900000002
2025-08-26 20:00:00;0.178555487
2025-08-26 21:00:00;0.154649665
2025-08-26 22:00:00;0.09574092899999999
2025-08-26 23:00:00;0.103717674
2025-08-27 00:00:00;0.09712099499999999
2025-08-27 01:00:00;0.10102404
2025-08-27 02:00:00;0.054475301000000004
2025-08-27 03:00:00;0.100669512
2025-08-27 04:00:00;0.111221553
2025-08-27 05:00:00;0.110642037
2025-08-27 06:00:00;0.11995256
2025-08-27 07:00:00;0.128547924
2025-08-27 08:00:00;0.034058831
2025-08-27 09:00:00;0.040090712
2025-08-27 10:00:00;0.03601182
2025-08-27 11:00:00;0.033345287999999994
2025-08-27 12:00:00;0.029867369
2025-08-27 13:00:00;0.059669269
2025-08-27 14:00:00;0.040901837
2025-08-27 15:00:00;0.063653296
2025-08-27 16:00:00;0.038154423
2025-08-27 17:00:00;0.08961941799999999
2025-08-27 18:00:00;0.122022845
2025-08-27 19:00:00;0.149175576
2025-08-27 20:00:00;0.171922866
2025-08-27 21:00:00;0.179779604
2025-08-27 22:00:00;0.16387656
2025-08-27 23:00:00;0.162907667
2025-08-28 00:00:00;0.149996419
2025-08-28 01:00:00;0.20616041799999998
2025-08-28 02:00:00;0.21876245
2025-08-28 03:00:00;0.225621364
2025-08-28 04:00:00;0.198069164
2025-08-28 05:00:00;0.194739686
2025-08-28 06:00:00;0.18499053499999998
2025-08-28 07:00:00;0.119411704
2025-08-28 08:00:00;0.124894513
2025-08-28 09:00:00;0.073505953
2025-08-28 10:00:00;0.047574367
2025-08-28 11:00:00;0.11364191
2025-08-28 12:00:00;0.11333236499999999
2025-08-28 13:00:00;0.08725849
2025-08-28 14:00:00;0.10724876
2025-08-28 15:00:00;0.11997617
2025-08-28 16:00:00;0.124233171
2025-08-28 17:00:00;0.12388432299999999
2025-08-28 18:00:00;0.132047135
2025-08-28 19:00:00;0.14278957399999997
2025-08-28 20:00:00;0.135339113
2025-08-28 21:00:00;0.125468747
2025-08-28 22:00:00;0.12909216799999998
2025-08-28 23:00:00;0.12770448
2025-08-29 00:00:00;0.124145229
2025-08-29 01:00:00;0.119414737
2025-08-29 02:00:00;0.108801419
2025-08-29 03:00:00;0.115228589
2025-08-29 04:00:00;0.125970595
2025-08-29 05:00:00;0.132960653
2025-08-29 06:00:00;0.14885516799999998
2025-08-29 07:00:00;0.162453808
2025-08-29 08:00:00;0.156975358
2025-08-29 09:00:00;0.152348032
2025-08-29 10:00:00;0.097855532
2025-08-29 11:00:00;0.066532235
2025-08-29 12:00:00;0.069587364
2025-08-29 13:00:00;0.071423131
2025-08-29 14:00:00;0.075276759
2025-08-29 15:00:00;0.075787566
2025-08-29 16:00:00;0.079672397
2025-08-29 17:00:00;0.09466276700000001
2025-08-29 18:00:00;0.14642312200000002
2025-08-29 19:00:00;0.16228231099999998
2025-08-29 20:00:00;0.14203752600000003
2025-08-29 21:00:00;0.088213472
2025-08-29 22:00:00;0.06362295600000001
2025-08-29 23:00:00;0.066184631
2025-08-30 00:00:00;0.018773325
2025-08-30 01:00:00;0.095188632
2025-08-30 02:00:00;0.109770359
2025-08-30 03:00:00;0.050344926
2025-08-30 04:00:00;0.123537493
2025-08-30 05:00:00;0.10540377399999999
2025-08-30 06:00:00;0.041672393999999995
2025-08-30 07:00:00;0.076062139
2025-08-30 08:00:00;0.07518448800000001
2025-08-30 09:00:00;0.10402206900000001
2025-08-30 10:00:00;0.055409972
2025-08-30 11:00:00;0.063065438
2025-08-30 12:00:00;0.063671914
2025-08-30 13:00:00;0.060337819
2025-08-30 14:00:00;0.062427683000000005
2025-08-30 15:00:00;0.053056016
2025-08-30 16:00:00;0.055540168
2025-08-30 17:00:00;0.064709765
2025-08-30 18:00:00;0.091422634
2025-08-30 19:00:00;0.112293683
2025-08-30 20:00:00;0.108588937
2025-08-30 21:00:00;0.103835394
2025-08-30 22:00:00;0.076370314
2025-08-30 23:00:00;0.05734309
2025-08-31 00:00:00;0.068021611
2025-08-31 01:00:00;0.056860133
2025-08-31 02:00:00;0.057308636
2025-08-31 03:00:00;0.052208344
2025-08-31 04:00:00;0.044282872
2025-08-31 05:00:00;0.048357132
2025-08-31 06:00:00;0.047139310000000004
2025-08-31 07:00:00;0.044163898
2025-08-31 08:00:00;0.045656115
2025-08-31 09:00:00;0.051791305999999995
2025-08-31 10:00:00;0.054414311
2025-08-31 11:00:00;0.048137177
2025-08-31 12:00:00;0.04632642
2025-08-31 13:00:00;0.043315869
2025-08-31 14:00:00;0.06315388
2025-08-31 15:00:00;0.076230772
2025-08-31 16:00:00;0.09549943600000001
2025-08-31 17:00:00;0.075454886
2025-08-31 18:00:00;0.101218352
2025-08-31 19:00:00;0.11976847600000001
2025-08-31 20:00:00;0.116197791
2025-08-31 21:00:00;0.119094481
2025-08-31 22:00:00;0.102631987
2025-08-31 23:00:00;0.085566265
2025-09-01 00:00:00;0.09953588999999999
2025-09-01 01:00:00;0.054127269
2025-09-01 02:00:00;0.039110228
2025-09-01 03:00:00;0.041645785
2025-09-01 04:00:00;0.075985793
2025-09-01 05:00:00;0.07227726400000001
2025-09-01 06:00:00;0.08519722
2025-09-01 07:00:00;0.082385464
2025-09-01 08:00:00;0.064927064
2025-09-01 09:00:00;0.042677845
2025-09-01 10:00:00;0.032920316
2025-09-01 11:00:00;0.041509762
2025-09-01 12:00:00;0.067172487
2025-09-01 13:00:00;0.052788437
2025-09-01 14:00:00;0.055276628
2025-09-01 15:00:00;0.05964209
2025-09-01 16:00:00;0.070020123
2025-09-01 17:00:00;0.090376619
2025-09-01 18:00:00;0.109883788
2025-09-01 19:00:00;0.134091665
2025-09-01 20:00:00;0.143276859
2025-09-01 21:00:00;0.120882413
2025-09-01 22:00:00;0.11577140300000001
2025-09-01 23:00:00;0.113165598
2025-09-02 00:00:00;0.096909025
2025-09-02 01:00:00;0.09200743900000001
2025-09-02 02:00:00;0.095423034
2025-09-02 03:00:00;0.095900668
2025-09-02 04:00:00;0.09915977499999999
2025-09-02 05:00:00;0.10038909
2025-09-02 06:00:00;0.104978324
2025-09-02 07:00:00;0.115079484
2025-09-02 08:00:00;0.1243903
2025-09-02 09:00:00;0.090982298
2025-09-02 10:00:00;0.06729294899999999
2025-09-02 11:00:00;0.043212206
2025-09-02 12:00:00;0.042028782
2025-09-02 13:00:00;0.044162504
2025-09-02 14:00:00;0.039130759
2025-09-02 15:00:00;0.041507521
2025-09-02 16:00:00;0.054321571
2025-09-02 17:00:00;0.074420008
2025-09-02 18:00:00;0.12105923
2025-09-02 19:00:00;0.144354207
2025-09-02 20:00:00;0.152457327
2025-09-02 21:00:00;0.149129539
2025-09-02 22:00:00;0.13174788599999998
2025-09-02 23:00:00;0.10774835199999999
2025-09-03 00:00:00;0.070979054
2025-09-03 01:00:00;0.060449748
2025-09-03 02:00:00;0.045755007
2025-09-03 03:00:00;0.035195035
2025-09-03 04:00:00;0.034088173
2025-09-03 05:00:00;0.036290540999999996
2025-09-03 06:00:00;0.009194293999999999
2025-09-03 07:00:00;0.020562031
2025-09-03 08:00:00;0.023061608
2025-09-03 09:00:00;0.033002206
2025-09-03 10:00:00;0.022132021999999998
2025-09-03 11:00:00;0.030633492000000002
2025-09-03 12:00:00;0.028170991
2025-09-03 13:00:00;0.034088302
2025-09-03 14:00:00;0.036058662
2025-09-03 15:00:00;0.04870661
2025-09-03 16:00:00;0.021750910999999998
2025-09-03 17:00:00;0.039811421
2025-09-03 18:00:00;0.02463548
2025-09-03 19:00:00;0.007149987
2025-09-03 20:00:00;0.006590779999999999
2025-09-03 21:00:00;0.0054508840000000005
2025-09-03 22:00:00;0.022881042
2025-09-03 23:00:00;0.013223614
2025-09-04 00:00:00;0.00900605
2025-09-04 01:00:00;0.004983735
2025-09-04 02:00:00;0.0052655010000000006
2025-09-04 03:00:00;0.006126557
2025-09-04 04:00:00;0.006898529
2025-09-04 05:00:00;0.005168316
2025-09-04 06:00:00;0.006099084
2025-09-04 07:00:00;0.006989531
2025-09-04 08:00:00;0.013071656000000001
2025-09-04 09:00:00;0.030738637
2025-09-04 10:00:00;0.03091536
2025-09-04 11:00:00;0.026473556
2025-09-04 12:00:00;0.038557062
2025-09-04 13:00:00;0.035589143
2025-09-04 14:00:00;0.029545632999999998
2025-09-04 15:00:00;0.029284426
2025-09-04 16:00:00;0.037557386
2025-09-04 17:00:00;0.085405005
2025-09-04 18:00:00;0.111831189
2025-09-04 19:00:00;0.136601773
2025-09-04 20:00:00;0.146353476
2025-09-04 21:00:00;0.152760951
2025-09-04 22:00:00;0.151692977
2025-09-04 23:00:00;0.124288833
2025-09-05 00:00:00;0.110106567
2025-09-05 01:00:00;0.10897270299999999
2025-09-05 02:00:00;0.10978216
2025-09-05 03:00:00;0.11400215300000001
2025-09-05 04:00:00;0.115132221
2025-09-05 05:00:00;0.125144993
2025-09-05 06:00:00;0.14479488499999998
2025-09-05 07:00:00;0.152116365
2025-09-05 08:00:00;0.153051052
2025-09-05 09:00:00;0.15461545499999998
2025-09-05 10:00:00;0.045084819000000005
2025-09-05 11:00:00;0.049536914
2025-09-05 12:00:00;0.008046035
2025-09-05 13:00:00;0.027068183000000003
2025-09-05 14:00:00;0.01472058
2025-09-05 15:00:00;0.007880231
2025-09-05 16:00:00;0.01597982
2025-09-05 17:00:00;0.079773852
2025-09-05 18:00:00;0.107845837
2025-09-05 19:00:00;0.153261402
2025-09-05 20:00:00;0.14478347
2025-09-05 21:00:00;0.108219554
2025-09-05 22:00:00;0.125336251
2025-09-05 23:00:00;0.137000622
2025-09-06 00:00:00;0.136041683
2025-09-06 01:00:00;0.139069345
2025-09-06 02:00:00;0.12967622
2025-09-06 03:00:00;0.12782864700000002
2025-09-06 04:00:00;0.12722730699999998
2025-09-06 05:00:00;0.128930524
2025-09-06 06:00:00;0.137011773
2025-09-06 07:00:00;0.132528077
2025-09-06 08:00:00;0.098713204
2025-09-06 09:00:00;0.076942386
2025-09-06 10:00:00;0.08768321600000001
2025-09-06 11:00:00;0.095989252
2025-09-06 12:00:00;0.09493781300000001
2025-09-06 13:00:00;0.10032521
2025-09-06 14:00:00;0.09110140900000001
2025-09-06 15:00:00;0.09893951
2025-09-06 16:00:00;0.07020871699999999
2025-09-06 17:00:00;0.077631635
2025-09-06 18:00:00;0.099551829
2025-09-06 19:00:00;0.11330970000000001
2025-09-06 20:00:00;0.10342433300000001
2025-09-06 21:00:00;0.08760127300000001
2025-09-06 22:00:00;0.071482438
2025-09-06 23:00:00;0.059553448
2025-09-07 00:00:00;0.056706434
2025-09-07 01:00:00;0.055122660000000004
2025-09-07 02:00:00;0.054505165
2025-09-07 03:00:00;0.051966961
2025-09-07 04:00:00;0.047252888
2025-09-07 05:00:00;0.052700088
2025-09-07 06:00:00;0.057247602
2025-09-07 07:00:00;0.054044728
2025-09-07 08:00:00;0.053721225
2025-09-07 09:00:00;0.044998097
2025-09-07 10:00:00;0.055055968999999996
2025-09-07 11:00:00;0.070787158
2025-09-07 12:00:00;0.073703863
2025-09-07 13:00:00;0.071055093
2025-09-07 14:00:00;0.074625755
2025-09-07 15:00:00;0.054483915
2025-09-07 16:00:00;0.033362703
2025-09-07 17:00:00;0.031634833
2025-09-07 18:00:00;0.022185265000000003
2025-09-07 19:00:00;0.016885428
2025-09-07 20:00:00;0.039293996
2025-09-07 21:00:00;0.038438108
2025-09-07 22:00:00;0.009886922999999999
2025-09-07 23:00:00;0.016212247000000003
2025-09-08 00:00:00;0.008366928
2025-09-08 01:00:00;0.005874707
2025-09-08 02:00:00;0.007520551
2025-09-08 03:00:00;0.005537670000000001
2025-09-08 04:00:00;0.005622712
2025-09-08 05:00:00;0.005941567
2025-09-08 06:00:00;0.011598530000000001
2025-09-08 07:00:00;0.013008649
2025-09-08 08:00:00;0.006007651
2025-09-08 09:00:00;0.005513565
2025-09-08 10:00:00;0.004211739
2025-09-08 11:00:00;0.004552616000000001
2025-09-08 12:00:00;0.004414068
2025-09-08 13:00:00;0.009213241
2025-09-08 14:00:00;0.003928299
2025-09-08 15:00:00;0.004441841
2025-09-08 16:00:00;0.017752534
2025-09-08 17:00:00;0.0999978
2025-09-08 18:00:00;0.076810732
2025-09-08 19:00:00;0.09133411300000001
2025-09-08 20:00:00;0.10483819
2025-09-08 21:00:00;0.101440922
2025-09-08 22:00:00;0.08994591
2025-09-08 23:00:00;0.088768606
2025-09-09 00:00:00;0.162740784
2025-09-09 01:00:00;0.168470069
2025-09-09 02:00:00;0.17363886099999998
2025-09-09 03:00:00;0.179134384
2025-09-09 04:00:00;0.177144365
2025-09-09 05:00:00;0.17763204
2025-09-09 06:00:00;0.178302672
2025-09-09 07:00:00;0.108070273
2025-09-09 08:00:00;0.138269219
2025-09-09 09:00:00;0.063748181
2025-09-09 10:00:00;0.044514825
2025-09-09 11:00:00;0.038258192
2025-09-09 12:00:00;0.034168271
2025-09-09 13:00:00;0.031751336
2025-09-09 14:00:00;0.049781129
2025-09-09 15:00:00;0.036867005
2025-09-09 16:00:00;0.061993249
2025-09-09 17:00:00;0.147372664
2025-09-09 18:00:00;0.162004299
2025-09-09 19:00:00;0.160636256
2025-09-09 20:00:00;0.161240997
2025-09-09 21:00:00;0.091040994
2025-09-09 22:00:00;0.06614182099999999
2025-09-09 23:00:00;0.04313259999999999
2025-09-10 00:00:00;0.030612992
2025-09-10 01:00:00;0.045520357
2025-09-10 02:00:00;0.07078166600000001
2025-09-10 03:00:00;0.063010648
2025-09-10 04:00:00;0.061441571
2025-09-10 05:00:00;0.057651234
2025-09-10 06:00:00;0.028448106
2025-09-10 07:00:00;0.030458027000000002
2025-09-10 08:00:00;0.038854522
2025-09-10 09:00:00;0.079623217
2025-09-10 10:00:00;0.07787608
2025-09-10 11:00:00;0.07277048600000001
2025-09-10 12:00:00;0.055730925
2025-09-10 13:00:00;0.0612366
2025-09-10 14:00:00;0.065267122
2025-09-10 15:00:00;0.068015811
2025-09-10 16:00:00;0.062192852
2025-09-10 17:00:00;0.080749655
2025-09-10 18:00:00;0.08338037699999999
2025-09-10 19:00:00;0.064035061
2025-09-10 20:00:00;0.101311363
2025-09-10 21:00:00;0.100023689
2025-09-10 22:00:00;0.088725214
2025-09-10 23:00:00;0.067544631
2025-09-11 00:00:00;0.0344494
2025-09-11 01:00:00;0.039473097000000006
2025-09-11 02:00:00;0.046074548
2025-09-11 03:00:00;0.04097543
2025-09-11 04:00:00;0.036575387
2025-09-11 05:00:00;0.02790983
2025-09-11 06:00:00;0.028410671000000002
2025-09-11 07:00:00;0.02455841
2025-09-11 08:00:00;0.048190728999999995
2025-09-11 09:00:00;0.044640510999999994
2025-09-11 10:00:00;0.027407710000000002
2025-09-11 11:00:00;0.024404783
2025-09-11 12:00:00;0.021045583
2025-09-11 13:00:00;0.042245423000000004
2025-09-11 14:00:00;0.038988447999999995
2025-09-11 15:00:00;0.04123917
2025-09-11 16:00:00;0.026872954
2025-09-11 17:00:00;0.022253256
2025-09-11 18:00:00;0.020460867
2025-09-11 19:00:00;0.029397236
2025-09-11 20:00:00;0.051950549000000006
2025-09-11 21:00:00;0.06584561800000001
2025-09-11 22:00:00;0.034544677999999995
2025-09-11 23:00:00;0.02014641
2025-09-12 00:00:00;0.035901472
2025-09-12 01:00:00;0.034652503
2025-09-12 02:00:00;0.036276525999999996
2025-09-12 03:00:00;0.030034189000000003
2025-09-12 04:00:00;0.036972450000000004
2025-09-12 05:00:00;0.029211112
2025-09-12 06:00:00;0.028125228
2025-09-12 07:00:00;0.033461326
2025-09-12 08:00:00;0.033868935999999995
2025-09-12 09:00:00;0.022068352
2025-09-12 10:00:00;0.034042251
2025-09-12 11:00:00;0.046355193999999995
2025-09-12 12:00:00;0.065604984
2025-09-12 13:00:00;0.045827075
2025-09-12 14:00:00;0.058249985000000004
2025-09-12 15:00:00;0.064091075
2025-09-12 16:00:00;0.030643732
2025-09-12 17:00:00;0.026846168
2025-09-12 18:00:00;0.031320015
2025-09-12 19:00:00;0.016369723
2025-09-12 20:00:00;0.010384961
2025-09-12 21:00:00;0.013891987
2025-09-12 22:00:00;0.041554816
2025-09-12 23:00:00;0.023796545
2025-09-13 00:00:00;0.007764752
2025-09-13 01:00:00;0.009570596
2025-09-13 02:00:00;0.010687674
2025-09-13 03:00:00;0.009089897999999999
2025-09-13 04:00:00;0.008515886
2025-09-13 05:00:00;0.008091536
2025-09-13 06:00:00;0.008438807000000001
2025-09-13 07:00:00;0.019747074
2025-09-13 08:00:00;0.029686673
2025-09-13 09:00:00;0.022546487
2025-09-13 10:00:00;0.045427643000000004
2025-09-13 11:00:00;0.045651963000000004
2025-09-13 12:00:00;0.052757191
2025-09-13 13:00:00;0.046072857999999994
2025-09-13 14:00:00;0.045060841000000004
2025-09-13 15:00:00;0.034380008
2025-09-13 16:00:00;0.018711317999999998
2025-09-13 17:00:00;0.014749281
2025-09-13 18:00:00;0.036708219
2025-09-13 19:00:00;0.073158479
2025-09-13 20:00:00;0.06517136000000001
2025-09-13 21:00:00;0.024617119
2025-09-13 22:00:00;0.026253972
2025-09-13 23:00:00;0.011872401
2025-09-14 00:00:00;0.017025673
2025-09-14 01:00:00;0.018342179
2025-09-14 02:00:00;0.032468863
2025-09-14 03:00:00;0.06965490099999999
2025-09-14 04:00:00;0.08325099799999999
2025-09-14 05:00:00;0.097835688
2025-09-14 06:00:00;0.095912127
2025-09-14 07:00:00;0.094107786
2025-09-14 08:00:00;0.088134501
2025-09-14 09:00:00;0.07491730699999999
2025-09-14 10:00:00;0.051971926
2025-09-14 11:00:00;0.056995099
2025-09-14 12:00:00;0.058788969
2025-09-14 13:00:00;0.06951564
2025-09-14 14:00:00;0.074281236
2025-09-14 15:00:00;0.074563756
2025-09-14 16:00:00;0.050919537
2025-09-14 17:00:00;0.071752546
2025-09-14 18:00:00;0.047062439
2025-09-14 19:00:00;0.099218366
2025-09-14 20:00:00;0.094173923
2025-09-14 21:00:00;0.08949202099999999
2025-09-14 22:00:00;0.056869876
2025-09-14 23:00:00;0.051826378
2025-09-15 00:00:00;0.039761595
2025-09-15 01:00:00;0.029793901
2025-09-15 02:00:00;0.036836791
2025-09-15 03:00:00;0.038694117
2025-09-15 04:00:00;0.056948706
2025-09-15 05:00:00;0.053605919999999994
2025-09-15 06:00:00;0.059812907000000005
2025-09-15 07:00:00;0.040480217000000006
2025-09-15 08:00:00;0.039951488
2025-09-15 09:00:00;0.054226694
2025-09-15 10:00:00;0.031870771
2025-09-15 11:00:00;0.062176288999999996
2025-09-15 12:00:00;0.058921384
2025-09-15 13:00:00;0.065273871
2025-09-15 14:00:00;0.065391058
2025-09-15 15:00:00;0.066181674
2025-09-15 16:00:00;0.036141705
2025-09-15 17:00:00;0.0322825
2025-09-15 18:00:00;0.041666718000000005
2025-09-15 19:00:00;0.047396456000000003
2025-09-15 20:00:00;0.046326852
2025-09-15 21:00:00;0.040193494
2025-09-15 22:00:00;0.025053688
2025-09-15 23:00:00;0.031808557
2025-09-16 00:00:00;0.036705558000000006
2025-09-16 01:00:00;0.07432201399999999
2025-09-16 02:00:00;0.06876466
2025-09-16 03:00:00;0.068297308
2025-09-16 04:00:00;0.06896606
2025-09-16 05:00:00;0.06802506900000001
2025-09-16 06:00:00;0.050016202999999995
2025-09-16 07:00:00;0.043284978
2025-09-16 08:00:00;0.035322386000000004
2025-09-16 09:00:00;0.043804208000000004
2025-09-16 10:00:00;0.050994055
2025-09-16 11:00:00;0.05468262
2025-09-16 12:00:00;0.055403599
2025-09-16 13:00:00;0.026148339
2025-09-16 14:00:00;0.026858691
2025-09-16 15:00:00;0.029509789999999998
2025-09-16 16:00:00;0.030825939
2025-09-16 17:00:00;0.034213918999999995
2025-09-16 18:00:00;0.026252136
2025-09-16 19:00:00;0.005087277
2025-09-16 20:00:00;0.013952349999999999
2025-09-16 21:00:00;0.022044555
2025-09-16 22:00:00;0.015380091
2025-09-16 23:00:00;0.00887692
2025-09-17 00:00:00;0.013678258
2025-09-17 01:00:00;0.013319948
2025-09-17 02:00:00;0.014293395
2025-09-17 03:00:00;0.018185022
2025-09-17 04:00:00;0.015806887
2025-09-17 05:00:00;0.010102574999999999
2025-09-17 06:00:00;0.056140262
2025-09-17 07:00:00;0.044426662
2025-09-17 08:00:00;0.047540632
2025-09-17 09:00:00;0.011807803
2025-09-17 10:00:00;0.004670092999999999
2025-09-17 11:00:00;0.010751227
2025-09-17 12:00:00;0.008922541
2025-09-17 13:00:00;0.015233881
2025-09-17 14:00:00;0.011112231
2025-09-17 15:00:00;0.004023553
2025-09-17 16:00:00;0.012274584000000002
2025-09-17 17:00:00;0.039215332
2025-09-17 18:00:00;0.013109985999999999
2025-09-17 19:00:00;0.016612929000000002
2025-09-17 20:00:00;0.021261585
2025-09-17 21:00:00;0.033089773
2025-09-17 22:00:00;0.011059633
2025-09-17 23:00:00;0.010176306
2025-09-18 00:00:00;0.019093182
2025-09-18 01:00:00;0.027556453999999998
2025-09-18 02:00:00;0.038673751000000006
2025-09-18 03:00:00;0.041156552
2025-09-18 04:00:00;0.036785047
2025-09-18 05:00:00;0.006041205
2025-09-18 06:00:00;0.034800558
2025-09-18 07:00:00;0.007854936
2025-09-18 08:00:00;0.037675763
2025-09-18 09:00:00;0.041348543999999994
2025-09-18 10:00:00;0.033548557
2025-09-18 11:00:00;0.014196244
2025-09-18 12:00:00;0.022886789
2025-09-18 13:00:00;0.014266135000000001
2025-09-18 14:00:00;0.011987211000000001
2025-09-18 15:00:00;0.010316818
2025-09-18 16:00:00;0.012692489
2025-09-18 17:00:00;0.010018843999999999
2025-09-18 18:00:00;0.004269242
2025-09-18 19:00:00;0.004418055
2025-09-18 20:00:00;0.035709349
2025-09-18 21:00:00;0.050554144
2025-09-18 22:00:00;0.055921850999999995
2025-09-18 23:00:00;0.052117495
2025-09-19 00:00:00;0.039561858
2025-09-19 01:00:00;0.006230129
2025-09-19 02:00:00;0.007373843
2025-09-19 03:00:00;0.006676177
2025-09-19 04:00:00;0.006557388000000001
2025-09-19 05:00:00;0.006206249
2025-09-19 06:00:00;0.007748003
2025-09-19 07:00:00;0.026977487
2025-09-19 08:00:00;0.023310693
2025-09-19 09:00:00;0.006646836000000001
2025-09-19 10:00:00;0.0281917
2025-09-19 11:00:00;0.018428046
2025-09-19 12:00:00;0.053952305000000006
2025-09-19 13:00:00;0.08140368499999999
2025-09-19 14:00:00;0.075744454
2025-09-19 15:00:00;0.01087407
2025-09-19 16:00:00;0.045579182
2025-09-19 17:00:00;0.051443131999999996
2025-09-19 18:00:00;0.055863182000000004
2025-09-19 19:00:00;0.056481005
2025-09-19 20:00:00;0.051026046
2025-09-19 21:00:00;0.055803988
2025-09-19 22:00:00;0.040691715
2025-09-19 23:00:00;0.006803448
2025-09-20 00:00:00;0.0066061240000000005
2025-09-20 01:00:00;0.007210556000000001
2025-09-20 02:00:00;0.027389335
2025-09-20 03:00:00;0.051560988
2025-09-20 04:00:00;0.08047988599999999
2025-09-20 05:00:00;0.09933457799999999
2025-09-20 06:00:00;0.082554896
2025-09-20 07:00:00;0.093611186
2025-09-20 08:00:00;0.06746229200000001
2025-09-20 09:00:00;0.053720338
2025-09-20 10:00:00;0.050108921
2025-09-20 11:00:00;0.043209376
2025-09-20 12:00:00;0.039258474999999994
2025-09-20 13:00:00;0.038468618999999996
2025-09-20 14:00:00;0.038869652000000005
2025-09-20 15:00:00;0.03690875
2025-09-20 16:00:00;0.018675696
2025-09-20 17:00:00;0.013553209
2025-09-20 18:00:00;0.087960661
2025-09-20 19:00:00;0.08650158899999999
2025-09-20 20:00:00;0.07530859100000001
2025-09-20 21:00:00;0.068741743
2025-09-20 22:00:00;0.063081598
2025-09-20 23:00:00;0.064077858
2025-09-21 00:00:00;0.008936019
2025-09-21 01:00:00;0.02776688
2025-09-21 02:00:00;0.027930140000000003
2025-09-21 03:00:00;0.045467193
2025-09-21 04:00:00;0.041794368
2025-09-21 05:00:00;0.056001623
2025-09-21 06:00:00;0.054808063
2025-09-21 07:00:00;0.049009424
2025-09-21 08:00:00;0.044976874
2025-09-21 09:00:00;0.033088782000000004
2025-09-21 10:00:00;0.03285078
2025-09-21 11:00:00;0.04518213
2025-09-21 12:00:00;0.04647841
2025-09-21 13:00:00;0.050474148999999996
2025-09-21 14:00:00;0.048778148
2025-09-21 15:00:00;0.034123286
2025-09-21 16:00:00;0.016308133000000002
2025-09-21 17:00:00;0.032080796999999994
2025-09-21 18:00:00;0.044780598
2025-09-21 19:00:00;0.027455534
2025-09-21 20:00:00;0.032880074
2025-09-21 21:00:00;0.038592145
2025-09-21 22:00:00;0.027066699
2025-09-21 23:00:00;0.025012172
2025-09-22 00:00:00;0.037633145
2025-09-22 01:00:00;0.037767337
2025-09-22 02:00:00;0.040196537
2025-09-22 03:00:00;0.039582231999999995
2025-09-22 04:00:00;0.038319979
2025-09-22 05:00:00;0.039499582
2025-09-22 06:00:00;0.042397492999999994
2025-09-22 07:00:00;0.055460972
2025-09-22 08:00:00;0.047805765
2025-09-22 09:00:00;0.046165807999999996
2025-09-22 10:00:00;0.034296859
2025-09-22 11:00:00;0.039452418
2025-09-22 12:00:00;0.042741632
2025-09-22 13:00:00;0.036805348
2025-09-22 14:00:00;0.039355189000000006
2025-09-22 15:00:00;0.040202518
2025-09-22 16:00:00;0.046693623000000004
2025-09-22 17:00:00;0.055157613
2025-09-22 18:00:00;0.030054919000000003
2025-09-22 19:00:00;0.019821594999999997
2025-09-22 20:00:00;0.010380295999999999
2025-09-22 21:00:00;0.016204629
2025-09-22 22:00:00;0.017537307999999998
2025-09-22 23:00:00;0.011803908
2025-09-23 00:00:00;0.029874367
2025-09-23 01:00:00;0.027907964
2025-09-23 02:00:00;0.06448845900000001
2025-09-23 03:00:00;0.043434364
2025-09-23 04:00:00;0.042750146999999995
2025-09-23 05:00:00;0.058319931
2025-09-23 06:00:00;0.069122975
2025-09-23 07:00:00;0.06640037100000001
2025-09-23 08:00:00;0.06593304000000001
2025-09-23 09:00:00;0.042217204
2025-09-23 10:00:00;0.043114252
2025-09-23 11:00:00;0.026598943
2025-09-23 12:00:00;0.057455552
2025-09-23 13:00:00;0.057517902
2025-09-23 14:00:00;0.061217970000000003
2025-09-23 15:00:00;0.06729748499999999
2025-09-23 16:00:00;0.06895839399999999
2025-09-23 17:00:00;0.08624451899999999
2025-09-23 18:00:00;0.091200416
2025-09-23 19:00:00;0.169329762
2025-09-23 20:00:00;0.188325264
2025-09-23 21:00:00;0.19383354600000002
2025-09-23 22:00:00;0.181648707
2025-09-23 23:00:00;0.156497669
2025-09-24 00:00:00;0.13732514
2025-09-24 01:00:00;0.093856176
2025-09-24 02:00:00;0.102679033
2025-09-24 03:00:00;0.084379627
2025-09-24 04:00:00;0.09981575399999999
2025-09-24 05:00:00;0.121220084
2025-09-24 06:00:00;0.15384097600000002
2025-09-24 07:00:00;0.153316586
2025-09-24 08:00:00;0.133740535
2025-09-24 09:00:00;0.11612466
2025-09-24 10:00:00;0.083935267
2025-09-24 11:00:00;0.07228559
2025-09-24 12:00:00;0.078621032
2025-09-24 13:00:00;0.096344555
2025-09-24 14:00:00;0.102905237
2025-09-24 15:00:00;0.09569348100000001
2025-09-24 16:00:00;0.099886298
2025-09-24 17:00:00;0.114868567
2025-09-24 18:00:00;0.137641469
2025-09-24 19:00:00;0.10056194
2025-09-24 20:00:00;0.084530147
2025-09-24 21:00:00;0.09686292
2025-09-24 22:00:00;0.094677306
2025-09-24 23:00:00;0.078825418
2025-09-25 00:00:00;0.079589931
2025-09-25 01:00:00;0.064917298
2025-09-25 02:00:00;0.08381817100000001
2025-09-25 03:00:00;0.080842065
2025-09-25 04:00:00;0.074018741
2025-09-25 05:00:00;0.068651919
2025-09-25 06:00:00;0.08255323799999999
2025-09-25 07:00:00;0.076912714
2025-09-25 08:00:00;0.06453386600000001
2025-09-25 09:00:00;0.061869466000000005
2025-09-25 10:00:00;0.05345704
2025-09-25 11:00:00;0.062194775
2025-09-25 12:00:00;0.059059593
2025-09-25 13:00:00;0.071142613
2025-09-25 14:00:00;0.06993218500000001
2025-09-25 15:00:00;0.040739113
2025-09-25 16:00:00;0.036785414
2025-09-25 17:00:00;0.031020541000000002
2025-09-25 18:00:00;0.040816465
2025-09-25 19:00:00;0.019776474
2025-09-25 20:00:00;0.02584138
2025-09-25 21:00:00;0.063640277
2025-09-25 22:00:00;0.050939334
2025-09-25 23:00:00;0.071162231
2025-09-26 00:00:00;0.047867181
2025-09-26 01:00:00;0.046686703999999996
2025-09-26 02:00:00;0.050375512
2025-09-26 03:00:00;0.035982860000000005
2025-09-26 04:00:00;0.011151605
2025-09-26 05:00:00;0.012596788
2025-09-26 06:00:00;0.020938659999999998
2025-09-26 07:00:00;0.022834502
2025-09-26 08:00:00;0.010132864
2025-09-26 09:00:00;0.013730587
2025-09-26 10:00:00;0.050643215
2025-09-26 11:00:00;0.04851007
2025-09-26 12:00:00;0.058074388
2025-09-26 13:00:00;0.073316071
2025-09-26 14:00:00;0.06380775100000001
2025-09-26 15:00:00;0.03888283
2025-09-26 16:00:00;0.057176467
2025-09-26 17:00:00;0.058137153
2025-09-26 18:00:00;0.039474068
2025-09-26 19:00:00;0.011430659999999999
2025-09-26 20:00:00;0.009485823999999999
2025-09-26 21:00:00;0.007053664
2025-09-26 22:00:00;0.014801904999999999
2025-09-26 23:00:00;0.012137202
2025-09-27 00:00:00;0.007734697
2025-09-27 01:00:00;0.019699178
2025-09-27 02:00:00;0.007862784000000001
2025-09-27 03:00:00;0.007213805
2025-09-27 04:00:00;0.007199387
2025-09-27 05:00:00;0.037000078
2025-09-27 06:00:00;0.031381853
2025-09-27 07:00:00;0.032549153
2025-09-27 08:00:00;0.034687847
2025-09-27 09:00:00;0.06286665
2025-09-27 10:00:00;0.057432239
2025-09-27 11:00:00;0.050877224
2025-09-27 12:00:00;0.049877347999999995
2025-09-27 13:00:00;0.054033764
2025-09-27 14:00:00;0.050954678999999996
2025-09-27 15:00:00;0.042062947
2025-09-27 16:00:00;0.048879868
2025-09-27 17:00:00;0.027378197
2025-09-27 18:00:00;0.045498698
2025-09-27 19:00:00;0.059326374
2025-09-27 20:00:00;0.025134298000000003
2025-09-27 21:00:00;0.030297116
2025-09-27 22:00:00;0.031145929
2025-09-27 23:00:00;0.034832262
2025-09-28 00:00:00;0.083477729
2025-09-28 01:00:00;0.074845317
2025-09-28 02:00:00;0.10035316899999999
2025-09-28 03:00:00;0.10952049200000001
2025-09-28 04:00:00;0.140415867
2025-09-28 05:00:00;0.145577861
2025-09-28 06:00:00;0.108669347
2025-09-28 07:00:00;0.111658535
2025-09-28 08:00:00;0.10457471099999999
2025-09-28 09:00:00;0.08253188900000001
2025-09-28 10:00:00;0.062439022000000004
2025-09-28 11:00:00;0.022830527
2025-09-28 12:00:00;0.033372696
2025-09-28 13:00:00;0.045250092000000006
2025-09-28 14:00:00;0.091022016
2025-09-28 15:00:00;0.084997984
2025-09-28 16:00:00;0.097710081
2025-09-28 17:00:00;0.076664523
2025-09-28 18:00:00;0.038584057
2025-09-28 19:00:00;0.106436561
2025-09-28 20:00:00;0.08025070499999999
2025-09-28 21:00:00;0.061268552999999996
2025-09-28 22:00:00;0.11635161100000001
2025-09-28 23:00:00;0.112490421
2025-09-29 00:00:00;0.108181055
2025-09-29 01:00:00;0.106189336
2025-09-29 02:00:00;0.130233813
2025-09-29 03:00:00;0.129985719
2025-09-29 04:00:00;0.117334222
2025-09-29 05:00:00;0.16825118800000002
2025-09-29 06:00:00;0.196852585
2025-09-29 07:00:00;0.203877777
2025-09-29 08:00:00;0.208987706
2025-09-29 09:00:00;0.13711763300000002
2025-09-29 10:00:00;0.09812012099999999
2025-09-29 11:00:00;0.07903859799999999
2025-09-29 12:00:00;0.065349306
2025-09-29 13:00:00;0.074169877
2025-09-29 14:00:00;0.088107873
2025-09-29 15:00:00;0.117686758
2025-09-29 16:00:00;0.166349189
2025-09-29 17:00:00;0.200362628
2025-09-29 18:00:00;0.197683204
2025-09-29 19:00:00;0.190263676
2025-09-29 20:00:00;0.159421208
2025-09-29 21:00:00;0.154505075
2025-09-29 22:00:00;0.12404517699999999
2025-09-29 23:00:00;0.133646666
2025-09-30 00:00:00;0.14720206200000002
2025-09-30 01:00:00;0.157834281
2025-09-30 02:00:00;0.162807219
2025-09-30 03:00:00;0.156489755
2025-09-30 04:00:00;0.170617228
2025-09-30 05:00:00;0.189404863
2025-09-30 06:00:00;0.188117818
2025-09-30 07:00:00;0.178013571
2025-09-30 08:00:00;0.184012192
2025-09-30 09:00:00;0.166559347
2025-09-30 10:00:00;0.150418732
2025-09-30 11:00:00;0.12272226
2025-09-30 12:00:00;0.09494889299999999
2025-09-30 13:00:00;0.092937634
2025-09-30 14:00:00;0.110304077
2025-09-30 15:00:00;0.131460454
2025-09-30 16:00:00;0.155040379
2025-09-30 17:00:00;0.18676526899999998
2025-09-30 18:00:00;0.197579226
2025-09-30 19:00:00;0.18691776999999998
2025-09-30 20:00:00;0.15913306800000002
2025-09-30 21:00:00;0.14772071
2025-09-30 22:00:00;0.14931491500000002
2025-09-30 23:00:00;0.135934182
2025-10-01 00:00:00;0.148180552
2025-10-01 01:00:00;0.169479321
2025-10-01 02:00:00;0.162090406
2025-10-01 03:00:00;0.152441722
2025-10-01 04:00:00;0.158216618
2025-10-01 05:00:00;0.13675372300000002
2025-10-01 06:00:00;0.153046362
2025-10-01 07:00:00;0.12095078
2025-10-01 08:00:00;0.124919869
2025-10-01 09:00:00;0.11900985300000001
2025-10-01 10:00:00;0.088133623
2025-10-01 11:00:00;0.056183962999999996
2025-10-01 12:00:00;0.054628424
2025-10-01 13:00:00;0.057438296
2025-10-01 14:00:00;0.06871196
2025-10-01 15:00:00;0.078325914
2025-10-01 16:00:00;0.103675491
2025-10-01 17:00:00;0.165338431
2025-10-01 18:00:00;0.192049984
2025-10-01 19:00:00;0.188065652
2025-10-01 20:00:00;0.183921536
2025-10-01 21:00:00;0.159595949
2025-10-01 22:00:00;0.130418809
2025-10-01 23:00:00;0.099395844
2025-10-02 00:00:00;0.107966736
2025-10-02 01:00:00;0.101846499
2025-10-02 02:00:00;0.100710629
2025-10-02 03:00:00;0.105241727
2025-10-02 04:00:00;0.114955434
2025-10-02 05:00:00;0.078152878
2025-10-02 06:00:00;0.098232395
2025-10-02 07:00:00;0.100833065
2025-10-02 08:00:00;0.076886701
2025-10-02 09:00:00;0.061201605
2025-10-02 10:00:00;0.037007651
2025-10-02 11:00:00;0.025594814
2025-10-02 12:00:00;0.025424052
2025-10-02 13:00:00;0.024169724
2025-10-02 14:00:00;0.021616419
2025-10-02 15:00:00;0.037254114
2025-10-02 16:00:00;0.055469528
2025-10-02 17:00:00;0.087191386
2025-10-02 18:00:00;0.102370318
2025-10-02 19:00:00;0.096379626
2025-10-02 20:00:00;0.054441742
2025-10-02 21:00:00;0.033674934999999996
2025-10-02 22:00:00;0.026627414999999998
2025-10-02 23:00:00;0.019940173000000002
2025-10-03 00:00:00;0.005501709
2025-10-03 01:00:00;0.0054210050000000004
2025-10-03 02:00:00;0.005218447
2025-10-03 03:00:00;0.005597029
2025-10-03 04:00:00;0.005311276
2025-10-03 05:00:00;0.007149564
2025-10-03 06:00:00;0.006699439
2025-10-03 07:00:00;0.006484579
2025-10-03 08:00:00;0.010173692000000002
2025-10-03 09:00:00;0.007027979
2025-10-03 10:00:00;0.005628185
2025-10-03 11:00:00;0.010537544000000001
2025-10-03 12:00:00;0.012921203999999999
2025-10-03 13:00:00;0.012087906
2025-10-03 14:00:00;0.012759969
2025-10-03 15:00:00;0.008435788000000001
2025-10-03 16:00:00;0.027603752
2025-10-03 17:00:00;0.024560533
2025-10-03 18:00:00;0.003656053
2025-10-03 19:00:00;0.004042913
2025-10-03 20:00:00;0.004817095
2025-10-03 21:00:00;0.020327093
2025-10-03 22:00:00;0.026805842
2025-10-03 23:00:00;0.038439245
2025-10-04 00:00:00;0.041907702
2025-10-04 01:00:00;0.035527798
2025-10-04 02:00:00;0.044571375
2025-10-04 03:00:00;0.035269405
2025-10-04 04:00:00;0.027759489
2025-10-04 05:00:00;0.024083979
2025-10-04 06:00:00;0.029326064
2025-10-04 07:00:00;0.047303695
2025-10-04 08:00:00;0.042363809
2025-10-04 09:00:00;0.038904359
2025-10-04 10:00:00;0.04176764
2025-10-04 11:00:00;0.067446626
2025-10-04 12:00:00;0.068561207
2025-10-04 13:00:00;0.07424771699999999
2025-10-04 14:00:00;0.084882139
2025-10-04 15:00:00;0.080056885
2025-10-04 16:00:00;0.055984232
2025-10-04 17:00:00;0.064146325
2025-10-04 18:00:00;0.041978698
2025-10-04 19:00:00;0.039789906
2025-10-04 20:00:00;0.046287601000000005
2025-10-04 21:00:00;0.047232577
2025-10-04 22:00:00;0.060172699
2025-10-04 23:00:00;0.07659387599999999
2025-10-05 00:00:00;0.075392611
2025-10-05 01:00:00;0.07936194999999999
2025-10-05 02:00:00;0.069612121
2025-10-05 03:00:00;0.07123922
2025-10-05 04:00:00;0.07255091699999999
2025-10-05 05:00:00;0.080000647
2025-10-05 06:00:00;0.083526899
2025-10-05 07:00:00;0.075780416
2025-10-05 08:00:00;0.056953553
2025-10-05 09:00:00;0.046148224999999994
2025-10-05 10:00:00;0.057257425
2025-10-05 11:00:00;0.048856641000000006
2025-10-05 12:00:00;0.052057518000000004
2025-10-05 13:00:00;0.043854856
2025-10-05 14:00:00;0.056246171
2025-10-05 15:00:00;0.053062882
2025-10-05 16:00:00;0.033233387
2025-10-05 17:00:00;0.033416486999999995
2025-10-05 18:00:00;0.033443426000000005
2025-10-05 19:00:00;0.032435225000000005
2025-10-05 20:00:00;0.031195519999999997
2025-10-05 21:00:00;0.032752808
2025-10-05 22:00:00;0.027067235
2025-10-05 23:00:00;0.026100387000000003
2025-10-06 00:00:00;0.029186283
2025-10-06 01:00:00;0.029450534
2025-10-06 02:00:00;0.026872228
2025-10-06 03:00:00;0.02829404
2025-10-06 04:00:00;0.028986837
2025-10-06 05:00:00;0.042611013999999996
2025-10-06 06:00:00;0.038436895
2025-10-06 07:00:00;0.024528956999999997
2025-10-06 08:00:00;0.015080137
2025-10-06 09:00:00;0.049812346
2025-10-06 10:00:00;0.057461629
2025-10-06 11:00:00;0.055047601
2025-10-06 12:00:00;0.061916556
2025-10-06 13:00:00;0.064225032
2025-10-06 14:00:00;0.064722933
2025-10-06 15:00:00;0.073958336
2025-10-06 16:00:00;0.10781685899999999
2025-10-06 17:00:00;0.089818927
2025-10-06 18:00:00;0.152519624
2025-10-06 19:00:00;0.173433415
2025-10-06 20:00:00;0.102648767
2025-10-06 21:00:00;0.181009219
2025-10-06 22:00:00;0.172072735
2025-10-06 23:00:00;0.208958159
2025-10-07 00:00:00;0.203393506
2025-10-07 01:00:00;0.186658173
2025-10-07 02:00:00;0.20129571899999998
2025-10-07 03:00:00;0.19552050399999998
2025-10-07 04:00:00;0.187521377
2025-10-07 05:00:00;0.163172682
2025-10-07 06:00:00;0.127063729
2025-10-07 07:00:00;0.112938262
2025-10-07 08:00:00;0.09135835
2025-10-07 09:00:00;0.110526104
2025-10-07 10:00:00;0.11106559099999999
2025-10-07 11:00:00;0.111490129
2025-10-07 12:00:00;0.060017921
2025-10-07 13:00:00;0.079219925
2025-10-07 14:00:00;0.076114323
2025-10-07 15:00:00;0.065129326
2025-10-07 16:00:00;0.06938641599999999
2025-10-07 17:00:00;0.052910732
2025-10-07 18:00:00;0.050004275
2025-10-07 19:00:00;0.08070437
2025-10-07 20:00:00;0.026370071
2025-10-07 21:00:00;0.019001283
2025-10-07 22:00:00;0.073319883
2025-10-07 23:00:00;0.07922148400000001
2025-10-08 00:00:00;0.033108544999999996
2025-10-08 01:00:00;0.050584715
2025-10-08 02:00:00;0.061233756
2025-10-08 03:00:00;0.106733322
2025-10-08 04:00:00;0.12959627599999998
2025-10-08 05:00:00;0.135255446
2025-10-08 06:00:00;0.115674482
2025-10-08 07:00:00;0.14001169300000002
2025-10-08 08:00:00;0.12996523199999999
2025-10-08 09:00:00;0.082068875
2025-10-08 10:00:00;0.015464269
2025-10-08 11:00:00;0.020713170000000003
2025-10-08 12:00:00;0.016164041
2025-10-08 13:00:00;0.02273833
2025-10-08 14:00:00;0.076330766
2025-10-08 15:00:00;0.089452583
2025-10-08 16:00:00;0.08496657399999999
2025-10-08 17:00:00;0.097122872
2025-10-08 18:00:00;0.150274595
2025-10-08 19:00:00;0.134399562
2025-10-08 20:00:00;0.12264992200000001
2025-10-08 21:00:00;0.147004984
2025-10-08 22:00:00;0.144760434
2025-10-08 23:00:00;0.133615477
2025-10-09 00:00:00;0.113793229
2025-10-09 01:00:00;0.105019969
2025-10-09 02:00:00;0.101624541
2025-10-09 03:00:00;0.092894198
2025-10-09 04:00:00;0.10787508200000001
2025-10-09 05:00:00;0.068290715
2025-10-09 06:00:00;0.075465714
2025-10-09 07:00:00;0.07965832299999999
2025-10-09 08:00:00;0.055041551
2025-10-09 09:00:00;0.061654047
2025-10-09 10:00:00;0.026917788999999998
2025-10-09 11:00:00;0.014483898
2025-10-09 12:00:00;0.009299386
2025-10-09 13:00:00;0.014314857
2025-10-09 14:00:00;0.039730443000000004
2025-10-09 15:00:00;0.023598137
2025-10-09 16:00:00;0.009569382
2025-10-09 17:00:00;0.014431015
2025-10-09 18:00:00;0.010036279
2025-10-09 19:00:00;0.016038817
2025-10-09 20:00:00;0.012697222
2025-10-09 21:00:00;0.018579283
2025-10-09 22:00:00;0.007165763
2025-10-09 23:00:00;0.011104139
2025-10-10 00:00:00;0.008843512000000001
2025-10-10 01:00:00;0.008411549
2025-10-10 02:00:00;0.0067779350000000006
2025-10-10 03:00:00;0.0069410949999999996
2025-10-10 04:00:00;0.006371076000000001
2025-10-10 05:00:00;0.00598752
2025-10-10 06:00:00;0.0050962889999999995
2025-10-10 07:00:00;0.004955828000000001
2025-10-10 08:00:00;0.005002503
2025-10-10 09:00:00;0.004297311
2025-10-10 10:00:00;0.004765679
2025-10-10 11:00:00;0.008337412
2025-10-10 12:00:00;0.005983189000000001
2025-10-10 13:00:00;0.00668541
2025-10-10 14:00:00;0.004893290000000001
2025-10-10 15:00:00;0.004818455
2025-10-10 16:00:00;0.013729335
2025-10-10 17:00:00;0.004882635
2025-10-10 18:00:00;0.004380014
2025-10-10 19:00:00;0.004803902
2025-10-10 20:00:00;0.00478901
2025-10-10 21:00:00;0.004947256000000001
2025-10-10 22:00:00;0.005380822
2025-10-10 23:00:00;0.006018082
2025-10-11 00:00:00;0.006221343
2025-10-11 01:00:00;0.007177436000000001
2025-10-11 02:00:00;0.007661163
2025-10-11 03:00:00;0.007429695
2025-10-11 04:00:00;0.00746847
2025-10-11 05:00:00;0.007589007
2025-10-11 06:00:00;0.007176481
2025-10-11 07:00:00;0.0068114049999999995
2025-10-11 08:00:00;0.006003996
2025-10-11 09:00:00;0.00637422
2025-10-11 10:00:00;0.006029919999999999
2025-10-11 11:00:00;0.006246004
2025-10-11 12:00:00;0.005957846
2025-10-11 13:00:00;0.011665198
2025-10-11 14:00:00;0.006142066
2025-10-11 15:00:00;0.006644809999999999
2025-10-11 16:00:00;0.007487393
2025-10-11 17:00:00;0.007486385
2025-10-11 18:00:00;0.012121285
2025-10-11 19:00:00;0.012579091
2025-10-11 20:00:00;0.010407474
2025-10-11 21:00:00;0.010426243
2025-10-11 22:00:00;0.010031931999999999
2025-10-11 23:00:00;0.008523638
2025-10-12 00:00:00;0.007841177
2025-10-12 01:00:00;0.0067630039999999995
2025-10-12 02:00:00;0.006764738
2025-10-12 03:00:00;0.006238263
2025-10-12 04:00:00;0.007254029
2025-10-12 05:00:00;0.008470038000000001
2025-10-12 06:00:00;0.007249373
2025-10-12 07:00:00;0.006607434
2025-10-12 08:00:00;0.006369242
2025-10-12 09:00:00;0.007005962
2025-10-12 10:00:00;0.007938215
2025-10-12 11:00:00;0.006983815
2025-10-12 12:00:00;0.007865891
2025-10-12 13:00:00;0.008700239
2025-10-12 14:00:00;0.009021705000000001
2025-10-12 15:00:00;0.053092648
2025-10-12 16:00:00;0.063404155
2025-10-12 17:00:00;0.106000046
2025-10-12 18:00:00;0.10104107500000001
2025-10-12 19:00:00;0.082989535
2025-10-12 20:00:00;0.104911645
2025-10-12 21:00:00;0.14044952
2025-10-12 22:00:00;0.185504012
2025-10-12 23:00:00;0.226489958
2025-10-13 00:00:00;0.22745458500000001
2025-10-13 01:00:00;0.218230801
2025-10-13 02:00:00;0.224874945
2025-10-13 03:00:00;0.209016383
2025-10-13 04:00:00;0.20745741899999998
2025-10-13 05:00:00;0.208488978
2025-10-13 06:00:00;0.21411861
2025-10-13 07:00:00;0.211014675
2025-10-13 08:00:00;0.194145255
2025-10-13 09:00:00;0.17683319
2025-10-13 10:00:00;0.032398953
2025-10-13 11:00:00;0.040170186999999996
2025-10-13 12:00:00;0.045493997
2025-10-13 13:00:00;0.114559866
2025-10-13 14:00:00;0.12473724
2025-10-13 15:00:00;0.120765818
2025-10-13 16:00:00;0.095808229
2025-10-13 17:00:00;0.14922639000000001
2025-10-13 18:00:00;0.129599584
2025-10-13 19:00:00;0.107887946
2025-10-13 20:00:00;0.12775683200000001
2025-10-13 21:00:00;0.091691967
2025-10-13 22:00:00;0.07403132600000001
2025-10-13 23:00:00;0.078683083
2025-10-14 00:00:00;0.078328545
2025-10-14 01:00:00;0.082392984
2025-10-14 02:00:00;0.08271578700000001
2025-10-14 03:00:00;0.08457772300000001
2025-10-14 04:00:00;0.095865602
2025-10-14 05:00:00;0.095569419
2025-10-14 06:00:00;0.10840965699999999
2025-10-14 07:00:00;0.12110301200000001
2025-10-14 08:00:00;0.124287803
2025-10-14 09:00:00;0.131536441
2025-10-14 10:00:00;0.117459309
2025-10-14 11:00:00;0.122595963
2025-10-14 12:00:00;0.146279934
2025-10-14 13:00:00;0.126947783
2025-10-14 14:00:00;0.092079086
2025-10-14 15:00:00;0.099556718
2025-10-14 16:00:00;0.102876436
2025-10-14 17:00:00;0.17402023
2025-10-14 18:00:00;0.14527643699999998
2025-10-14 19:00:00;0.136637223
2025-10-14 20:00:00;0.139699926
2025-10-14 21:00:00;0.141323217
2025-10-14 22:00:00;0.124708291
2025-10-14 23:00:00;0.157291315
2025-10-15 00:00:00;0.200744684
2025-10-15 01:00:00;0.194915787
2025-10-15 02:00:00;0.19058971500000002
2025-10-15 03:00:00;0.181664767
2025-10-15 04:00:00;0.138010563
2025-10-15 05:00:00;0.145748213
2025-10-15 06:00:00;0.133105428
2025-10-15 07:00:00;0.1351464
2025-10-15 08:00:00;0.13268411800000002
2025-10-15 09:00:00;0.130816289
2025-10-15 10:00:00;0.10605026
2025-10-15 11:00:00;0.078795503
2025-10-15 12:00:00;0.018404133000000003
2025-10-15 13:00:00;0.023338161
2025-10-15 14:00:00;0.012759966000000001
2025-10-15 15:00:00;0.019637762
2025-10-15 16:00:00;0.013314597
2025-10-15 17:00:00;0.043674621999999996
2025-10-15 18:00:00;0.023747005
2025-10-15 19:00:00;0.024255489
2025-10-15 20:00:00;0.019719101
2025-10-15 21:00:00;0.017012668
2025-10-15 22:00:00;0.012632807
2025-10-15 23:00:00;0.011409563999999999
2025-10-16 00:00:00;0.012015768
2025-10-16 01:00:00;0.016564158
2025-10-16 02:00:00;0.01342991
2025-10-16 03:00:00;0.0130855
2025-10-16 04:00:00;0.010411357000000001
2025-10-16 05:00:00;0.009647069999999999
2025-10-16 06:00:00;0.013112987999999999
2025-10-16 07:00:00;0.039938427
2025-10-16 08:00:00;0.01375548
2025-10-16 09:00:00;0.013086274
2025-10-16 10:00:00;0.009421170999999999
2025-10-16 11:00:00;0.008162467
2025-10-16 12:00:00;0.008856009
2025-10-16 13:00:00;0.0069516460000000006
2025-10-16 14:00:00;0.006588495
2025-10-16 15:00:00;0.007188447
2025-10-16 16:00:00;0.007183464
2025-10-16 17:00:00;0.011015592
2025-10-16 18:00:00;0.016607081
2025-10-16 19:00:00;0.016294874
2025-10-16 20:00:00;0.0163345
2025-10-16 21:00:00;0.012728794
2025-10-16 22:00:00;0.010861087
2025-10-16 23:00:00;0.009816482999999999
2025-10-17 00:00:00;0.009520402
2025-10-17 01:00:00;0.009796068
2025-10-17 02:00:00;0.010054249999999999
2025-10-17 03:00:00;0.010557698
2025-10-17 04:00:00;0.010652788
2025-10-17 05:00:00;0.01936962
2025-10-17 06:00:00;0.050529004999999995
2025-10-17 07:00:00;0.052803604
2025-10-17 08:00:00;0.017409101
2025-10-17 09:00:00;0.026246437
2025-10-17 10:00:00;0.01280635
2025-10-17 11:00:00;0.009203806
2025-10-17 12:00:00;0.007406479
2025-10-17 13:00:00;0.006926455
2025-10-17 14:00:00;0.006471149
2025-10-17 15:00:00;0.006950609
2025-10-17 16:00:00;0.009281356000000001
2025-10-17 17:00:00;0.017979926
2025-10-17 18:00:00;0.020678747
2025-10-17 19:00:00;0.020810042
2025-10-17 20:00:00;0.020591459
2025-10-17 21:00:00;0.018382463999999998
2025-10-17 22:00:00;0.015111188999999999
2025-10-17 23:00:00;0.020997810999999998
2025-10-18 00:00:00;0.017312421
2025-10-18 01:00:00;0.028727146999999998
2025-10-18 02:00:00;0.033125171
2025-10-18 03:00:00;0.090531655
2025-10-18 04:00:00;0.12439119700000001
2025-10-18 05:00:00;0.131445887
2025-10-18 06:00:00;0.156849918
2025-10-18 07:00:00;0.14109439699999998
2025-10-18 08:00:00;0.115565867
2025-10-18 09:00:00;0.063990303
2025-10-18 10:00:00;0.08057004999999999
2025-10-18 11:00:00;0.069159332
2025-10-18 12:00:00;0.063358596
2025-10-18 13:00:00;0.057831278
2025-10-18 14:00:00;0.06385197000000001
2025-10-18 15:00:00;0.059094152999999996
2025-10-18 16:00:00;0.083255445
2025-10-18 17:00:00;0.084233418
2025-10-18 18:00:00;0.12967668000000002
2025-10-18 19:00:00;0.07654778500000001
2025-10-18 20:00:00;0.074489388
2025-10-18 21:00:00;0.055049372
2025-10-18 22:00:00;0.08013591099999999
2025-10-18 23:00:00;0.054961895
2025-10-19 00:00:00;0.052630491999999994
2025-10-19 01:00:00;0.050686199
2025-10-19 02:00:00;0.023946921
2025-10-19 03:00:00;0.02385247
2025-10-19 04:00:00;0.023746860999999998
2025-10-19 05:00:00;0.023522144000000002
2025-10-19 06:00:00;0.023972449
2025-10-19 07:00:00;0.024108605
2025-10-19 08:00:00;0.025346984
2025-10-19 09:00:00;0.016490131999999998
2025-10-19 10:00:00;0.007884160999999999
2025-10-19 11:00:00;0.022411677
2025-10-19 12:00:00;0.016642703999999998
2025-10-19 13:00:00;0.037313751000000006
2025-10-19 14:00:00;0.032187386
2025-10-19 15:00:00;0.030137711
2025-10-19 16:00:00;0.014810563
2025-10-19 17:00:00;0.011494479
2025-10-19 18:00:00;0.014136718999999999
2025-10-19 19:00:00;0.015775086
2025-10-19 20:00:00;0.015797699
2025-10-19 21:00:00;0.016431798
2025-10-19 22:00:00;0.008086219
2025-10-19 23:00:00;0.009067382
2025-10-20 00:00:00;0.009205198
2025-10-20 01:00:00;0.009259017999999999
2025-10-20 02:00:00;0.009086091
2025-10-20 03:00:00;0.015359946000000001
2025-10-20 04:00:00;0.011491484
2025-10-20 05:00:00;0.019000449
2025-10-20 06:00:00;0.012162678
2025-10-20 07:00:00;0.0066790799999999996
2025-10-20 08:00:00;0.007075301
2025-10-20 09:00:00;0.011791922
2025-10-20 10:00:00;0.008617796
2025-10-20 11:00:00;0.008993097
2025-10-20 12:00:00;0.007761813
2025-10-20 13:00:00;0.00734339
2025-10-20 14:00:00;0.0075485579999999995
2025-10-20 15:00:00;0.006755395
2025-10-20 16:00:00;0.006587679
2025-10-20 17:00:00;0.007850566
2025-10-20 18:00:00;0.013403837
2025-10-20 19:00:00;0.008478752
2025-10-20 20:00:00;0.008257507
2025-10-20 21:00:00;0.008499975
2025-10-20 22:00:00;0.009368013
2025-10-20 23:00:00;0.030441505
2025-10-21 00:00:00;0.03403915
2025-10-21 01:00:00;0.039153405
2025-10-21 02:00:00;0.03700366
2025-10-21 03:00:00;0.036556029000000004
2025-10-21 04:00:00;0.033045266
2025-10-21 05:00:00;0.038344574
2025-10-21 06:00:00;0.01295065
2025-10-21 07:00:00;0.012925306000000001
2025-10-21 08:00:00;0.012892269000000001
2025-10-21 09:00:00;0.020635172
2025-10-21 10:00:00;0.026509741000000003
2025-10-21 11:00:00;0.019380547
2025-10-21 12:00:00;0.031446039
2025-10-21 13:00:00;0.059994794
2025-10-21 14:00:00;0.060716202000000004
2025-10-21 15:00:00;0.053651367
2025-10-21 16:00:00;0.036030258
2025-10-21 17:00:00;0.012615379000000001
2025-10-21 18:00:00;0.011488587000000001
2025-10-21 19:00:00;0.011661535
2025-10-21 20:00:00;0.011308906
2025-10-21 21:00:00;0.013413363000000001
2025-10-21 22:00:00;0.017950059
2025-10-21 23:00:00;0.022782029000000002
2025-10-22 00:00:00;0.016557186999999998
2025-10-22 01:00:00;0.035719454
2025-10-22 02:00:00;0.018246598
2025-10-22 03:00:00;0.025003226
2025-10-22 04:00:00;0.017929634
2025-10-22 05:00:00;0.017072331
2025-10-22 06:00:00;0.012998535
2025-10-22 07:00:00;0.010582374
2025-10-22 08:00:00;0.012584083
2025-10-22 09:00:00;0.011484579
2025-10-22 10:00:00;0.010916064
2025-10-22 11:00:00;0.012631090999999999
2025-10-22 12:00:00;0.010895854
2025-10-22 13:00:00;0.008849987
2025-10-22 14:00:00;0.008790237
2025-10-22 15:00:00;0.037984862999999994
2025-10-22 16:00:00;0.069429481
2025-10-22 17:00:00;0.099251109
2025-10-22 18:00:00;0.107052786
2025-10-22 19:00:00;0.117826812
2025-10-22 20:00:00;0.119227446
2025-10-22 21:00:00;0.14174191200000003
2025-10-22 22:00:00;0.151446057
2025-10-22 23:00:00;0.13131438399999998
2025-10-23 00:00:00;0.121940551
2025-10-23 01:00:00;0.079122122
2025-10-23 02:00:00;0.044446302
2025-10-23 03:00:00;0.041422581
2025-10-23 04:00:00;0.033738075
2025-10-23 05:00:00;0.034109321
2025-10-23 06:00:00;0.038718583
2025-10-23 07:00:00;0.014195104
2025-10-23 08:00:00;0.015799086
2025-10-23 09:00:00;0.019241875
2025-10-23 10:00:00;0.016894798000000003
2025-10-23 11:00:00;0.021134737
2025-10-23 12:00:00;0.038826686
2025-10-23 13:00:00;0.035151508
2025-10-23 14:00:00;0.019241987000000002
2025-10-23 15:00:00;0.009770395000000001
2025-10-23 16:00:00;0.009647805
2025-10-23 17:00:00;0.00744128
2025-10-23 18:00:00;0.014534601999999999
2025-10-23 19:00:00;0.036412484999999994
2025-10-23 20:00:00;0.023442993999999998
2025-10-23 21:00:00;0.021947868
2025-10-23 22:00:00;0.008929652000000001
2025-10-23 23:00:00;0.014680078999999999
2025-10-24 00:00:00;0.033652487
2025-10-24 01:00:00;0.053945559000000004
2025-10-24 02:00:00;0.06861518
2025-10-24 03:00:00;0.072635217
2025-10-24 04:00:00;0.073591512
2025-10-24 05:00:00;0.067713616
2025-10-24 06:00:00;0.026881564
2025-10-24 07:00:00;0.015802554
2025-10-24 08:00:00;0.019468067000000002
2025-10-24 09:00:00;0.027011045
2025-10-24 10:00:00;0.044214731
2025-10-24 11:00:00;0.057103487
2025-10-24 12:00:00;0.070876899
2025-10-24 13:00:00;0.068117738
2025-10-24 14:00:00;0.057103608
2025-10-24 15:00:00;0.038500552
2025-10-24 16:00:00;0.041165229
2025-10-24 17:00:00;0.032375602
2025-10-24 18:00:00;0.011027089
2025-10-24 19:00:00;0.015175128000000001
2025-10-24 20:00:00;0.020621699
2025-10-24 21:00:00;0.022811166
2025-10-24 22:00:00;0.023373651
2025-10-24 23:00:00;0.033262444
2025-10-25 00:00:00;0.028677707
2025-10-25 01:00:00;0.043283325
2025-10-25 02:00:00;0.048176882
2025-10-25 03:00:00;0.047299703
2025-10-25 04:00:00;0.066996921
2025-10-25 05:00:00;0.058412402999999995
2025-10-25 06:00:00;0.047286929
2025-10-25 07:00:00;0.043248614000000005
2025-10-25 08:00:00;0.039910019
2025-10-25 09:00:00;0.037414151
2025-10-25 10:00:00;0.037170867
2025-10-25 11:00:00;0.037888155
2025-10-25 12:00:00;0.03707696
2025-10-25 13:00:00;0.061077926
2025-10-25 14:00:00;0.06309300600000001
2025-10-25 15:00:00;0.065033906
2025-10-25 16:00:00;0.064595449
2025-10-25 17:00:00;0.041481305999999996
2025-10-25 18:00:00;0.038594116
2025-10-25 19:00:00;0.040417676
2025-10-25 20:00:00;0.036452951
2025-10-25 21:00:00;0.039680047
2025-10-25 22:00:00;0.040442518999999996
2025-10-25 23:00:00;0.038746671999999996
2025-10-26 00:00:00;0.037133508999999995
2025-10-26 01:00:00;0.046709833000000006
2025-10-26 02:00:00;0.063727389
2025-10-26 02:00:00;0.049196867
2025-10-26 03:00:00;0.085882741
2025-10-26 04:00:00;0.07543143299999999
2025-10-26 05:00:00;0.076953697
2025-10-26 06:00:00;0.073901249
2025-10-26 07:00:00;0.051804994
2025-10-26 08:00:00;0.048929781
2025-10-26 09:00:00;0.051440013
2025-10-26 10:00:00;0.058964579
2025-10-26 11:00:00;0.05875188
2025-10-26 12:00:00;0.057873542
2025-10-26 13:00:00;0.062104322
2025-10-26 14:00:00;0.06899337900000001
2025-10-26 15:00:00;0.075892529
2025-10-26 16:00:00;0.068704976
2025-10-26 17:00:00;0.052865727
2025-10-26 18:00:00;0.064543242
2025-10-26 19:00:00;0.06045069199999999
2025-10-26 20:00:00;0.051721678
2025-10-26 21:00:00;0.046696898
2025-10-26 22:00:00;0.041805798000000005
2025-10-26 23:00:00;0.035703524
2025-10-27 00:00:00;0.06942483099999999
2025-10-27 01:00:00;0.067411294
2025-10-27 02:00:00;0.070475121
2025-10-27 03:00:00;0.076738197
2025-10-27 04:00:00;0.076565594
2025-10-27 05:00:00;0.08132334000000001
2025-10-27 06:00:00;0.058808358
2025-10-27 07:00:00;0.027339382
2025-10-27 08:00:00;0.017371804999999997
2025-10-27 09:00:00;0.010050248
2025-10-27 10:00:00;0.011275104000000001
2025-10-27 11:00:00;0.011384001
2025-10-27 12:00:00;0.009482359000000001
2025-10-27 13:00:00;0.006697346999999999
2025-10-27 14:00:00;0.013505473
2025-10-27 15:00:00;0.019249012
2025-10-27 16:00:00;0.01115525
2025-10-27 17:00:00;0.043217863
2025-10-27 18:00:00;0.035092832000000004
2025-10-27 19:00:00;0.025584607
2025-10-27 20:00:00;0.017314489
2025-10-27 21:00:00;0.035667317
2025-10-27 22:00:00;0.029916910999999997
2025-10-27 23:00:00;0.027595821
2025-10-28 00:00:00;0.025753986
2025-10-28 01:00:00;0.038685182
2025-10-28 02:00:00;0.042613793999999997
2025-10-28 03:00:00;0.024059292
2025-10-28 04:00:00;0.021627510000000003
2025-10-28 05:00:00;0.018924412
2025-10-28 06:00:00;0.019337789
2025-10-28 07:00:00;0.02620761
2025-10-28 08:00:00;0.01862003
2025-10-28 09:00:00;0.019646733
2025-10-28 10:00:00;0.021705843000000002
2025-10-28 11:00:00;0.023575574
2025-10-28 12:00:00;0.031280028
2025-10-28 13:00:00;0.061998892
2025-10-28 14:00:00;0.079479413
2025-10-28 15:00:00;0.059392104
2025-10-28 16:00:00;0.059440545
2025-10-28 17:00:00;0.054692006999999994
2025-10-28 18:00:00;0.026631112000000002
2025-10-28 19:00:00;0.03666415
2025-10-28 20:00:00;0.028841994
2025-10-28 21:00:00;0.030464065999999998
2025-10-28 22:00:00;0.03595152
2025-10-28 23:00:00;0.036388854000000005
2025-10-29 00:00:00;0.050390026
2025-10-29 01:00:00;0.046879252
2025-10-29 02:00:00;0.050286778
2025-10-29 03:00:00;0.02694902
2025-10-29 04:00:00;0.019851486999999998
2025-10-29 05:00:00;0.019862670000000002
2025-10-29 06:00:00;0.025245076
2025-10-29 07:00:00;0.027821134
2025-10-29 08:00:00;0.016394286999999997
2025-10-29 09:00:00;0.027191839000000002
2025-10-29 10:00:00;0.055891114
2025-10-29 11:00:00;0.053580711999999996
2025-10-29 12:00:00;0.044395933
2025-10-29 13:00:00;0.016429653
2025-10-29 14:00:00;0.030859216
2025-10-29 15:00:00;0.057214315
2025-10-29 16:00:00;0.08853305400000001
2025-10-29 17:00:00;0.065618659
2025-10-29 18:00:00;0.027686988
2025-10-29 19:00:00;0.061977702999999995
2025-10-29 20:00:00;0.033622044000000004
2025-10-29 21:00:00;0.019157678
2025-10-29 22:00:00;0.042805779
2025-10-29 23:00:00;0.08242503999999999
2025-10-30 00:00:00;0.032626038999999996
2025-10-30 01:00:00;0.033837471
2025-10-30 02:00:00;0.040715502
2025-10-30 03:00:00;0.057542748000000005
2025-10-30 04:00:00;0.062567718
2025-10-30 05:00:00;0.063540993
2025-10-30 06:00:00;0.069745019
2025-10-30 07:00:00;0.066430428
2025-10-30 08:00:00;0.063107992
2025-10-30 09:00:00;0.075498467
2025-10-30 10:00:00;0.069748651
2025-10-30 11:00:00;0.058028008
2025-10-30 12:00:00;0.053521504
2025-10-30 13:00:00;0.052485918
2025-10-30 14:00:00;0.052820610000000004
2025-10-30 15:00:00;0.034946008
2025-10-30 16:00:00;0.012742509
2025-10-30 17:00:00;0.032314718
2025-10-30 18:00:00;0.03458595
2025-10-30 19:00:00;0.032845104
2025-10-30 20:00:00;0.049370542999999996
2025-10-30 21:00:00;0.050314531
2025-10-30 22:00:00;0.053066985000000004
2025-10-30 23:00:00;0.049453416
2025-10-31 00:00:00;0.045563413
2025-10-31 01:00:00;0.044148032999999996
2025-10-31 02:00:00;0.044982695999999996
2025-10-31 03:00:00;0.046237013
2025-10-31 04:00:00;0.04680464
2025-10-31 05:00:00;0.044981389
2025-10-31 06:00:00;0.045113988
2025-10-31 07:00:00;0.04652415
2025-10-31 08:00:00;0.042957199
2025-10-31 09:00:00;0.023436314
2025-10-31 10:00:00;0.011083332
2025-10-31 11:00:00;0.016519458
2025-10-31 12:00:00;0.017859992999999998
2025-10-31 13:00:00;0.030711478
2025-10-31 14:00:00;0.036510678
2025-10-31 15:00:00;0.036318755
2025-10-31 16:00:00;0.038471243
2025-10-31 17:00:00;0.0372989
2025-10-31 18:00:00;0.018031156
2025-10-31 19:00:00;0.012532834
2025-10-31 20:00:00;0.021650526
2025-10-31 21:00:00;0.009731472
2025-10-31 22:00:00;0.010177153000000001
2025-10-31 23:00:00;0.021317909
2025-11-01 00:00:00;0.025660084
2025-11-01 01:00:00;0.038274380999999996
2025-11-01 02:00:00;0.039056258999999996
2025-11-01 03:00:00;0.046082149
2025-11-01 04:00:00;0.040818714
2025-11-01 05:00:00;0.039828878000000005
2025-11-01 06:00:00;0.038875613999999996
2025-11-01 07:00:00;0.035307857
2025-11-01 08:00:00;0.018784825999999998
2025-11-01 09:00:00;0.016427644
2025-11-01 10:00:00;0.030077892999999998
2025-11-01 11:00:00;0.020954556
2025-11-01 12:00:00;0.021654947
2025-11-01 13:00:00;0.016871236
2025-11-01 14:00:00;0.019666573
2025-11-01 15:00:00;0.007482419000000001
2025-11-01 16:00:00;0.006809244
2025-11-01 17:00:00;0.006701240999999999
2025-11-01 18:00:00;0.006362766
2025-11-01 19:00:00;0.006117621
2025-11-01 20:00:00;0.006422674
2025-11-01 21:00:00;0.006649555999999999
2025-11-01 22:00:00;0.00723604
2025-11-01 23:00:00;0.00752771
2025-11-02 00:00:00;0.009932948
2025-11-02 01:00:00;0.021612171
2025-11-02 02:00:00;0.042820000999999996
2025-11-02 03:00:00;0.018692421
2025-11-02 04:00:00;0.021681347
2025-11-02 05:00:00;0.020049001
2025-11-02 06:00:00;0.021622142
2025-11-02 07:00:00;0.020461201
2025-11-02 08:00:00;0.020159886000000002
2025-11-02 09:00:00;0.016883251999999998
2025-11-02 10:00:00;0.016661851
2025-11-02 11:00:00;0.014616899000000001
2025-11-02 12:00:00;0.016639289
2025-11-02 13:00:00;0.023427546
2025-11-02 14:00:00;0.046304132000000005
2025-11-02 15:00:00;0.044965516999999997
2025-11-02 16:00:00;0.094382461
2025-11-02 17:00:00;0.107036167
2025-11-02 18:00:00;0.1033001
2025-11-02 19:00:00;0.095090537
2025-11-02 20:00:00;0.082843343
2025-11-02 21:00:00;0.069975056
2025-11-02 22:00:00;0.031620895
2025-11-02 23:00:00;0.029375362
2025-11-03 00:00:00;0.029823286
2025-11-03 01:00:00;0.03104229
2025-11-03 02:00:00;0.031661867999999996
2025-11-03 03:00:00;0.026066251999999998
2025-11-03 04:00:00;0.025902711
2025-11-03 05:00:00;0.026542490999999998
2025-11-03 06:00:00;0.029364392
2025-11-03 07:00:00;0.029172505999999997
2025-11-03 08:00:00;0.013098371999999999
2025-11-03 09:00:00;0.016509329
2025-11-03 10:00:00;0.030274123
2025-11-03 11:00:00;0.021336168
2025-11-03 12:00:00;0.031165165999999998
2025-11-03 13:00:00;0.02675027
2025-11-03 14:00:00;0.017962095
2025-11-03 15:00:00;0.013435382000000001
2025-11-03 16:00:00;0.007080883
2025-11-03 17:00:00;0.009117423000000001
2025-11-03 18:00:00;0.010140482000000001
2025-11-03 19:00:00;0.012180673999999999
2025-11-03 20:00:00;0.01331956
2025-11-03 21:00:00;0.0118257
2025-11-03 22:00:00;0.008337443
2025-11-03 23:00:00;0.009439477
2025-11-04 00:00:00;0.008008471999999999
2025-11-04 01:00:00;0.0069487360000000005
2025-11-04 02:00:00;0.007157709999999999
2025-11-04 03:00:00;0.007183419
2025-11-04 04:00:00;0.0076573909999999995
2025-11-04 05:00:00;0.007699553
2025-11-04 06:00:00;0.007045029
2025-11-04 07:00:00;0.007092206
2025-11-04 08:00:00;0.009265437
2025-11-04 09:00:00;0.00959392
2025-11-04 10:00:00;0.013762150999999999
2025-11-04 11:00:00;0.022927677
2025-11-04 12:00:00;0.032646169999999995
2025-11-04 13:00:00;0.032595658
2025-11-04 14:00:00;0.017679178
2025-11-04 15:00:00;0.008185073
2025-11-04 16:00:00;0.009125702000000001
2025-11-04 17:00:00;0.011715154
2025-11-04 18:00:00;0.00788729
2025-11-04 19:00:00;0.0075255650000000006
2025-11-04 20:00:00;0.006804004
2025-11-04 21:00:00;0.008409016
2025-11-04 22:00:00;0.007297489
2025-11-04 23:00:00;0.007868350999999999
2025-11-05 00:00:00;0.01220397
2025-11-05 01:00:00;0.010876238
2025-11-05 02:00:00;0.014899917
2025-11-05 03:00:00;0.021813192000000002
2025-11-05 04:00:00;0.019610963999999998
2025-11-05 05:00:00;0.009905968
2025-11-05 06:00:00;0.008931428
2025-11-05 07:00:00;0.015512048
2025-11-05 08:00:00;0.01269911
2025-11-05 09:00:00;0.017108263000000002
2025-11-05 10:00:00;0.013217609
2025-11-05 11:00:00;0.015485498
2025-11-05 12:00:00;0.031305183
2025-11-05 13:00:00;0.018373134
2025-11-05 14:00:00;0.04894301
2025-11-05 15:00:00;0.030599163999999998
2025-11-05 16:00:00;0.056590305
2025-11-05 17:00:00;0.07075557499999999
2025-11-05 18:00:00;0.08029916699999999
2025-11-05 19:00:00;0.07905754799999999
2025-11-05 20:00:00;0.063414394
2025-11-05 21:00:00;0.062282096
2025-11-05 22:00:00;0.062033513
2025-11-05 23:00:00;0.039093534
2025-11-06 00:00:00;0.030432523
2025-11-06 01:00:00;0.0421659
2025-11-06 02:00:00;0.050560363000000004
2025-11-06 03:00:00;0.037621687
2025-11-06 04:00:00;0.056635021
2025-11-06 05:00:00;0.070050079
2025-11-06 06:00:00;0.100626406
2025-11-06 07:00:00;0.125911886
2025-11-06 08:00:00;0.103593622
2025-11-06 09:00:00;0.031564487
2025-11-06 10:00:00;0.038126342
2025-11-06 11:00:00;0.050864686
2025-11-06 12:00:00;0.066524839
2025-11-06 13:00:00;0.10314060000000001
2025-11-06 14:00:00;0.125639985
2025-11-06 15:00:00;0.150080256
2025-11-06 16:00:00;0.149108227
2025-11-06 17:00:00;0.114825306
2025-11-06 18:00:00;0.118236987
2025-11-06 19:00:00;0.108846555
2025-11-06 20:00:00;0.115776595
2025-11-06 21:00:00;0.084726945
2025-11-06 22:00:00;0.080198517
2025-11-06 23:00:00;0.089364375
2025-11-07 00:00:00;0.09389892999999999
2025-11-07 01:00:00;0.107076929
2025-11-07 02:00:00;0.11515932
2025-11-07 03:00:00;0.12165530699999999
2025-11-07 04:00:00;0.093535854
2025-11-07 05:00:00;0.10916566
2025-11-07 06:00:00;0.09750794
2025-11-07 07:00:00;0.097641827
2025-11-07 08:00:00;0.098001854
2025-11-07 09:00:00;0.081465474
2025-11-07 10:00:00;0.117614283
2025-11-07 11:00:00;0.11595455
2025-11-07 12:00:00;0.137554822
2025-11-07 13:00:00;0.149807334
2025-11-07 14:00:00;0.150971206
2025-11-07 15:00:00;0.162430767
2025-11-07 16:00:00;0.153159764
2025-11-07 17:00:00;0.145283976
2025-11-07 18:00:00;0.17112792899999998
2025-11-07 19:00:00;0.172106016
2025-11-07 20:00:00;0.171026568
2025-11-07 21:00:00;0.174607999
2025-11-07 22:00:00;0.168684832
2025-11-07 23:00:00;0.168840297
2025-11-08 00:00:00;0.168149005
2025-11-08 01:00:00;0.167677943
2025-11-08 02:00:00;0.165601212
2025-11-08 03:00:00;0.165116063
2025-11-08 04:00:00;0.169305609
2025-11-08 05:00:00;0.164252945
2025-11-08 06:00:00;0.17073307299999999
2025-11-08 07:00:00;0.176582589
2025-11-08 08:00:00;0.16696350499999998
2025-11-08 09:00:00;0.173467387
2025-11-08 10:00:00;0.15398353499999998
2025-11-08 11:00:00;0.149098187
2025-11-08 12:00:00;0.15851431400000002
2025-11-08 13:00:00;0.162639011
2025-11-08 14:00:00;0.166048275
2025-11-08 15:00:00;0.17366890100000001
2025-11-08 16:00:00;0.17469344
2025-11-08 17:00:00;0.17218535499999998
2025-11-08 18:00:00;0.140944442
2025-11-08 19:00:00;0.134157419
2025-11-08 20:00:00;0.168291354
2025-11-08 21:00:00;0.175457123
2025-11-08 22:00:00;0.165621168
2025-11-08 23:00:00;0.161186255
2025-11-09 00:00:00;0.135749384
2025-11-09 01:00:00;0.137056824
2025-11-09 02:00:00;0.147672241
2025-11-09 03:00:00;0.136877221
2025-11-09 04:00:00;0.142070497
2025-11-09 05:00:00;0.13513356999999998
2025-11-09 06:00:00;0.135791167
2025-11-09 07:00:00;0.126993252
2025-11-09 08:00:00;0.136934632
2025-11-09 09:00:00;0.13684442200000002
2025-11-09 10:00:00;0.135252925
2025-11-09 11:00:00;0.13261461600000002
2025-11-09 12:00:00;0.13388646299999998
2025-11-09 13:00:00;0.132613312
2025-11-09 14:00:00;0.13283177200000001
2025-11-09 15:00:00;0.159635523
2025-11-09 16:00:00;0.16936658
2025-11-09 17:00:00;0.170020689
2025-11-09 18:00:00;0.17043498199999998
2025-11-09 19:00:00;0.167934449
2025-11-09 20:00:00;0.16221758600000002
2025-11-09 21:00:00;0.14542239499999998
2025-11-09 22:00:00;0.141646362
2025-11-09 23:00:00;0.129974504
2025-11-10 00:00:00;0.109906511
2025-11-10 01:00:00;0.10413811099999999
2025-11-10 02:00:00;0.098412875
2025-11-10 03:00:00;0.095214802
2025-11-10 04:00:00;0.095497981
2025-11-10 05:00:00;0.104667995
2025-11-10 06:00:00;0.128732026
2025-11-10 07:00:00;0.08586382399999999
2025-11-10 08:00:00;0.09060105
2025-11-10 09:00:00;0.078642573
2025-11-10 10:00:00;0.076002613
2025-11-10 11:00:00;0.070913972
2025-11-10 12:00:00;0.07605079399999999
2025-11-10 13:00:00;0.076745114
2025-11-10 14:00:00;0.085630003
2025-11-10 15:00:00;0.12965405100000002
2025-11-10 16:00:00;0.123415206
2025-11-10 17:00:00;0.13125379799999998
2025-11-10 18:00:00;0.120962533
2025-11-10 19:00:00;0.09924959800000001
2025-11-10 20:00:00;0.061064399
2025-11-10 21:00:00;0.06786036
2025-11-10 22:00:00;0.037659835999999995
2025-11-10 23:00:00;0.012869583
2025-11-11 00:00:00;0.037419558000000006
2025-11-11 01:00:00;0.039644393
2025-11-11 02:00:00;0.035956767
2025-11-11 03:00:00;0.024145091
2025-11-11 04:00:00;0.022511639
2025-11-11 05:00:00;0.015440889000000001
2025-11-11 06:00:00;0.025689674
2025-11-11 07:00:00;0.073075185
2025-11-11 08:00:00;0.081963651
2025-11-11 09:00:00;0.079358175
2025-11-11 10:00:00;0.06257105
2025-11-11 11:00:00;0.079578709
2025-11-11 12:00:00;0.079704553
2025-11-11 13:00:00;0.061696427
2025-11-11 14:00:00;0.07671372800000001
2025-11-11 15:00:00;0.088301635
2025-11-11 16:00:00;0.055536366999999996
2025-11-11 17:00:00;0.06643107000000001
2025-11-11 18:00:00;0.039997829000000006
2025-11-11 19:00:00;0.022509342
2025-11-11 20:00:00;0.014932435999999999
2025-11-11 21:00:00;0.013484413999999998
2025-11-11 22:00:00;0.013822346
2025-11-11 23:00:00;0.015163391
2025-11-12 00:00:00;0.017136263
2025-11-12 01:00:00;0.014808802
2025-11-12 02:00:00;0.014825472
2025-11-12 03:00:00;0.015042676
2025-11-12 04:00:00;0.01372435
2025-11-12 05:00:00;0.012791416
2025-11-12 06:00:00;0.014271652
2025-11-12 07:00:00;0.015033751
2025-11-12 08:00:00;0.011729055
2025-11-12 09:00:00;0.019316602
2025-11-12 10:00:00;0.028690965
2025-11-12 11:00:00;0.038744947
2025-11-12 12:00:00;0.038091234999999994
2025-11-12 13:00:00;0.031453582
2025-11-12 14:00:00;0.029692174999999998
2025-11-12 15:00:00;0.031424726
2025-11-12 16:00:00;0.030939074
2025-11-12 17:00:00;0.025271135
2025-11-12 18:00:00;0.025806915
2025-11-12 19:00:00;0.02776082
2025-11-12 20:00:00;0.022563356
2025-11-12 21:00:00;0.01667368
2025-11-12 22:00:00;0.021803047
2025-11-12 23:00:00;0.035703987
2025-11-13 00:00:00;0.051283065
2025-11-13 01:00:00;0.040786613
2025-11-13 02:00:00;0.027513885
2025-11-13 03:00:00;0.036979509
2025-11-13 04:00:00;0.048419887
2025-11-13 05:00:00;0.052988805
2025-11-13 06:00:00;0.058149524999999994
2025-11-13 07:00:00;0.052154947
2025-11-13 08:00:00;0.060951926000000003
2025-11-13 09:00:00;0.064317294
2025-11-13 10:00:00;0.059608554
2025-11-13 11:00:00;0.050974071
2025-11-13 12:00:00;0.038581294
2025-11-13 13:00:00;0.02129692
2025-11-13 14:00:00;0.018068491000000002
2025-11-13 15:00:00;0.025701457
2025-11-13 16:00:00;0.026463685
2025-11-13 17:00:00;0.052292558999999995
2025-11-13 18:00:00;0.055958813999999996
2025-11-13 19:00:00;0.054376691
2025-11-13 20:00:00;0.056572203
2025-11-13 21:00:00;0.067176504
2025-11-13 22:00:00;0.07009536799999999
2025-11-13 23:00:00;0.057872929
2025-11-14 00:00:00;0.095053377
2025-11-14 01:00:00;0.104853085
2025-11-14 02:00:00;0.103563927
2025-11-14 03:00:00;0.102904122
2025-11-14 04:00:00;0.074593915
2025-11-14 05:00:00;0.099184635
2025-11-14 06:00:00;0.091990662
2025-11-14 07:00:00;0.124458479
2025-11-14 08:00:00;0.157590641
2025-11-14 09:00:00;0.159697157
2025-11-14 10:00:00;0.148808188
2025-11-14 11:00:00;0.14469949099999999
2025-11-14 12:00:00;0.14777407299999998
2025-11-14 13:00:00;0.144799906
2025-11-14 14:00:00;0.150093414
2025-11-14 15:00:00;0.14634189900000003
2025-11-14 16:00:00;0.13737875600000002
2025-11-14 17:00:00;0.097627327
2025-11-14 18:00:00;0.07552049
2025-11-14 19:00:00;0.055713442
2025-11-14 20:00:00;0.038970488000000005
2025-11-14 21:00:00;0.02849568
2025-11-14 22:00:00;0.030404731
2025-11-14 23:00:00;0.030068541
2025-11-15 00:00:00;0.029156165
2025-11-15 01:00:00;0.028712446
2025-11-15 02:00:00;0.031463699
2025-11-15 03:00:00;0.03247325
2025-11-15 04:00:00;0.032883928
2025-11-15 05:00:00;0.033086024
2025-11-15 06:00:00;0.034312600000000006
2025-11-15 07:00:00;0.041204145
2025-11-15 08:00:00;0.041210579000000004
2025-11-15 09:00:00;0.03781915
2025-11-15 10:00:00;0.034412662
2025-11-15 11:00:00;0.034101661
2025-11-15 12:00:00;0.042590383
2025-11-15 13:00:00;0.048963591
2025-11-15 14:00:00;0.039608517999999995
2025-11-15 15:00:00;0.041739992999999996
2025-11-15 16:00:00;0.053267285000000004
2025-11-15 17:00:00;0.07626145
2025-11-15 18:00:00;0.080801041
2025-11-15 19:00:00;0.073302699
2025-11-15 20:00:00;0.065906766
2025-11-15 21:00:00;0.062738138
2025-11-15 22:00:00;0.076749544
2025-11-15 23:00:00;0.123059146
2025-11-16 00:00:00;0.12804268300000002
2025-11-16 01:00:00;0.123795136
2025-11-16 02:00:00;0.126000802
2025-11-16 03:00:00;0.121522091
2025-11-16 04:00:00;0.113042665
2025-11-16 05:00:00;0.108478967
2025-11-16 06:00:00;0.092138126
2025-11-16 07:00:00;0.10242947499999999
2025-11-16 08:00:00;0.10919951500000001
2025-11-16 09:00:00;0.101574792
2025-11-16 10:00:00;0.082715851
2025-11-16 11:00:00;0.086685753
2025-11-16 12:00:00;0.060360295
2025-11-16 13:00:00;0.086042927
2025-11-16 14:00:00;0.08817638
2025-11-16 15:00:00;0.091545741
2025-11-16 16:00:00;0.111464631
2025-11-16 17:00:00;0.11557459
2025-11-16 18:00:00;0.070906936
2025-11-16 19:00:00;0.059185435
2025-11-16 20:00:00;0.039890942000000006
2025-11-16 21:00:00;0.026523156
2025-11-16 22:00:00;0.025534869
2025-11-16 23:00:00;0.028994895
2025-11-17 00:00:00;0.030415423
2025-11-17 01:00:00;0.032411630000000004
2025-11-17 02:00:00;0.044327323999999994
2025-11-17 03:00:00;0.047145644
2025-11-17 04:00:00;0.051903629
2025-11-17 05:00:00;0.060654054
2025-11-17 06:00:00;0.07767371099999999
2025-11-17 07:00:00;0.083214962
2025-11-17 08:00:00;0.09584981100000001
2025-11-17 09:00:00;0.10446248400000001
2025-11-17 10:00:00;0.084462022
2025-11-17 11:00:00;0.082891645
2025-11-17 12:00:00;0.07839362
2025-11-17 13:00:00;0.076349052
2025-11-17 14:00:00;0.080294034
2025-11-17 15:00:00;0.10342533799999999
2025-11-17 16:00:00;0.09649761100000001
2025-11-17 17:00:00;0.077751371
2025-11-17 18:00:00;0.069483957
2025-11-17 19:00:00;0.06748130399999999
2025-11-17 20:00:00;0.06681181800000001
2025-11-17 21:00:00;0.059131794
2025-11-17 22:00:00;0.04331426
2025-11-17 23:00:00;0.03974259
2025-11-18 00:00:00;0.042908949999999994
2025-11-18 01:00:00;0.044766666999999996
2025-11-18 02:00:00;0.074737064
2025-11-18 03:00:00;0.06342531
2025-11-18 04:00:00;0.069329114
2025-11-18 05:00:00;0.048915164
2025-11-18 06:00:00;0.119130229
2025-11-18 07:00:00;0.160582808
2025-11-18 08:00:00;0.170910357
2025-11-18 09:00:00;0.203492933
2025-11-18 10:00:00;0.20298375200000002
2025-11-18 11:00:00;0.18852740299999998
2025-11-18 12:00:00;0.202035291
2025-11-18 13:00:00;0.212042709
2025-11-18 14:00:00;0.234035959
2025-11-18 15:00:00;0.258247803
2025-11-18 16:00:00;0.288714756
2025-11-18 17:00:00;0.24960190499999999
2025-11-18 18:00:00;0.233928053
2025-11-18 19:00:00;0.238013823
2025-11-18 20:00:00;0.221551546
2025-11-18 21:00:00;0.24798257699999998
2025-11-18 22:00:00;0.23806474700000002
2025-11-18 23:00:00;0.26110700600000003
2025-11-19 00:00:00;0.197627433
2025-11-19 01:00:00;0.12535527
2025-11-19 02:00:00;0.125896508
2025-11-19 03:00:00;0.15859698700000002
2025-11-19 04:00:00;0.154333141
2025-11-19 05:00:00;0.16069604899999998
2025-11-19 06:00:00;0.226300164
2025-11-19 07:00:00;0.257348052
2025-11-19 08:00:00;0.28975442700000004
2025-11-19 09:00:00;0.289325936
2025-11-19 10:00:00;0.289280459
2025-11-19 11:00:00;0.261274049
2025-11-19 12:00:00;0.234446507
2025-11-19 13:00:00;0.173915776
2025-11-19 14:00:00;0.182165243
2025-11-19 15:00:00;0.205561687
2025-11-19 16:00:00;0.18778475700000002
2025-11-19 17:00:00;0.202148464
2025-11-19 18:00:00;0.197557237
2025-11-19 19:00:00;0.192742362
2025-11-19 20:00:00;0.198094789
2025-11-19 21:00:00;0.19721642499999997
2025-11-19 22:00:00;0.168356562
2025-11-19 23:00:00;0.130054849
2025-11-20 00:00:00;0.115619632
2025-11-20 01:00:00;0.113228097
2025-11-20 02:00:00;0.064816968
2025-11-20 03:00:00;0.103942517
2025-11-20 04:00:00;0.08974808299999999
2025-11-20 05:00:00;0.07443629
2025-11-20 06:00:00;0.12452923099999999
2025-11-20 07:00:00;0.141399357
2025-11-20 08:00:00;0.146126276
2025-11-20 09:00:00;0.126093178
2025-11-20 10:00:00;0.118275488
2025-11-20 11:00:00;0.13144968399999998
2025-11-20 12:00:00;0.137581876
2025-11-20 13:00:00;0.147402481
2025-11-20 14:00:00;0.14838647900000002
2025-11-20 15:00:00;0.176485009
2025-11-20 16:00:00;0.1772612
2025-11-20 17:00:00;0.162697002
2025-11-20 18:00:00;0.1492676
2025-11-20 19:00:00;0.167284702
2025-11-20 20:00:00;0.16366375
2025-11-20 21:00:00;0.162312983
2025-11-20 22:00:00;0.149018361
2025-11-20 23:00:00;0.09941089700000001
2025-11-21 00:00:00;0.158029809
2025-11-21 01:00:00;0.14361374000000002
2025-11-21 02:00:00;0.113873138
2025-11-21 03:00:00;0.113138085
2025-11-21 04:00:00;0.112562757
2025-11-21 05:00:00;0.14529288099999998
2025-11-21 06:00:00;0.208070106
2025-11-21 07:00:00;0.205015825
2025-11-21 08:00:00;0.176450682
2025-11-21 09:00:00;0.24703788499999998
2025-11-21 10:00:00;0.233179346
2025-11-21 11:00:00;0.23182841199999998
2025-11-21 12:00:00;0.20073036400000002
2025-11-21 13:00:00;0.198771486
2025-11-21 14:00:00;0.22175778
2025-11-21 15:00:00;0.227164863
2025-11-21 16:00:00;0.201178949
2025-11-21 17:00:00;0.16295806200000001
2025-11-21 18:00:00;0.163921141
2025-11-21 19:00:00;0.17165629100000002
2025-11-21 20:00:00;0.171839721
2025-11-21 21:00:00;0.176177517
2025-11-21 22:00:00;0.159443368
2025-11-21 23:00:00;0.118315773
2025-11-22 00:00:00;0.07115656699999999
2025-11-22 01:00:00;0.044910086999999994
2025-11-22 02:00:00;0.034469962
2025-11-22 03:00:00;0.034591554000000004
2025-11-22 04:00:00;0.035479445
2025-11-22 05:00:00;0.034863824
2025-11-22 06:00:00;0.033081886
2025-11-22 07:00:00;0.031826692999999996
2025-11-22 08:00:00;0.031178058
2025-11-22 09:00:00;0.033923048000000004
2025-11-22 10:00:00;0.033501896
2025-11-22 11:00:00;0.040489794
2025-11-22 12:00:00;0.041262028
2025-11-22 13:00:00;0.034424425
2025-11-22 14:00:00;0.039676201
2025-11-22 15:00:00;0.03692078
2025-11-22 16:00:00;0.035258395
2025-11-22 17:00:00;0.037030313999999995
2025-11-22 18:00:00;0.035628588999999995
2025-11-22 19:00:00;0.029360564
2025-11-22 20:00:00;0.025675446
2025-11-22 21:00:00;0.028298318
2025-11-22 22:00:00;0.027495763
2025-11-22 23:00:00;0.028314092
2025-11-23 00:00:00;0.026822017
2025-11-23 01:00:00;0.02679307
2025-11-23 02:00:00;0.025971076
2025-11-23 03:00:00;0.027194
2025-11-23 04:00:00;0.027504399
2025-11-23 05:00:00;0.02669565
2025-11-23 06:00:00;0.029056376000000002
2025-11-23 07:00:00;0.032185345
2025-11-23 08:00:00;0.04139119199999999
2025-11-23 09:00:00;0.047390738
2025-11-23 10:00:00;0.03451233
2025-11-23 11:00:00;0.040576521
2025-11-23 12:00:00;0.035201327
2025-11-23 13:00:00;0.046795143000000004
2025-11-23 14:00:00;0.053797632
2025-11-23 15:00:00;0.077734724
2025-11-23 16:00:00;0.07415930400000001
2025-11-23 17:00:00;0.059720619999999995
2025-11-23 18:00:00;0.083009666
2025-11-23 19:00:00;0.082489018
2025-11-23 20:00:00;0.069715059
2025-11-23 21:00:00;0.066383283
2025-11-23 22:00:00;0.045335427000000005
2025-11-23 23:00:00;0.033138368
2025-11-24 00:00:00;0.033513496000000004
2025-11-24 01:00:00;0.034737333999999995
2025-11-24 02:00:00;0.035511195999999995
2025-11-24 03:00:00;0.038789957
2025-11-24 04:00:00;0.036524983
2025-11-24 05:00:00;0.041439367
2025-11-24 06:00:00;0.041490482
2025-11-24 07:00:00;0.099838183
2025-11-24 08:00:00;0.120066564
2025-11-24 09:00:00;0.117571488
2025-11-24 10:00:00;0.128019496
2025-11-24 11:00:00;0.15360859400000001
2025-11-24 12:00:00;0.159343658
2025-11-24 13:00:00;0.167770692
2025-11-24 14:00:00;0.161818206
2025-11-24 15:00:00;0.12585504
2025-11-24 16:00:00;0.124195891
2025-11-24 17:00:00;0.12236482
2025-11-24 18:00:00;0.119851845
2025-11-24 19:00:00;0.117908651
2025-11-24 20:00:00;0.108113608
2025-11-24 21:00:00;0.103426062
2025-11-24 22:00:00;0.08179731800000001
2025-11-24 23:00:00;0.074970563
2025-11-25 00:00:00;0.060085251
2025-11-25 01:00:00;0.060104443
2025-11-25 02:00:00;0.058624029
2025-11-25 03:00:00;0.06643877200000001
2025-11-25 04:00:00;0.058593206
2025-11-25 05:00:00;0.059953715000000005
2025-11-25 06:00:00;0.106025638
2025-11-25 07:00:00;0.142392083
2025-11-25 08:00:00;0.16252156299999998
2025-11-25 09:00:00;0.16607603499999998
2025-11-25 10:00:00;0.17408262500000002
2025-11-25 11:00:00;0.178555046
2025-11-25 12:00:00;0.188338366
2025-11-25 13:00:00;0.189820133
2025-11-25 14:00:00;0.191905195
2025-11-25 15:00:00;0.18720478299999999
2025-11-25 16:00:00;0.205174265
2025-11-25 17:00:00;0.16412869800000002
2025-11-25 18:00:00;0.202497008
2025-11-25 19:00:00;0.183329732
2025-11-25 20:00:00;0.185698214
2025-11-25 21:00:00;0.198185978
2025-11-25 22:00:00;0.21730954500000002
2025-11-25 23:00:00;0.217187816
2025-11-26 00:00:00;0.190941128
2025-11-26 01:00:00;0.192397991
2025-11-26 02:00:00;0.19523185899999998
2025-11-26 03:00:00;0.20101914099999998
2025-11-26 04:00:00;0.21190510399999998
2025-11-26 05:00:00;0.21662186
2025-11-26 06:00:00;0.25061556
2025-11-26 07:00:00;0.272008851
2025-11-26 08:00:00;0.289809641
2025-11-26 09:00:00;0.2780394
2025-11-26 10:00:00;0.254394151
2025-11-26 11:00:00;0.21953194199999998
2025-11-26 12:00:00;0.231396996
2025-11-26 13:00:00;0.244818373
2025-11-26 14:00:00;0.24990298100000002
2025-11-26 15:00:00;0.263182376
2025-11-26 16:00:00;0.256550027
2025-11-26 17:00:00;0.241104603
2025-11-26 18:00:00;0.228417799
2025-11-26 19:00:00;0.202936123
2025-11-26 20:00:00;0.202145663
2025-11-26 21:00:00;0.193097431
2025-11-26 22:00:00;0.15913345899999998
2025-11-26 23:00:00;0.126920049
2025-11-27 00:00:00;0.040097431999999995
2025-11-27 01:00:00;0.034506019
2025-11-27 02:00:00;0.026490845
2025-11-27 03:00:00;0.028465695
2025-11-27 04:00:00;0.034770484000000004
2025-11-27 05:00:00;0.033856296
2025-11-27 06:00:00;0.033917001999999995
2025-11-27 07:00:00;0.027533259999999997
2025-11-27 08:00:00;0.028136721
2025-11-27 09:00:00;0.028250939
2025-11-27 10:00:00;0.031095607
2025-11-27 11:00:00;0.04220081
2025-11-27 12:00:00;0.050630834
2025-11-27 13:00:00;0.057486741
2025-11-27 14:00:00;0.05324023
2025-11-27 15:00:00;0.053704042
2025-11-27 16:00:00;0.059532581
2025-11-27 17:00:00;0.062725802
2025-11-27 18:00:00;0.057749055
2025-11-27 19:00:00;0.060260081
2025-11-27 20:00:00;0.040304849
2025-11-27 21:00:00;0.026929538
2025-11-27 22:00:00;0.023069759999999998
2025-11-27 23:00:00;0.025695084
2025-11-28 00:00:00;0.023448788
2025-11-28 01:00:00;0.023284265000000002
2025-11-28 02:00:00;0.024662628000000002
2025-11-28 03:00:00;0.024409884000000003
2025-11-28 04:00:00;0.023218729
2025-11-28 05:00:00;0.024155679
2025-11-28 06:00:00;0.027515431
2025-11-28 07:00:00;0.032675435
2025-11-28 08:00:00;0.030339037000000003
2025-11-28 09:00:00;0.029727798
2025-11-28 10:00:00;0.026584965000000002
2025-11-28 11:00:00;0.025271023
2025-11-28 12:00:00;0.025022448
2025-11-28 13:00:00;0.025878044
2025-11-28 14:00:00;0.025906636
2025-11-28 15:00:00;0.026162833
2025-11-28 16:00:00;0.026176946
2025-11-28 17:00:00;0.028937307
2025-11-28 18:00:00;0.027139005999999997
2025-11-28 19:00:00;0.026533995999999997
2025-11-28 20:00:00;0.023799347999999998
2025-11-28 21:00:00;0.020473139
2025-11-28 22:00:00;0.019909266
2025-11-28 23:00:00;0.019225774999999997
2025-11-29 00:00:00;0.03229075
2025-11-29 01:00:00;0.03056235
2025-11-29 02:00:00;0.03390308
2025-11-29 03:00:00;0.02156269
2025-11-29 04:00:00;0.021071467
2025-11-29 05:00:00;0.021193748
2025-11-29 06:00:00;0.022015782
2025-11-29 07:00:00;0.023560504000000003
2025-11-29 08:00:00;0.024295171
2025-11-29 09:00:00;0.023316273
2025-11-29 10:00:00;0.023106476
2025-11-29 11:00:00;0.021788046000000002
2025-11-29 12:00:00;0.021304118
2025-11-29 13:00:00;0.024194758
2025-11-29 14:00:00;0.038685412
2025-11-29 15:00:00;0.044597175999999995
2025-11-29 16:00:00;0.046208563
2025-11-29 17:00:00;0.047061937
2025-11-29 18:00:00;0.043500611999999994
2025-11-29 19:00:00;0.030762277
2025-11-29 20:00:00;0.027937117
2025-11-29 21:00:00;0.027808105
2025-11-29 22:00:00;0.029310659000000003
2025-11-29 23:00:00;0.031722114
2025-11-30 00:00:00;0.030130907000000002
2025-11-30 01:00:00;0.030822641
2025-11-30 02:00:00;0.030033947999999998
2025-11-30 03:00:00;0.02941003
2025-11-30 04:00:00;0.028583913
2025-11-30 05:00:00;0.026342618
2025-11-30 06:00:00;0.025805553
2025-11-30 07:00:00;0.025278172999999998
2025-11-30 08:00:00;0.024267067
2025-11-30 09:00:00;0.023833905000000002
2025-11-30 10:00:00;0.023852898
2025-11-30 11:00:00;0.019921271
2025-11-30 12:00:00;0.019884257000000002
2025-11-30 13:00:00;0.019732137
2025-11-30 14:00:00;0.019976233
2025-11-30 15:00:00;0.020215929
2025-11-30 16:00:00;0.020531826
2025-11-30 17:00:00;0.021015626000000003
2025-11-30 18:00:00;0.020858443
2025-11-30 19:00:00;0.021305708
2025-11-30 20:00:00;0.021076705
2025-11-30 21:00:00;0.020521992
2025-11-30 22:00:00;0.020233888000000002
2025-11-30 23:00:00;0.020787724
2025-12-01 00:00:00;0.020198879000000003
2025-12-01 01:00:00;0.020728169999999997
2025-12-01 02:00:00;0.021929121
2025-12-01 03:00:00;0.023403697999999997
2025-12-01 04:00:00;0.025256891
2025-12-01 05:00:00;0.02833201
2025-12-01 06:00:00;0.038061892
2025-12-01 07:00:00;0.034830449
2025-12-01 08:00:00;0.039398853000000005
2025-12-01 09:00:00;0.039655883
2025-12-01 10:00:00;0.036338054
2025-12-01 11:00:00;0.029925054
2025-12-01 12:00:00;0.030704026
2025-12-01 13:00:00;0.027587803
2025-12-01 14:00:00;0.024965466
2025-12-01 15:00:00;0.025726372
2025-12-01 16:00:00;0.025309651
2025-12-01 17:00:00;0.025017858
2025-12-01 18:00:00;0.024844515999999997
2025-12-01 19:00:00;0.02677411
2025-12-01 20:00:00;0.033479925
2025-12-01 21:00:00;0.036865005
2025-12-01 22:00:00;0.032244757
2025-12-01 23:00:00;0.026390408
2025-12-02 00:00:00;0.03809556099999999
2025-12-02 01:00:00;0.036196307
2025-12-02 02:00:00;0.02920305
2025-12-02 03:00:00;0.027974600999999998
2025-12-02 04:00:00;0.045046793
2025-12-02 05:00:00;0.033909565999999995
2025-12-02 06:00:00;0.030225448
2025-12-02 07:00:00;0.029314681
2025-12-02 08:00:00;0.033087357
2025-12-02 09:00:00;0.028435283999999998
2025-12-02 10:00:00;0.02813819
2025-12-02 11:00:00;0.02788711
2025-12-02 12:00:00;0.027667113
2025-12-02 13:00:00;0.039910436
2025-12-02 14:00:00;0.041244261000000004
2025-12-02 15:00:00;0.07959719
2025-12-02 16:00:00;0.093716708
2025-12-02 17:00:00;0.098622587
2025-12-02 18:00:00;0.106359179
2025-12-02 19:00:00;0.11283628600000001
2025-12-02 20:00:00;0.13612529599999998
2025-12-02 21:00:00;0.158817904
2025-12-02 22:00:00;0.15122001499999999
2025-12-02 23:00:00;0.133099569
2025-12-03 00:00:00;0.145878144
2025-12-03 01:00:00;0.15116495900000002
2025-12-03 02:00:00;0.161635143
2025-12-03 03:00:00;0.157733639
2025-12-03 04:00:00;0.156718401
2025-12-03 05:00:00;0.164837066
2025-12-03 06:00:00;0.171288885
2025-12-03 07:00:00;0.18863914
2025-12-03 08:00:00;0.183688432
2025-12-03 09:00:00;0.18077665099999998
2025-12-03 10:00:00;0.18944186999999998
2025-12-03 11:00:00;0.168018179
2025-12-03 12:00:00;0.168134209
2025-12-03 13:00:00;0.167079417
2025-12-03 14:00:00;0.163719753
2025-12-03 15:00:00;0.16703213
2025-12-03 16:00:00;0.176507239
2025-12-03 17:00:00;0.18006286
2025-12-03 18:00:00;0.176945546
2025-12-03 19:00:00;0.17255398400000002
2025-12-03 20:00:00;0.196265673
2025-12-03 21:00:00;0.189438402
2025-12-03 22:00:00;0.17766410200000002
2025-12-03 23:00:00;0.152853287
2025-12-04 00:00:00;0.13947868700000002
2025-12-04 01:00:00;0.139431483
2025-12-04 02:00:00;0.13486088200000002
2025-12-04 03:00:00;0.12823970299999998
2025-12-04 04:00:00;0.12718891999999998
2025-12-04 05:00:00;0.12845589599999999
2025-12-04 06:00:00;0.136101699
2025-12-04 07:00:00;0.16325288000000002
2025-12-04 08:00:00;0.16979640499999998
2025-12-04 09:00:00;0.171312414
2025-12-04 10:00:00;0.168590867
2025-12-04 11:00:00;0.170759553
2025-12-04 12:00:00;0.172426244
2025-12-04 13:00:00;0.17401431199999998
2025-12-04 14:00:00;0.17733925199999998
2025-12-04 15:00:00;0.18520334500000002
2025-12-04 16:00:00;0.180110139
2025-12-04 17:00:00;0.188453958
2025-12-04 18:00:00;0.18888676899999998
2025-12-04 19:00:00;0.18330591899999998
2025-12-04 20:00:00;0.17349436099999999
2025-12-04 21:00:00;0.169145568
2025-12-04 22:00:00;0.1553488
2025-12-04 23:00:00;0.148877095
2025-12-05 00:00:00;0.14593366800000002
2025-12-05 01:00:00;0.134581432
2025-12-05 02:00:00;0.125947354
2025-12-05 03:00:00;0.112923524
2025-12-05 04:00:00;0.100614313
2025-12-05 05:00:00;0.11843055400000001
2025-12-05 06:00:00;0.116043244
2025-12-05 07:00:00;0.187021083
2025-12-05 08:00:00;0.178010984
2025-12-05 09:00:00;0.18142052
2025-12-05 10:00:00;0.18920082300000002
2025-12-05 11:00:00;0.20010306700000002
2025-12-05 12:00:00;0.19671535399999998
2025-12-05 13:00:00;0.197979517
2025-12-05 14:00:00;0.190857495
2025-12-05 15:00:00;0.18369477
2025-12-05 16:00:00;0.179724855
2025-12-05 17:00:00;0.168986744
2025-12-05 18:00:00;0.16574241799999997
2025-12-05 19:00:00;0.15904958400000002
2025-12-05 20:00:00;0.134618444
2025-12-05 21:00:00;0.119442491
2025-12-05 22:00:00;0.107140112
2025-12-05 23:00:00;0.100091663
2025-12-06 00:00:00;0.068829312
2025-12-06 01:00:00;0.047992144
2025-12-06 02:00:00;0.036408086
2025-12-06 03:00:00;0.030514239
2025-12-06 04:00:00;0.025860127
2025-12-06 05:00:00;0.046754209000000005
2025-12-06 06:00:00;0.066144239
2025-12-06 07:00:00;0.063373416
2025-12-06 08:00:00;0.061045799000000005
2025-12-06 09:00:00;0.058036946
2025-12-06 10:00:00;0.037712154
2025-12-06 11:00:00;0.028305975
2025-12-06 12:00:00;0.016431028
2025-12-06 13:00:00;0.017155498
2025-12-06 14:00:00;0.016512205999999998
2025-12-06 15:00:00;0.023475665
2025-12-06 16:00:00;0.018393951000000002
2025-12-06 17:00:00;0.015746524
2025-12-06 18:00:00;0.015424720000000001
2025-12-06 19:00:00;0.015791657
2025-12-06 20:00:00;0.016868012
2025-12-06 21:00:00;0.021299563
2025-12-06 22:00:00;0.032176037
2025-12-06 23:00:00;0.030352936
2025-12-07 00:00:00;0.030401821000000002
2025-12-07 01:00:00;0.028291128000000002
2025-12-07 02:00:00;0.029452293999999997
2025-12-07 03:00:00;0.028573245
2025-12-07 04:00:00;0.026036075
2025-12-07 05:00:00;0.02464098
2025-12-07 06:00:00;0.011563434000000001
2025-12-07 07:00:00;0.012193927
2025-12-07 08:00:00;0.023864085
2025-12-07 09:00:00;0.059055474
2025-12-07 10:00:00;0.069901381
2025-12-07 11:00:00;0.074045841
2025-12-07 12:00:00;0.07336960399999999
2025-12-07 13:00:00;0.073795301
2025-12-07 14:00:00;0.087345402
2025-12-07 15:00:00;0.086733239
2025-12-07 16:00:00;0.08687545299999999
2025-12-07 17:00:00;0.082768617
2025-12-07 18:00:00;0.052811464
2025-12-07 19:00:00;0.045939407
2025-12-07 20:00:00;0.03901363
2025-12-07 21:00:00;0.030518247
2025-12-07 22:00:00;0.021819777
2025-12-07 23:00:00;0.029386033000000002
2025-12-08 00:00:00;0.032551909999999996
2025-12-08 01:00:00;0.050499768
2025-12-08 02:00:00;0.046746414
2025-12-08 03:00:00;0.048509579000000004
2025-12-08 04:00:00;0.038215626999999995
2025-12-08 05:00:00;0.031138002
2025-12-08 06:00:00;0.016521909999999997
2025-12-08 07:00:00;0.012062988
2025-12-08 08:00:00;0.016174012
2025-12-08 09:00:00;0.013487328
2025-12-08 10:00:00;0.023381076
2025-12-08 11:00:00;0.027103801
2025-12-08 12:00:00;0.016377858
2025-12-08 13:00:00;0.019315032
2025-12-08 14:00:00;0.014042381999999999
2025-12-08 15:00:00;0.020246579
2025-12-08 16:00:00;0.015155215
2025-12-08 17:00:00;0.017956780999999998
2025-12-08 18:00:00;0.021645525
2025-12-08 19:00:00;0.016514644000000002
2025-12-08 20:00:00;0.015451224
2025-12-08 21:00:00;0.012580006
2025-12-08 22:00:00;0.013650760999999999
2025-12-08 23:00:00;0.012633084000000001
2025-12-09 00:00:00;0.011069792
2025-12-09 01:00:00;0.010253903
2025-12-09 02:00:00;0.011132327000000001
2025-12-09 03:00:00;0.011242461
2025-12-09 04:00:00;0.015390682
2025-12-09 05:00:00;0.020537039
2025-12-09 06:00:00;0.02261674
2025-12-09 07:00:00;0.034829518
2025-12-09 08:00:00;0.046531011
2025-12-09 09:00:00;0.065397067
2025-12-09 10:00:00;0.082499721
2025-12-09 11:00:00;0.089974198
2025-12-09 12:00:00;0.092207671
2025-12-09 13:00:00;0.082529094
2025-12-09 14:00:00;0.093901234
2025-12-09 15:00:00;0.085829789
2025-12-09 16:00:00;0.074143514
2025-12-09 17:00:00;0.056534872
2025-12-09 18:00:00;0.036517019
2025-12-09 19:00:00;0.037704974999999995
2025-12-09 20:00:00;0.02637418
2025-12-09 21:00:00;0.029240927
2025-12-09 22:00:00;0.012287706999999998
2025-12-09 23:00:00;0.011665008000000001
2025-12-10 00:00:00;0.024103172
2025-12-10 01:00:00;0.028829384
2025-12-10 02:00:00;0.039676713
2025-12-10 03:00:00;0.023491097
2025-12-10 04:00:00;0.017393868
2025-12-10 05:00:00;0.015534738000000001
2025-12-10 06:00:00;0.010932756
2025-12-10 07:00:00;0.019032027
2025-12-10 08:00:00;0.016621498
2025-12-10 09:00:00;0.010289725000000001
2025-12-10 10:00:00;0.010468261999999999
2025-12-10 11:00:00;0.011973291
2025-12-10 12:00:00;0.012588177999999998
2025-12-10 13:00:00;0.012170214
2025-12-10 14:00:00;0.012022768
2025-12-10 15:00:00;0.012247056000000001
2025-12-10 16:00:00;0.013002316
2025-12-10 17:00:00;0.011561862
2025-12-10 18:00:00;0.011493352
2025-12-10 19:00:00;0.011894285
2025-12-10 20:00:00;0.011916565
2025-12-10 21:00:00;0.011883416
2025-12-10 22:00:00;0.011518782
2025-12-10 23:00:00;0.011605031
2025-12-11 00:00:00;0.01206278
2025-12-11 01:00:00;0.012048643999999999
2025-12-11 02:00:00;0.014795144
2025-12-11 03:00:00;0.013089685
2025-12-11 04:00:00;0.011233309
2025-12-11 05:00:00;0.01136454
2025-12-11 06:00:00;0.013483513
2025-12-11 07:00:00;0.032433724
2025-12-11 08:00:00;0.051480255999999995
2025-12-11 09:00:00;0.047556778
2025-12-11 10:00:00;0.040150635999999996
2025-12-11 11:00:00;0.045438265
2025-12-11 12:00:00;0.061411626
2025-12-11 13:00:00;0.063449144
2025-12-11 14:00:00;0.037495357
2025-12-11 15:00:00;0.027570665
2025-12-11 16:00:00;0.028112427
2025-12-11 17:00:00;0.028488015999999998
2025-12-11 18:00:00;0.034225834999999996
2025-12-11 19:00:00;0.040370843999999996
2025-12-11 20:00:00;0.0267679
2025-12-11 21:00:00;0.025830856
2025-12-11 22:00:00;0.027738852999999997
2025-12-11 23:00:00;0.02591868
2025-12-12 00:00:00;0.043820887999999995
2025-12-12 01:00:00;0.051171701
2025-12-12 02:00:00;0.051206548
2025-12-12 03:00:00;0.054884484
2025-12-12 04:00:00;0.056670586999999994
2025-12-12 05:00:00;0.06837472800000001
2025-12-12 06:00:00;0.121035218
2025-12-12 07:00:00;0.17277984799999999
2025-12-12 08:00:00;0.19008001200000002
2025-12-12 09:00:00;0.198018463
2025-12-12 10:00:00;0.199214944
2025-12-12 11:00:00;0.20314721700000002
2025-12-12 12:00:00;0.19180576600000002
2025-12-12 13:00:00;0.192906591
2025-12-12 14:00:00;0.19077587399999998
2025-12-12 15:00:00;0.185576564
2025-12-12 16:00:00;0.188082649
2025-12-12 17:00:00;0.168526812
2025-12-12 18:00:00;0.17059482499999998
2025-12-12 19:00:00;0.16467099
2025-12-12 20:00:00;0.13073578900000002
2025-12-12 21:00:00;0.13462229
2025-12-12 22:00:00;0.130094414
2025-12-12 23:00:00;0.11609714800000001
2025-12-13 00:00:00;0.11484925900000001
2025-12-13 01:00:00;0.11318513699999999
2025-12-13 02:00:00;0.109281661
2025-12-13 03:00:00;0.07969831200000001
2025-12-13 04:00:00;0.054682265
2025-12-13 05:00:00;0.046190221999999996
2025-12-13 06:00:00;0.043061981000000006
2025-12-13 07:00:00;0.047832486
2025-12-13 08:00:00;0.049865939
2025-12-13 09:00:00;0.056371543
2025-12-13 10:00:00;0.036858876
2025-12-13 11:00:00;0.034045175
2025-12-13 12:00:00;0.041520991
2025-12-13 13:00:00;0.044287103
2025-12-13 14:00:00;0.04752709
2025-12-13 15:00:00;0.05458416
2025-12-13 16:00:00;0.06996524999999999
2025-12-13 17:00:00;0.084623771
2025-12-13 18:00:00;0.073907528
2025-12-13 19:00:00;0.043937804
2025-12-13 20:00:00;0.025264980000000003
2025-12-13 21:00:00;0.021148891
2025-12-13 22:00:00;0.020108728
2025-12-13 23:00:00;0.02070352
2025-12-14 00:00:00;0.021901338
2025-12-14 01:00:00;0.022439973999999998
2025-12-14 02:00:00;0.020638279000000002
2025-12-14 03:00:00;0.02149999
2025-12-14 04:00:00;0.019788575000000003
2025-12-14 05:00:00;0.01869721
2025-12-14 06:00:00;0.01765468
2025-12-14 07:00:00;0.01707293
2025-12-14 08:00:00;0.017673684000000002
2025-12-14 09:00:00;0.017320869
2025-12-14 10:00:00;0.01713299
2025-12-14 11:00:00;0.017048353999999998
2025-12-14 12:00:00;0.016903335
2025-12-14 13:00:00;0.017464929
2025-12-14 14:00:00;0.018874422
2025-12-14 15:00:00;0.020438076
2025-12-14 16:00:00;0.024211774
2025-12-14 17:00:00;0.020278598
2025-12-14 18:00:00;0.019553184
2025-12-14 19:00:00;0.019427173
2025-12-14 20:00:00;0.018956378
2025-12-14 21:00:00;0.018479790000000003
2025-12-14 22:00:00;0.018337265999999998
2025-12-14 23:00:00;0.018420218999999998
2025-12-15 00:00:00;0.018755822
2025-12-15 01:00:00;0.018770416
2025-12-15 02:00:00;0.019051701
2025-12-15 03:00:00;0.018860845
2025-12-15 04:00:00;0.018760973
2025-12-15 05:00:00;0.018875584
2025-12-15 06:00:00;0.01931159
2025-12-15 07:00:00;0.019791592
2025-12-15 08:00:00;0.024902204
2025-12-15 09:00:00;0.0230558
2025-12-15 10:00:00;0.017140521
2025-12-15 11:00:00;0.026039666
2025-12-15 12:00:00;0.025865545
2025-12-15 13:00:00;0.027506164
2025-12-15 14:00:00;0.029744802
2025-12-15 15:00:00;0.030435399000000002
2025-12-15 16:00:00;0.030417815999999997
2025-12-15 17:00:00;0.030009444
2025-12-15 18:00:00;0.028798202
2025-12-15 19:00:00;0.029173115
2025-12-15 20:00:00;0.028768408000000002
2025-12-15 21:00:00;0.025938732000000003
2025-12-15 22:00:00;0.02520843
2025-12-15 23:00:00;0.034451279
2025-12-16 00:00:00;0.0488324
2025-12-16 01:00:00;0.048814799
2025-12-16 02:00:00;0.060655158
2025-12-16 03:00:00;0.069533558
2025-12-16 04:00:00;0.065309613
2025-12-16 05:00:00;0.047992103
2025-12-16 06:00:00;0.076601587
2025-12-16 07:00:00;0.102842331
2025-12-16 08:00:00;0.10611261799999999
2025-12-16 09:00:00;0.128636871
2025-12-16 10:00:00;0.115359272
2025-12-16 11:00:00;0.125894695
2025-12-16 12:00:00;0.14453075899999998
2025-12-16 13:00:00;0.159955746
2025-12-16 14:00:00;0.134238776
2025-12-16 15:00:00;0.136583686
2025-12-16 16:00:00;0.137366053
2025-12-16 17:00:00;0.127496891
2025-12-16 18:00:00;0.13691789299999998
2025-12-16 19:00:00;0.12063805100000001
2025-12-16 20:00:00;0.107236631
2025-12-16 21:00:00;0.084080921
2025-12-16 22:00:00;0.087684266
2025-12-16 23:00:00;0.08290552200000001
2025-12-17 00:00:00;0.056138757
2025-12-17 01:00:00;0.067686903
2025-12-17 02:00:00;0.08560280299999999
2025-12-17 03:00:00;0.115599093
2025-12-17 04:00:00;0.13001378800000002
2025-12-17 05:00:00;0.144409351
2025-12-17 06:00:00;0.16273458500000001
2025-12-17 07:00:00;0.153980369
2025-12-17 08:00:00;0.138496242
2025-12-17 09:00:00;0.139585468
2025-12-17 10:00:00;0.18077497399999998
2025-12-17 11:00:00;0.17622001299999998
2025-12-17 12:00:00;0.175139974
2025-12-17 13:00:00;0.181995222
2025-12-17 14:00:00;0.18506815499999998
2025-12-17 15:00:00;0.18218202
2025-12-17 16:00:00;0.17912916999999998
2025-12-17 17:00:00;0.16524933
2025-12-17 18:00:00;0.150111239
2025-12-17 19:00:00;0.116661244
2025-12-17 20:00:00;0.091209132
2025-12-17 21:00:00;0.057282439
2025-12-17 22:00:00;0.035087291
2025-12-17 23:00:00;0.025677648
2025-12-18 00:00:00;0.020655277000000003
2025-12-18 01:00:00;0.018172767
2025-12-18 02:00:00;0.018203669000000002
2025-12-18 03:00:00;0.025287087
2025-12-18 04:00:00;0.019198988
2025-12-18 05:00:00;0.019839357
2025-12-18 06:00:00;0.043342785999999994
2025-12-18 07:00:00;0.027520837
2025-12-18 08:00:00;0.030058544
2025-12-18 09:00:00;0.029515326
2025-12-18 10:00:00;0.041172992
2025-12-18 11:00:00;0.035861027999999996
2025-12-18 12:00:00;0.038017126
2025-12-18 13:00:00;0.027360086
2025-12-18 14:00:00;0.028780843
2025-12-18 15:00:00;0.033356904
2025-12-18 16:00:00;0.037523183
2025-12-18 17:00:00;0.04299107
2025-12-18 18:00:00;0.042238801
2025-12-18 19:00:00;0.054909176999999997
2025-12-18 20:00:00;0.050993867
2025-12-18 21:00:00;0.048441014000000004
2025-12-18 22:00:00;0.036582364
2025-12-18 23:00:00;0.02455323
2025-12-19 00:00:00;0.022343605
2025-12-19 01:00:00;0.020978209
2025-12-19 02:00:00;0.026614792999999998
2025-12-19 03:00:00;0.026752468
2025-12-19 04:00:00;0.022498166
2025-12-19 05:00:00;0.024956179
2025-12-19 06:00:00;0.016522643
2025-12-19 07:00:00;0.018693686
2025-12-19 08:00:00;0.020280159000000002
2025-12-19 09:00:00;0.020146199
2025-12-19 10:00:00;0.021212263
2025-12-19 11:00:00;0.021278775
2025-12-19 12:00:00;0.020349333
2025-12-19 13:00:00;0.037893695
2025-12-19 14:00:00;0.048912685000000004
2025-12-19 15:00:00;0.034121513
2025-12-19 16:00:00;0.027485524
2025-12-19 17:00:00;0.033965085
2025-12-19 18:00:00;0.029648641
2025-12-19 19:00:00;0.024584882
2025-12-19 20:00:00;0.022115535000000002
2025-12-19 21:00:00;0.017333958
2025-12-19 22:00:00;0.016484685
2025-12-19 23:00:00;0.018344252000000002
2025-12-20 00:00:00;0.016837836
2025-12-20 01:00:00;0.018822976
2025-12-20 02:00:00;0.016332526
2025-12-20 03:00:00;0.018067792
2025-12-20 04:00:00;0.021072382
2025-12-20 05:00:00;0.021683005999999998
2025-12-20 06:00:00;0.027295556999999998
2025-12-20 07:00:00;0.026201488000000002
2025-12-20 08:00:00;0.048902661
2025-12-20 09:00:00;0.075064133
2025-12-20 10:00:00;0.080601247
2025-12-20 11:00:00;0.08329746
2025-12-20 12:00:00;0.083672324
2025-12-20 13:00:00;0.087884565
2025-12-20 14:00:00;0.089862983
2025-12-20 15:00:00;0.10341835399999999
2025-12-20 16:00:00;0.115054228
2025-12-20 17:00:00;0.115609502
2025-12-20 18:00:00;0.121083354
2025-12-20 19:00:00;0.133478396
2025-12-20 20:00:00;0.12893691599999998
2025-12-20 21:00:00;0.116104864
2025-12-20 22:00:00;0.105255943
2025-12-20 23:00:00;0.099821724
2025-12-21 00:00:00;0.09853571
2025-12-21 01:00:00;0.10042590300000001
2025-12-21 02:00:00;0.097666352
2025-12-21 03:00:00;0.095808521
2025-12-21 04:00:00;0.096218762
2025-12-21 05:00:00;0.073427379
2025-12-21 06:00:00;0.045928563
2025-12-21 07:00:00;0.07208161099999999
2025-12-21 08:00:00;0.055089909
2025-12-21 09:00:00;0.07077367200000001
2025-12-21 10:00:00;0.072490662
2025-12-21 11:00:00;0.07733728200000001
2025-12-21 12:00:00;0.078638039
2025-12-21 13:00:00;0.074674003
2025-12-21 14:00:00;0.067008204
2025-12-21 15:00:00;0.053931991
2025-12-21 16:00:00;0.019611134
2025-12-21 17:00:00;0.025190971
2025-12-21 18:00:00;0.05065687
2025-12-21 19:00:00;0.033637541
2025-12-21 20:00:00;0.025834338
2025-12-21 21:00:00;0.025877321
2025-12-21 22:00:00;0.019798165
2025-12-21 23:00:00;0.014763257
2025-12-22 00:00:00;0.017466964999999997
2025-12-22 01:00:00;0.012167885
2025-12-22 02:00:00;0.011889146
2025-12-22 03:00:00;0.013980043999999999
2025-12-22 04:00:00;0.019199305
2025-12-22 05:00:00;0.017603698
2025-12-22 06:00:00;0.01341443
2025-12-22 07:00:00;0.015801303
2025-12-22 08:00:00;0.017123353
2025-12-22 09:00:00;0.017645712
2025-12-22 10:00:00;0.019920259000000003
2025-12-22 11:00:00;0.017024104999999998
2025-12-22 12:00:00;0.016603121000000002
2025-12-22 13:00:00;0.016310199999999997
2025-12-22 14:00:00;0.015632988
2025-12-22 15:00:00;0.015336392
2025-12-22 16:00:00;0.016959917999999997
2025-12-22 17:00:00;0.016921614999999997
2025-12-22 18:00:00;0.017017634
2025-12-22 19:00:00;0.01606691
2025-12-22 20:00:00;0.016401369
2025-12-22 21:00:00;0.016219014
2025-12-22 22:00:00;0.014149077
2025-12-22 23:00:00;0.012972431999999999
2025-12-23 00:00:00;0.015264101
2025-12-23 01:00:00;0.044701929999999994
2025-12-23 02:00:00;0.039183431
2025-12-23 03:00:00;0.053228836
2025-12-23 04:00:00;0.051549094
2025-12-23 05:00:00;0.037083281
2025-12-23 06:00:00;0.04654974
2025-12-23 07:00:00;0.037242184000000005
2025-12-23 08:00:00;0.027547907
2025-12-23 09:00:00;0.030134611
2025-12-23 10:00:00;0.044063665
2025-12-23 11:00:00;0.04568863
2025-12-23 12:00:00;0.032565952
2025-12-23 13:00:00;0.035981744999999996
2025-12-23 14:00:00;0.033382598
2025-12-23 15:00:00;0.039920765000000004
2025-12-23 16:00:00;0.038658569999999996
2025-12-23 17:00:00;0.044961543
2025-12-23 18:00:00;0.038542900000000005
2025-12-23 19:00:00;0.038650055
2025-12-23 20:00:00;0.029125312
2025-12-23 21:00:00;0.053510648
2025-12-23 22:00:00;0.068385667
2025-12-23 23:00:00;0.09589247899999999
2025-12-24 00:00:00;0.093514656
2025-12-24 01:00:00;0.100563422
2025-12-24 02:00:00;0.09878626800000001
2025-12-24 03:00:00;0.097134585
2025-12-24 04:00:00;0.095145073
2025-12-24 05:00:00;0.094352367
2025-12-24 06:00:00;0.10385271
2025-12-24 07:00:00;0.102631945
2025-12-24 08:00:00;0.074804603
2025-12-24 09:00:00;0.072683937
2025-12-24 10:00:00;0.075406603
2025-12-24 11:00:00;0.087645454
2025-12-24 12:00:00;0.10020161500000001
2025-12-24 13:00:00;0.096095251
2025-12-24 14:00:00;0.09378393900000001
2025-12-24 15:00:00;0.092680944
2025-12-24 16:00:00;0.09290896700000001
2025-12-24 17:00:00;0.096991344
2025-12-24 18:00:00;0.106096331
2025-12-24 19:00:00;0.121957786
2025-12-24 20:00:00;0.12905308
2025-12-24 21:00:00;0.129680565
2025-12-24 22:00:00;0.135524258
2025-12-24 23:00:00;0.165029869
2025-12-25 00:00:00;0.147562472
2025-12-25 01:00:00;0.13463693000000002
2025-12-25 02:00:00;0.13717318599999997
2025-12-25 03:00:00;0.134568339
2025-12-25 04:00:00;0.127949029
2025-12-25 05:00:00;0.125882677
2025-12-25 06:00:00;0.135007659
2025-12-25 07:00:00;0.142943127
2025-12-25 08:00:00;0.142734521
2025-12-25 09:00:00;0.13937201999999999
2025-12-25 10:00:00;0.141978515
2025-12-25 11:00:00;0.13569189499999998
2025-12-25 12:00:00;0.127496524
2025-12-25 13:00:00;0.125055438
2025-12-25 14:00:00;0.134494273
2025-12-25 15:00:00;0.111563845
2025-12-25 16:00:00;0.084897571
2025-12-25 17:00:00;0.08125002499999999
2025-12-25 18:00:00;0.069943793
2025-12-25 19:00:00;0.062326345000000005
2025-12-25 20:00:00;0.058829941
2025-12-25 21:00:00;0.084722484
2025-12-25 22:00:00;0.089357061
2025-12-25 23:00:00;0.085924852
2025-12-26 00:00:00;0.09442967799999999
2025-12-26 01:00:00;0.08343895700000001
2025-12-26 02:00:00;0.09282505299999999
2025-12-26 03:00:00;0.095824741
2025-12-26 04:00:00;0.095994305
2025-12-26 05:00:00;0.096930549
2025-12-26 06:00:00;0.100949919
2025-12-26 07:00:00;0.111121671
2025-12-26 08:00:00;0.117693065
2025-12-26 09:00:00;0.111933581
2025-12-26 10:00:00;0.07446266900000001
2025-12-26 11:00:00;0.056772664
2025-12-26 12:00:00;0.056889927
2025-12-26 13:00:00;0.096967112
2025-12-26 14:00:00;0.110895512
2025-12-26 15:00:00;0.13555752000000001
2025-12-26 16:00:00;0.139167136
2025-12-26 17:00:00;0.12889990299999998
2025-12-26 18:00:00;0.114056155
2025-12-26 19:00:00;0.11003224
2025-12-26 20:00:00;0.11485580799999999
2025-12-26 21:00:00;0.103049588
2025-12-26 22:00:00;0.08574368
2025-12-26 23:00:00;0.092574221
2025-12-27 00:00:00;0.083843288
2025-12-27 01:00:00;0.056161294
2025-12-27 02:00:00;0.036116874
2025-12-27 03:00:00;0.031629833999999996
2025-12-27 04:00:00;0.02850548
2025-12-27 05:00:00;0.023082630000000003
2025-12-27 06:00:00;0.02311005
2025-12-27 07:00:00;0.023607104
2025-12-27 08:00:00;0.023830134
2025-12-27 09:00:00;0.024224189
2025-12-27 10:00:00;0.025262507
2025-12-27 11:00:00;0.025184397
2025-12-27 12:00:00;0.025903579
2025-12-27 13:00:00;0.034635036
2025-12-27 14:00:00;0.033293971
2025-12-27 15:00:00;0.035867275
2025-12-27 16:00:00;0.04442847
2025-12-27 17:00:00;0.06082857
2025-12-27 18:00:00;0.064899911
2025-12-27 19:00:00;0.085191371
2025-12-27 20:00:00;0.054775495
2025-12-27 21:00:00;0.047355826999999996
2025-12-27 22:00:00;0.044821533000000004
2025-12-27 23:00:00;0.043656325
2025-12-28 00:00:00;0.049378003999999996
2025-12-28 01:00:00;0.051987043
2025-12-28 02:00:00;0.04624867
2025-12-28 03:00:00;0.09233443599999999
2025-12-28 04:00:00;0.102879582
2025-12-28 05:00:00;0.109726346
2025-12-28 06:00:00;0.111532909
2025-12-28 07:00:00;0.11696393399999999
2025-12-28 08:00:00;0.130850067
2025-12-28 09:00:00;0.10384801299999999
2025-12-28 10:00:00;0.062001634
2025-12-28 11:00:00;0.033499937
2025-12-28 12:00:00;0.040564093
2025-12-28 13:00:00;0.028593551999999998
2025-12-28 14:00:00;0.031345793000000004
2025-12-28 15:00:00;0.030198785000000002
2025-12-28 16:00:00;0.026898754
2025-12-28 17:00:00;0.025058444000000003
2025-12-28 18:00:00;0.025381895
2025-12-28 19:00:00;0.026976378
2025-12-28 20:00:00;0.027613868
2025-12-28 21:00:00;0.029661162999999997
2025-12-28 22:00:00;0.030913039
2025-12-28 23:00:00;0.036460653999999995
2025-12-29 00:00:00;0.031260929
2025-12-29 01:00:00;0.029975314
2025-12-29 02:00:00;0.039886443
2025-12-29 03:00:00;0.037413093
2025-12-29 04:00:00;0.034360349
2025-12-29 05:00:00;0.033151905
2025-12-29 06:00:00;0.034518256000000004
2025-12-29 07:00:00;0.034428414
2025-12-29 08:00:00;0.033051949
2025-12-29 09:00:00;0.033373438
2025-12-29 10:00:00;0.033872968999999996
2025-12-29 11:00:00;0.030484151
2025-12-29 12:00:00;0.034325682
2025-12-29 13:00:00;0.043450322
2025-12-29 14:00:00;0.044153531
2025-12-29 15:00:00;0.045798145
2025-12-29 16:00:00;0.039282362999999994
2025-12-29 17:00:00;0.040780993
2025-12-29 18:00:00;0.043727417000000005
2025-12-29 19:00:00;0.03819876
2025-12-29 20:00:00;0.039147805
2025-12-29 21:00:00;0.034959265
2025-12-29 22:00:00;0.033787582000000004
2025-12-29 23:00:00;0.032600962000000004
2025-12-30 00:00:00;0.032863618000000004
2025-12-30 01:00:00;0.033086802
2025-12-30 02:00:00;0.033820146
2025-12-30 03:00:00;0.06140541
2025-12-30 04:00:00;0.066471463
2025-12-30 05:00:00;0.03872253
2025-12-30 06:00:00;0.033567928000000004
2025-12-30 07:00:00;0.032898256
2025-12-30 08:00:00;0.03845596
2025-12-30 09:00:00;0.036726108
2025-12-30 10:00:00;0.035251299
2025-12-30 11:00:00;0.044750686000000005
2025-12-30 12:00:00;0.048100053000000004
2025-12-30 13:00:00;0.037671116
2025-12-30 14:00:00;0.06414830499999999
2025-12-30 15:00:00;0.082593599
2025-12-30 16:00:00;0.082859899
2025-12-30 17:00:00;0.050308833
2025-12-30 18:00:00;0.057314647999999996
2025-12-30 19:00:00;0.046644955
2025-12-30 20:00:00;0.045902596000000004
2025-12-30 21:00:00;0.03809968
2025-12-30 22:00:00;0.034972
2025-12-30 23:00:00;0.0357838
2025-12-31 00:00:00;0.034014338000000005
2025-12-31 01:00:00;0.033151071000000004
2025-12-31 02:00:00;0.034342373
2025-12-31 03:00:00;0.059196262
2025-12-31 04:00:00;0.071378437
2025-12-31 05:00:00;0.078287126
2025-12-31 06:00:00;0.07881352900000001
2025-12-31 07:00:00;0.08311539000000001
2025-12-31 08:00:00;0.089651355
2025-12-31 09:00:00;0.07966298399999999
2025-12-31 10:00:00;0.072580605
2025-12-31 11:00:00;0.09215796600000001
2025-12-31 12:00:00;0.095846074
2025-12-31 13:00:00;0.100906014
2025-12-31 14:00:00;0.12085571
2025-12-31 15:00:00;0.129053267
2025-12-31 16:00:00;0.120070899
2025-12-31 17:00:00;0.123907263
2025-12-31 18:00:00;0.092741378
2025-12-31 19:00:00;0.079269987
2025-12-31 20:00:00;0.06379681699999999
2025-12-31 21:00:00;0.064768215
2025-12-31 22:00:00;0.058193137
2025-12-31 23:00:00;0.051989759999999996
